file_path,label,split
C:\DATN\skin-ai-project\ai\data\processed\skin_type\train\oily\oily_train_00000.jpg,oily,train
C:\DATN\skin-ai-project\ai\data\processed\skin_type\train\oily\oily_train_00001.jpg,oily,train
C:\DATN\skin-ai-project\ai\data\processed\skin_type\train\oily\oily_train_00002.jpg,oily,train
C:\DATN\skin-ai-project\ai\data\processed\skin_type\train\oily\oily_train_00003.jpg,oily,train
C:\DATN\skin-ai-project\ai\data\processed\skin_type\train\normal\normal_train_00004.jpg,normal,train
C:\DATN\skin-ai-project\ai\data\processed\skin_type\train\normal\normal_train_00005.jpg,normal,train
C:\DATN\skin-ai-project\ai\data\processed\skin_type\train\dry\dry_train_00006.jpg,dry,train
C:\DATN\skin-ai-project\ai\data\processed\skin_type\train\normal\normal_train_00007.jpg,normal,train
C:\DATN\skin-ai-project\ai\data\processed\skin_type\train\normal\normal_train_00008.jpg,normal,train
C:\DATN\skin-ai-project\ai\data\processed\skin_type\train\normal\normal_train_00009.jpg,normal,train
C:\DATN\skin-ai-project\ai\data\processed\skin_type\train\normal\normal_train_00010.jpg,normal,train
C:\DATN\skin-ai-project\ai\data\processed\skin_type\train\normal\normal_train_00011.jpg,normal,train
C:\DATN\skin-ai-project\ai\data\processed\skin_type\train\normal\normal_train_00012.jpg,normal,train
C:\DATN\skin-ai-project\ai\data\processed\skin_type\train\normal\normal_train_00013.jpg,normal,train
C:\DATN\skin-ai-project\ai\data\processed\skin_type\train\oily\oily_train_00014.jpg,oily,train
C:\DATN\skin-ai-project\ai\data\processed\skin_type\train\normal\normal_train_00015.jpg,normal,train
C:\DATN\skin-ai-project\ai\data\processed\skin_type\train\normal\normal_train_00016.jpg,normal,train
C:\DATN\skin-ai-project\ai\data\processed\skin_type\train\dry\dry_train_00017.jpg,dry,train
C:\DATN\skin-ai-project\ai\data\processed\skin_type\train\normal\normal_train_00018.jpg,normal,train
C:\DATN\skin-ai-project\ai\data\processed\skin_type\train\normal\normal_train_00019.jpg,normal,train
C:\DATN\skin-ai-project\ai\data\processed\skin_type\train\oily\oily_train_00020.jpg,oily,train
C:\DATN\skin-ai-project\ai\data\processed\skin_type\train\oily\oily_train_00021.jpg,oily,train
C:\DATN\skin-ai-project\ai\data\processed\skin_type\train\normal\normal_train_00022.jpg,normal,train
C:\DATN\skin-ai-project\ai\data\processed\skin_type\train\dry\dry_train_00023.jpg,dry,train
C:\DATN\skin-ai-project\ai\data\processed\skin_type\train\normal\normal_train_00024.jpg,normal,train
C:\DATN\skin-ai-project\ai\data\processed\skin_type\train\normal\normal_train_00025.jpg,normal,train
C:\DATN\skin-ai-project\ai\data\processed\skin_type\train\oily\oily_train_00026.jpg,oily,train
C:\DATN\skin-ai-project\ai\data\processed\skin_type\train\normal\normal_train_00027.jpg,normal,train
C:\DATN\skin-ai-project\ai\data\processed\skin_type\train\normal\normal_train_00028.jpg,normal,train
C:\DATN\skin-ai-project\ai\data\processed\skin_type\train\normal\normal_train_00029.jpg,normal,train
C:\DATN\skin-ai-project\ai\data\processed\skin_type\train\normal\normal_train_00030.jpg,normal,train
C:\DATN\skin-ai-project\ai\data\processed\skin_type\train\normal\normal_train_00031.jpg,normal,train
C:\DATN\skin-ai-project\ai\data\processed\skin_type\train\normal\normal_train_00032.jpg,normal,train
C:\DATN\skin-ai-project\ai\data\processed\skin_type\train\normal\normal_train_00033.jpg,normal,train
C:\DATN\skin-ai-project\ai\data\processed\skin_type\train\normal\normal_train_00034.jpg,normal,train
C:\DATN\skin-ai-project\ai\data\processed\skin_type\train\normal\normal_train_00035.jpg,normal,train
C:\DATN\skin-ai-project\ai\data\processed\skin_type\train\normal\normal_train_00036.jpg,normal,train
C:\DATN\skin-ai-project\ai\data\processed\skin_type\train\normal\normal_train_00037.jpg,normal,train
C:\DATN\skin-ai-project\ai\data\processed\skin_type\train\normal\normal_train_00038.jpg,normal,train
C:\DATN\skin-ai-project\ai\data\processed\skin_type\train\normal\normal_train_00039.jpg,normal,train
C:\DATN\skin-ai-project\ai\data\processed\skin_type\train\oily\oily_train_00040.jpg,oily,train
C:\DATN\skin-ai-project\ai\data\processed\skin_type\train\dry\dry_train_00041.jpg,dry,train
C:\DATN\skin-ai-project\ai\data\processed\skin_type\train\oily\oily_train_00042.jpg,oily,train
C:\DATN\skin-ai-project\ai\data\processed\skin_type\train\dry\dry_train_00043.jpg,dry,train
C:\DATN\skin-ai-project\ai\data\processed\skin_type\train\oily\oily_train_00044.jpg,oily,train
C:\DATN\skin-ai-project\ai\data\processed\skin_type\train\normal\normal_train_00045.jpg,normal,train
C:\DATN\skin-ai-project\ai\data\processed\skin_type\train\normal\normal_train_00046.jpg,normal,train
C:\DATN\skin-ai-project\ai\data\processed\skin_type\train\normal\normal_train_00047.jpg,normal,train
C:\DATN\skin-ai-project\ai\data\processed\skin_type\train\normal\normal_train_00048.jpg,normal,train
C:\DATN\skin-ai-project\ai\data\processed\skin_type\train\oily\oily_train_00049.jpg,oily,train
C:\DATN\skin-ai-project\ai\data\processed\skin_type\train\normal\normal_train_00050.jpg,normal,train
C:\DATN\skin-ai-project\ai\data\processed\skin_type\train\normal\normal_train_00051.jpg,normal,train
C:\DATN\skin-ai-project\ai\data\processed\skin_type\train\normal\normal_train_00052.jpg,normal,train
C:\DATN\skin-ai-project\ai\data\processed\skin_type\train\normal\normal_train_00053.jpg,normal,train
C:\DATN\skin-ai-project\ai\data\processed\skin_type\train\normal\normal_train_00054.jpg,normal,train
C:\DATN\skin-ai-project\ai\data\processed\skin_type\train\dry\dry_train_00055.jpg,dry,train
C:\DATN\skin-ai-project\ai\data\processed\skin_type\train\dry\dry_train_00056.jpg,dry,train
C:\DATN\skin-ai-project\ai\data\processed\skin_type\train\normal\normal_train_00057.jpg,normal,train
C:\DATN\skin-ai-project\ai\data\processed\skin_type\train\normal\normal_train_00058.jpg,normal,train
C:\DATN\skin-ai-project\ai\data\processed\skin_type\train\normal\normal_train_00059.jpg,normal,train
C:\DATN\skin-ai-project\ai\data\processed\skin_type\train\oily\oily_train_00060.jpg,oily,train
C:\DATN\skin-ai-project\ai\data\processed\skin_type\train\normal\normal_train_00061.jpg,normal,train
C:\DATN\skin-ai-project\ai\data\processed\skin_type\train\dry\dry_train_00062.jpg,dry,train
C:\DATN\skin-ai-project\ai\data\processed\skin_type\train\dry\dry_train_00063.jpg,dry,train
C:\DATN\skin-ai-project\ai\data\processed\skin_type\train\dry\dry_train_00064.jpg,dry,train
C:\DATN\skin-ai-project\ai\data\processed\skin_type\train\normal\normal_train_00065.jpg,normal,train
C:\DATN\skin-ai-project\ai\data\processed\skin_type\train\dry\dry_train_00066.jpg,dry,train
C:\DATN\skin-ai-project\ai\data\processed\skin_type\train\oily\oily_train_00067.jpg,oily,train
C:\DATN\skin-ai-project\ai\data\processed\skin_type\train\normal\normal_train_00068.jpg,normal,train
C:\DATN\skin-ai-project\ai\data\processed\skin_type\train\normal\normal_train_00069.jpg,normal,train
C:\DATN\skin-ai-project\ai\data\processed\skin_type\train\normal\normal_train_00070.jpg,normal,train
C:\DATN\skin-ai-project\ai\data\processed\skin_type\train\normal\normal_train_00071.jpg,normal,train
C:\DATN\skin-ai-project\ai\data\processed\skin_type\train\normal\normal_train_00072.jpg,normal,train
C:\DATN\skin-ai-project\ai\data\processed\skin_type\train\normal\normal_train_00073.jpg,normal,train
C:\DATN\skin-ai-project\ai\data\processed\skin_type\train\normal\normal_train_00074.jpg,normal,train
C:\DATN\skin-ai-project\ai\data\processed\skin_type\train\normal\normal_train_00075.jpg,normal,train
C:\DATN\skin-ai-project\ai\data\processed\skin_type\train\normal\normal_train_00076.jpg,normal,train
C:\DATN\skin-ai-project\ai\data\processed\skin_type\train\normal\normal_train_00077.jpg,normal,train
C:\DATN\skin-ai-project\ai\data\processed\skin_type\train\normal\normal_train_00078.jpg,normal,train
C:\DATN\skin-ai-project\ai\data\processed\skin_type\train\oily\oily_train_00079.jpg,oily,train
C:\DATN\skin-ai-project\ai\data\processed\skin_type\train\normal\normal_train_00080.jpg,normal,train
C:\DATN\skin-ai-project\ai\data\processed\skin_type\train\normal\normal_train_00081.jpg,normal,train
C:\DATN\skin-ai-project\ai\data\processed\skin_type\train\normal\normal_train_00082.jpg,normal,train
C:\DATN\skin-ai-project\ai\data\processed\skin_type\train\normal\normal_train_00083.jpg,normal,train
C:\DATN\skin-ai-project\ai\data\processed\skin_type\train\normal\normal_train_00084.jpg,normal,train
C:\DATN\skin-ai-project\ai\data\processed\skin_type\train\normal\normal_train_00085.jpg,normal,train
C:\DATN\skin-ai-project\ai\data\processed\skin_type\train\normal\normal_train_00086.jpg,normal,train
C:\DATN\skin-ai-project\ai\data\processed\skin_type\train\normal\normal_train_00087.jpg,normal,train
C:\DATN\skin-ai-project\ai\data\processed\skin_type\train\normal\normal_train_00088.jpg,normal,train
C:\DATN\skin-ai-project\ai\data\processed\skin_type\train\oily\oily_train_00089.jpg,oily,train
C:\DATN\skin-ai-project\ai\data\processed\skin_type\train\oily\oily_train_00090.jpg,oily,train
C:\DATN\skin-ai-project\ai\data\processed\skin_type\train\oily\oily_train_00091.jpg,oily,train
C:\DATN\skin-ai-project\ai\data\processed\skin_type\train\oily\oily_train_00092.jpg,oily,train
C:\DATN\skin-ai-project\ai\data\processed\skin_type\train\dry\dry_train_00093.jpg,dry,train
C:\DATN\skin-ai-project\ai\data\processed\skin_type\train\normal\normal_train_00094.jpg,normal,train
C:\DATN\skin-ai-project\ai\data\processed\skin_type\train\oily\oily_train_00095.jpg,oily,train
C:\DATN\skin-ai-project\ai\data\processed\skin_type\train\normal\normal_train_00096.jpg,normal,train
C:\DATN\skin-ai-project\ai\data\processed\skin_type\train\normal\normal_train_00097.jpg,normal,train
C:\DATN\skin-ai-project\ai\data\processed\skin_type\train\normal\normal_train_00098.jpg,normal,train
C:\DATN\skin-ai-project\ai\data\processed\skin_type\train\oily\oily_train_00099.jpg,oily,train
C:\DATN\skin-ai-project\ai\data\processed\skin_type\train\normal\normal_train_00100.jpg,normal,train
C:\DATN\skin-ai-project\ai\data\processed\skin_type\train\oily\oily_train_00101.jpg,oily,train
C:\DATN\skin-ai-project\ai\data\processed\skin_type\train\normal\normal_train_00102.jpg,normal,train
C:\DATN\skin-ai-project\ai\data\processed\skin_type\train\normal\normal_train_00103.jpg,normal,train
C:\DATN\skin-ai-project\ai\data\processed\skin_type\train\normal\normal_train_00104.jpg,normal,train
C:\DATN\skin-ai-project\ai\data\processed\skin_type\train\normal\normal_train_00105.jpg,normal,train
C:\DATN\skin-ai-project\ai\data\processed\skin_type\train\normal\normal_train_00106.jpg,normal,train
C:\DATN\skin-ai-project\ai\data\processed\skin_type\train\normal\normal_train_00107.jpg,normal,train
C:\DATN\skin-ai-project\ai\data\processed\skin_type\train\normal\normal_train_00108.jpg,normal,train
C:\DATN\skin-ai-project\ai\data\processed\skin_type\train\normal\normal_train_00109.jpg,normal,train
C:\DATN\skin-ai-project\ai\data\processed\skin_type\train\normal\normal_train_00110.jpg,normal,train
C:\DATN\skin-ai-project\ai\data\processed\skin_type\train\normal\normal_train_00111.jpg,normal,train
C:\DATN\skin-ai-project\ai\data\processed\skin_type\train\normal\normal_train_00112.jpg,normal,train
C:\DATN\skin-ai-project\ai\data\processed\skin_type\train\normal\normal_train_00113.jpg,normal,train
C:\DATN\skin-ai-project\ai\data\processed\skin_type\train\dry\dry_train_00114.jpg,dry,train
C:\DATN\skin-ai-project\ai\data\processed\skin_type\train\normal\normal_train_00115.jpg,normal,train
C:\DATN\skin-ai-project\ai\data\processed\skin_type\train\normal\normal_train_00116.jpg,normal,train
C:\DATN\skin-ai-project\ai\data\processed\skin_type\train\normal\normal_train_00117.jpg,normal,train
C:\DATN\skin-ai-project\ai\data\processed\skin_type\train\normal\normal_train_00118.jpg,normal,train
C:\DATN\skin-ai-project\ai\data\processed\skin_type\train\oily\oily_train_00119.jpg,oily,train
C:\DATN\skin-ai-project\ai\data\processed\skin_type\train\normal\normal_train_00120.jpg,normal,train
C:\DATN\skin-ai-project\ai\data\processed\skin_type\train\dry\dry_train_00121.jpg,dry,train
C:\DATN\skin-ai-project\ai\data\processed\skin_type\train\normal\normal_train_00122.jpg,normal,train
C:\DATN\skin-ai-project\ai\data\processed\skin_type\train\dry\dry_train_00123.jpg,dry,train
C:\DATN\skin-ai-project\ai\data\processed\skin_type\train\normal\normal_train_00124.jpg,normal,train
C:\DATN\skin-ai-project\ai\data\processed\skin_type\train\normal\normal_train_00125.jpg,normal,train
C:\DATN\skin-ai-project\ai\data\processed\skin_type\train\oily\oily_train_00126.jpg,oily,train
C:\DATN\skin-ai-project\ai\data\processed\skin_type\train\dry\dry_train_00127.jpg,dry,train
C:\DATN\skin-ai-project\ai\data\processed\skin_type\train\normal\normal_train_00128.jpg,normal,train
C:\DATN\skin-ai-project\ai\data\processed\skin_type\train\dry\dry_train_00129.jpg,dry,train
C:\DATN\skin-ai-project\ai\data\processed\skin_type\train\normal\normal_train_00130.jpg,normal,train
C:\DATN\skin-ai-project\ai\data\processed\skin_type\train\normal\normal_train_00131.jpg,normal,train
C:\DATN\skin-ai-project\ai\data\processed\skin_type\train\normal\normal_train_00132.jpg,normal,train
C:\DATN\skin-ai-project\ai\data\processed\skin_type\train\oily\oily_train_00133.jpg,oily,train
C:\DATN\skin-ai-project\ai\data\processed\skin_type\train\normal\normal_train_00134.jpg,normal,train
C:\DATN\skin-ai-project\ai\data\processed\skin_type\train\normal\normal_train_00135.jpg,normal,train
C:\DATN\skin-ai-project\ai\data\processed\skin_type\train\normal\normal_train_00136.jpg,normal,train
C:\DATN\skin-ai-project\ai\data\processed\skin_type\train\oily\oily_train_00137.jpg,oily,train
C:\DATN\skin-ai-project\ai\data\processed\skin_type\train\normal\normal_train_00138.jpg,normal,train
C:\DATN\skin-ai-project\ai\data\processed\skin_type\train\dry\dry_train_00139.jpg,dry,train
C:\DATN\skin-ai-project\ai\data\processed\skin_type\train\dry\dry_train_00140.jpg,dry,train
C:\DATN\skin-ai-project\ai\data\processed\skin_type\train\normal\normal_train_00141.jpg,normal,train
C:\DATN\skin-ai-project\ai\data\processed\skin_type\train\normal\normal_train_00142.jpg,normal,train
C:\DATN\skin-ai-project\ai\data\processed\skin_type\train\normal\normal_train_00143.jpg,normal,train
C:\DATN\skin-ai-project\ai\data\processed\skin_type\train\oily\oily_train_00144.jpg,oily,train
C:\DATN\skin-ai-project\ai\data\processed\skin_type\train\dry\dry_train_00145.jpg,dry,train
C:\DATN\skin-ai-project\ai\data\processed\skin_type\train\normal\normal_train_00146.jpg,normal,train
C:\DATN\skin-ai-project\ai\data\processed\skin_type\train\normal\normal_train_00147.jpg,normal,train
C:\DATN\skin-ai-project\ai\data\processed\skin_type\train\normal\normal_train_00148.jpg,normal,train
C:\DATN\skin-ai-project\ai\data\processed\skin_type\train\normal\normal_train_00149.jpg,normal,train
C:\DATN\skin-ai-project\ai\data\processed\skin_type\train\normal\normal_train_00150.jpg,normal,train
C:\DATN\skin-ai-project\ai\data\processed\skin_type\train\dry\dry_train_00151.jpg,dry,train
C:\DATN\skin-ai-project\ai\data\processed\skin_type\train\normal\normal_train_00152.jpg,normal,train
C:\DATN\skin-ai-project\ai\data\processed\skin_type\train\normal\normal_train_00153.jpg,normal,train
C:\DATN\skin-ai-project\ai\data\processed\skin_type\train\normal\normal_train_00154.jpg,normal,train
C:\DATN\skin-ai-project\ai\data\processed\skin_type\train\dry\dry_train_00155.jpg,dry,train
C:\DATN\skin-ai-project\ai\data\processed\skin_type\train\normal\normal_train_00156.jpg,normal,train
C:\DATN\skin-ai-project\ai\data\processed\skin_type\train\normal\normal_train_00157.jpg,normal,train
C:\DATN\skin-ai-project\ai\data\processed\skin_type\train\normal\normal_train_00158.jpg,normal,train
C:\DATN\skin-ai-project\ai\data\processed\skin_type\train\oily\oily_train_00159.jpg,oily,train
C:\DATN\skin-ai-project\ai\data\processed\skin_type\train\normal\normal_train_00160.jpg,normal,train
C:\DATN\skin-ai-project\ai\data\processed\skin_type\train\normal\normal_train_00161.jpg,normal,train
C:\DATN\skin-ai-project\ai\data\processed\skin_type\train\normal\normal_train_00162.jpg,normal,train
C:\DATN\skin-ai-project\ai\data\processed\skin_type\train\normal\normal_train_00163.jpg,normal,train
C:\DATN\skin-ai-project\ai\data\processed\skin_type\train\dry\dry_train_00164.jpg,dry,train
C:\DATN\skin-ai-project\ai\data\processed\skin_type\train\normal\normal_train_00165.jpg,normal,train
C:\DATN\skin-ai-project\ai\data\processed\skin_type\train\normal\normal_train_00166.jpg,normal,train
C:\DATN\skin-ai-project\ai\data\processed\skin_type\train\normal\normal_train_00167.jpg,normal,train
C:\DATN\skin-ai-project\ai\data\processed\skin_type\train\normal\normal_train_00168.jpg,normal,train
C:\DATN\skin-ai-project\ai\data\processed\skin_type\train\normal\normal_train_00169.jpg,normal,train
C:\DATN\skin-ai-project\ai\data\processed\skin_type\train\normal\normal_train_00170.jpg,normal,train
C:\DATN\skin-ai-project\ai\data\processed\skin_type\train\normal\normal_train_00171.jpg,normal,train
C:\DATN\skin-ai-project\ai\data\processed\skin_type\train\oily\oily_train_00172.jpg,oily,train
C:\DATN\skin-ai-project\ai\data\processed\skin_type\train\normal\normal_train_00173.jpg,normal,train
C:\DATN\skin-ai-project\ai\data\processed\skin_type\train\normal\normal_train_00174.jpg,normal,train
C:\DATN\skin-ai-project\ai\data\processed\skin_type\train\normal\normal_train_00175.jpg,normal,train
C:\DATN\skin-ai-project\ai\data\processed\skin_type\train\normal\normal_train_00176.jpg,normal,train
C:\DATN\skin-ai-project\ai\data\processed\skin_type\train\dry\dry_train_00177.jpg,dry,train
C:\DATN\skin-ai-project\ai\data\processed\skin_type\train\normal\normal_train_00178.jpg,normal,train
C:\DATN\skin-ai-project\ai\data\processed\skin_type\train\normal\normal_train_00179.jpg,normal,train
C:\DATN\skin-ai-project\ai\data\processed\skin_type\train\oily\oily_train_00180.jpg,oily,train
C:\DATN\skin-ai-project\ai\data\processed\skin_type\train\normal\normal_train_00181.jpg,normal,train
C:\DATN\skin-ai-project\ai\data\processed\skin_type\train\normal\normal_train_00182.jpg,normal,train
C:\DATN\skin-ai-project\ai\data\processed\skin_type\train\oily\oily_train_00183.jpg,oily,train
C:\DATN\skin-ai-project\ai\data\processed\skin_type\train\normal\normal_train_00184.jpg,normal,train
C:\DATN\skin-ai-project\ai\data\processed\skin_type\train\normal\normal_train_00185.jpg,normal,train
C:\DATN\skin-ai-project\ai\data\processed\skin_type\train\normal\normal_train_00186.jpg,normal,train
C:\DATN\skin-ai-project\ai\data\processed\skin_type\train\normal\normal_train_00187.jpg,normal,train
C:\DATN\skin-ai-project\ai\data\processed\skin_type\train\dry\dry_train_00188.jpg,dry,train
C:\DATN\skin-ai-project\ai\data\processed\skin_type\train\oily\oily_train_00189.jpg,oily,train
C:\DATN\skin-ai-project\ai\data\processed\skin_type\train\oily\oily_train_00190.jpg,oily,train
C:\DATN\skin-ai-project\ai\data\processed\skin_type\train\dry\dry_train_00191.jpg,dry,train
C:\DATN\skin-ai-project\ai\data\processed\skin_type\train\normal\normal_train_00192.jpg,normal,train
C:\DATN\skin-ai-project\ai\data\processed\skin_type\train\dry\dry_train_00193.jpg,dry,train
C:\DATN\skin-ai-project\ai\data\processed\skin_type\train\normal\normal_train_00194.jpg,normal,train
C:\DATN\skin-ai-project\ai\data\processed\skin_type\train\normal\normal_train_00195.jpg,normal,train
C:\DATN\skin-ai-project\ai\data\processed\skin_type\train\normal\normal_train_00196.jpg,normal,train
C:\DATN\skin-ai-project\ai\data\processed\skin_type\train\normal\normal_train_00197.jpg,normal,train
C:\DATN\skin-ai-project\ai\data\processed\skin_type\train\oily\oily_train_00198.jpg,oily,train
C:\DATN\skin-ai-project\ai\data\processed\skin_type\train\dry\dry_train_00199.jpg,dry,train
C:\DATN\skin-ai-project\ai\data\processed\skin_type\train\normal\normal_train_00200.jpg,normal,train
C:\DATN\skin-ai-project\ai\data\processed\skin_type\train\normal\normal_train_00201.jpg,normal,train
C:\DATN\skin-ai-project\ai\data\processed\skin_type\train\oily\oily_train_00202.jpg,oily,train
C:\DATN\skin-ai-project\ai\data\processed\skin_type\train\oily\oily_train_00203.jpg,oily,train
C:\DATN\skin-ai-project\ai\data\processed\skin_type\train\normal\normal_train_00204.jpg,normal,train
C:\DATN\skin-ai-project\ai\data\processed\skin_type\train\normal\normal_train_00205.jpg,normal,train
C:\DATN\skin-ai-project\ai\data\processed\skin_type\train\dry\dry_train_00206.jpg,dry,train
C:\DATN\skin-ai-project\ai\data\processed\skin_type\train\normal\normal_train_00207.jpg,normal,train
C:\DATN\skin-ai-project\ai\data\processed\skin_type\train\normal\normal_train_00208.jpg,normal,train
C:\DATN\skin-ai-project\ai\data\processed\skin_type\train\normal\normal_train_00209.jpg,normal,train
C:\DATN\skin-ai-project\ai\data\processed\skin_type\train\normal\normal_train_00210.jpg,normal,train
C:\DATN\skin-ai-project\ai\data\processed\skin_type\train\dry\dry_train_00211.jpg,dry,train
C:\DATN\skin-ai-project\ai\data\processed\skin_type\train\normal\normal_train_00212.jpg,normal,train
C:\DATN\skin-ai-project\ai\data\processed\skin_type\train\normal\normal_train_00213.jpg,normal,train
C:\DATN\skin-ai-project\ai\data\processed\skin_type\train\oily\oily_train_00214.jpg,oily,train
C:\DATN\skin-ai-project\ai\data\processed\skin_type\train\normal\normal_train_00215.jpg,normal,train
C:\DATN\skin-ai-project\ai\data\processed\skin_type\train\normal\normal_train_00216.jpg,normal,train
C:\DATN\skin-ai-project\ai\data\processed\skin_type\train\normal\normal_train_00217.jpg,normal,train
C:\DATN\skin-ai-project\ai\data\processed\skin_type\train\normal\normal_train_00218.jpg,normal,train
C:\DATN\skin-ai-project\ai\data\processed\skin_type\train\oily\oily_train_00219.jpg,oily,train
C:\DATN\skin-ai-project\ai\data\processed\skin_type\train\normal\normal_train_00220.jpg,normal,train
C:\DATN\skin-ai-project\ai\data\processed\skin_type\train\normal\normal_train_00221.jpg,normal,train
C:\DATN\skin-ai-project\ai\data\processed\skin_type\train\oily\oily_train_00222.jpg,oily,train
C:\DATN\skin-ai-project\ai\data\processed\skin_type\train\normal\normal_train_00223.jpg,normal,train
C:\DATN\skin-ai-project\ai\data\processed\skin_type\train\normal\normal_train_00224.jpg,normal,train
C:\DATN\skin-ai-project\ai\data\processed\skin_type\train\normal\normal_train_00225.jpg,normal,train
C:\DATN\skin-ai-project\ai\data\processed\skin_type\train\normal\normal_train_00226.jpg,normal,train
C:\DATN\skin-ai-project\ai\data\processed\skin_type\train\normal\normal_train_00227.jpg,normal,train
C:\DATN\skin-ai-project\ai\data\processed\skin_type\train\normal\normal_train_00228.jpg,normal,train
C:\DATN\skin-ai-project\ai\data\processed\skin_type\train\oily\oily_train_00229.jpg,oily,train
C:\DATN\skin-ai-project\ai\data\processed\skin_type\train\normal\normal_train_00230.jpg,normal,train
C:\DATN\skin-ai-project\ai\data\processed\skin_type\train\oily\oily_train_00231.jpg,oily,train
C:\DATN\skin-ai-project\ai\data\processed\skin_type\train\normal\normal_train_00232.jpg,normal,train
C:\DATN\skin-ai-project\ai\data\processed\skin_type\train\oily\oily_train_00233.jpg,oily,train
C:\DATN\skin-ai-project\ai\data\processed\skin_type\train\oily\oily_train_00234.jpg,oily,train
C:\DATN\skin-ai-project\ai\data\processed\skin_type\train\normal\normal_train_00235.jpg,normal,train
C:\DATN\skin-ai-project\ai\data\processed\skin_type\train\dry\dry_train_00236.jpg,dry,train
C:\DATN\skin-ai-project\ai\data\processed\skin_type\train\normal\normal_train_00237.jpg,normal,train
C:\DATN\skin-ai-project\ai\data\processed\skin_type\train\oily\oily_train_00238.jpg,oily,train
C:\DATN\skin-ai-project\ai\data\processed\skin_type\train\oily\oily_train_00239.jpg,oily,train
C:\DATN\skin-ai-project\ai\data\processed\skin_type\train\normal\normal_train_00240.jpg,normal,train
C:\DATN\skin-ai-project\ai\data\processed\skin_type\train\oily\oily_train_00241.jpg,oily,train
C:\DATN\skin-ai-project\ai\data\processed\skin_type\train\normal\normal_train_00242.jpg,normal,train
C:\DATN\skin-ai-project\ai\data\processed\skin_type\train\normal\normal_train_00243.jpg,normal,train
C:\DATN\skin-ai-project\ai\data\processed\skin_type\train\dry\dry_train_00244.jpg,dry,train
C:\DATN\skin-ai-project\ai\data\processed\skin_type\train\normal\normal_train_00245.jpg,normal,train
C:\DATN\skin-ai-project\ai\data\processed\skin_type\train\oily\oily_train_00246.jpg,oily,train
C:\DATN\skin-ai-project\ai\data\processed\skin_type\train\normal\normal_train_00247.jpg,normal,train
C:\DATN\skin-ai-project\ai\data\processed\skin_type\train\normal\normal_train_00248.jpg,normal,train
C:\DATN\skin-ai-project\ai\data\processed\skin_type\train\oily\oily_train_00249.jpg,oily,train
C:\DATN\skin-ai-project\ai\data\processed\skin_type\train\normal\normal_train_00250.jpg,normal,train
C:\DATN\skin-ai-project\ai\data\processed\skin_type\train\oily\oily_train_00251.jpg,oily,train
C:\DATN\skin-ai-project\ai\data\processed\skin_type\train\dry\dry_train_00252.jpg,dry,train
C:\DATN\skin-ai-project\ai\data\processed\skin_type\train\normal\normal_train_00253.jpg,normal,train
C:\DATN\skin-ai-project\ai\data\processed\skin_type\train\normal\normal_train_00254.jpg,normal,train
C:\DATN\skin-ai-project\ai\data\processed\skin_type\train\oily\oily_train_00255.jpg,oily,train
C:\DATN\skin-ai-project\ai\data\processed\skin_type\train\normal\normal_train_00256.jpg,normal,train
C:\DATN\skin-ai-project\ai\data\processed\skin_type\train\normal\normal_train_00257.jpg,normal,train
C:\DATN\skin-ai-project\ai\data\processed\skin_type\train\dry\dry_train_00258.jpg,dry,train
C:\DATN\skin-ai-project\ai\data\processed\skin_type\train\normal\normal_train_00259.jpg,normal,train
C:\DATN\skin-ai-project\ai\data\processed\skin_type\train\normal\normal_train_00260.jpg,normal,train
C:\DATN\skin-ai-project\ai\data\processed\skin_type\train\normal\normal_train_00261.jpg,normal,train
C:\DATN\skin-ai-project\ai\data\processed\skin_type\train\oily\oily_train_00262.jpg,oily,train
C:\DATN\skin-ai-project\ai\data\processed\skin_type\train\oily\oily_train_00263.jpg,oily,train
C:\DATN\skin-ai-project\ai\data\processed\skin_type\train\normal\normal_train_00264.jpg,normal,train
C:\DATN\skin-ai-project\ai\data\processed\skin_type\train\normal\normal_train_00265.jpg,normal,train
C:\DATN\skin-ai-project\ai\data\processed\skin_type\train\normal\normal_train_00266.jpg,normal,train
C:\DATN\skin-ai-project\ai\data\processed\skin_type\train\normal\normal_train_00267.jpg,normal,train
C:\DATN\skin-ai-project\ai\data\processed\skin_type\train\normal\normal_train_00268.jpg,normal,train
C:\DATN\skin-ai-project\ai\data\processed\skin_type\train\dry\dry_train_00269.jpg,dry,train
C:\DATN\skin-ai-project\ai\data\processed\skin_type\train\dry\dry_train_00270.jpg,dry,train
C:\DATN\skin-ai-project\ai\data\processed\skin_type\train\normal\normal_train_00271.jpg,normal,train
C:\DATN\skin-ai-project\ai\data\processed\skin_type\train\normal\normal_train_00272.jpg,normal,train
C:\DATN\skin-ai-project\ai\data\processed\skin_type\train\dry\dry_train_00273.jpg,dry,train
C:\DATN\skin-ai-project\ai\data\processed\skin_type\train\normal\normal_train_00274.jpg,normal,train
C:\DATN\skin-ai-project\ai\data\processed\skin_type\train\normal\normal_train_00275.jpg,normal,train
C:\DATN\skin-ai-project\ai\data\processed\skin_type\train\normal\normal_train_00276.jpg,normal,train
C:\DATN\skin-ai-project\ai\data\processed\skin_type\train\oily\oily_train_00277.jpg,oily,train
C:\DATN\skin-ai-project\ai\data\processed\skin_type\train\normal\normal_train_00278.jpg,normal,train
C:\DATN\skin-ai-project\ai\data\processed\skin_type\train\normal\normal_train_00279.jpg,normal,train
C:\DATN\skin-ai-project\ai\data\processed\skin_type\train\normal\normal_train_00280.jpg,normal,train
C:\DATN\skin-ai-project\ai\data\processed\skin_type\train\normal\normal_train_00281.jpg,normal,train
C:\DATN\skin-ai-project\ai\data\processed\skin_type\train\normal\normal_train_00282.jpg,normal,train
C:\DATN\skin-ai-project\ai\data\processed\skin_type\train\normal\normal_train_00283.jpg,normal,train
C:\DATN\skin-ai-project\ai\data\processed\skin_type\train\normal\normal_train_00284.jpg,normal,train
C:\DATN\skin-ai-project\ai\data\processed\skin_type\train\normal\normal_train_00285.jpg,normal,train
C:\DATN\skin-ai-project\ai\data\processed\skin_type\train\normal\normal_train_00286.jpg,normal,train
C:\DATN\skin-ai-project\ai\data\processed\skin_type\train\dry\dry_train_00287.jpg,dry,train
C:\DATN\skin-ai-project\ai\data\processed\skin_type\train\oily\oily_train_00288.jpg,oily,train
C:\DATN\skin-ai-project\ai\data\processed\skin_type\train\normal\normal_train_00289.jpg,normal,train
C:\DATN\skin-ai-project\ai\data\processed\skin_type\train\normal\normal_train_00290.jpg,normal,train
C:\DATN\skin-ai-project\ai\data\processed\skin_type\train\oily\oily_train_00291.jpg,oily,train
C:\DATN\skin-ai-project\ai\data\processed\skin_type\train\oily\oily_train_00292.jpg,oily,train
C:\DATN\skin-ai-project\ai\data\processed\skin_type\train\normal\normal_train_00293.jpg,normal,train
C:\DATN\skin-ai-project\ai\data\processed\skin_type\train\oily\oily_train_00294.jpg,oily,train
C:\DATN\skin-ai-project\ai\data\processed\skin_type\train\normal\normal_train_00295.jpg,normal,train
C:\DATN\skin-ai-project\ai\data\processed\skin_type\train\normal\normal_train_00296.jpg,normal,train
C:\DATN\skin-ai-project\ai\data\processed\skin_type\train\normal\normal_train_00297.jpg,normal,train
C:\DATN\skin-ai-project\ai\data\processed\skin_type\train\normal\normal_train_00298.jpg,normal,train
C:\DATN\skin-ai-project\ai\data\processed\skin_type\train\oily\oily_train_00299.jpg,oily,train
C:\DATN\skin-ai-project\ai\data\processed\skin_type\train\normal\normal_train_00300.jpg,normal,train
C:\DATN\skin-ai-project\ai\data\processed\skin_type\train\normal\normal_train_00301.jpg,normal,train
C:\DATN\skin-ai-project\ai\data\processed\skin_type\train\normal\normal_train_00302.jpg,normal,train
C:\DATN\skin-ai-project\ai\data\processed\skin_type\train\oily\oily_train_00303.jpg,oily,train
C:\DATN\skin-ai-project\ai\data\processed\skin_type\train\normal\normal_train_00304.jpg,normal,train
C:\DATN\skin-ai-project\ai\data\processed\skin_type\train\oily\oily_train_00305.jpg,oily,train
C:\DATN\skin-ai-project\ai\data\processed\skin_type\train\oily\oily_train_00306.jpg,oily,train
C:\DATN\skin-ai-project\ai\data\processed\skin_type\train\normal\normal_train_00307.jpg,normal,train
C:\DATN\skin-ai-project\ai\data\processed\skin_type\train\oily\oily_train_00308.jpg,oily,train
C:\DATN\skin-ai-project\ai\data\processed\skin_type\train\normal\normal_train_00309.jpg,normal,train
C:\DATN\skin-ai-project\ai\data\processed\skin_type\train\normal\normal_train_00310.jpg,normal,train
C:\DATN\skin-ai-project\ai\data\processed\skin_type\train\normal\normal_train_00311.jpg,normal,train
C:\DATN\skin-ai-project\ai\data\processed\skin_type\train\oily\oily_train_00312.jpg,oily,train
C:\DATN\skin-ai-project\ai\data\processed\skin_type\train\oily\oily_train_00313.jpg,oily,train
C:\DATN\skin-ai-project\ai\data\processed\skin_type\train\normal\normal_train_00314.jpg,normal,train
C:\DATN\skin-ai-project\ai\data\processed\skin_type\train\normal\normal_train_00315.jpg,normal,train
C:\DATN\skin-ai-project\ai\data\processed\skin_type\train\normal\normal_train_00316.jpg,normal,train
C:\DATN\skin-ai-project\ai\data\processed\skin_type\train\normal\normal_train_00317.jpg,normal,train
C:\DATN\skin-ai-project\ai\data\processed\skin_type\train\oily\oily_train_00318.jpg,oily,train
C:\DATN\skin-ai-project\ai\data\processed\skin_type\train\normal\normal_train_00319.jpg,normal,train
C:\DATN\skin-ai-project\ai\data\processed\skin_type\train\oily\oily_train_00320.jpg,oily,train
C:\DATN\skin-ai-project\ai\data\processed\skin_type\train\normal\normal_train_00321.jpg,normal,train
C:\DATN\skin-ai-project\ai\data\processed\skin_type\train\dry\dry_train_00322.jpg,dry,train
C:\DATN\skin-ai-project\ai\data\processed\skin_type\train\normal\normal_train_00323.jpg,normal,train
C:\DATN\skin-ai-project\ai\data\processed\skin_type\train\normal\normal_train_00324.jpg,normal,train
C:\DATN\skin-ai-project\ai\data\processed\skin_type\train\oily\oily_train_00325.jpg,oily,train
C:\DATN\skin-ai-project\ai\data\processed\skin_type\train\oily\oily_train_00326.jpg,oily,train
C:\DATN\skin-ai-project\ai\data\processed\skin_type\train\normal\normal_train_00327.jpg,normal,train
C:\DATN\skin-ai-project\ai\data\processed\skin_type\train\normal\normal_train_00328.jpg,normal,train
C:\DATN\skin-ai-project\ai\data\processed\skin_type\train\normal\normal_train_00329.jpg,normal,train
C:\DATN\skin-ai-project\ai\data\processed\skin_type\train\normal\normal_train_00330.jpg,normal,train
C:\DATN\skin-ai-project\ai\data\processed\skin_type\train\normal\normal_train_00331.jpg,normal,train
C:\DATN\skin-ai-project\ai\data\processed\skin_type\train\oily\oily_train_00332.jpg,oily,train
C:\DATN\skin-ai-project\ai\data\processed\skin_type\train\dry\dry_train_00333.jpg,dry,train
C:\DATN\skin-ai-project\ai\data\processed\skin_type\train\oily\oily_train_00334.jpg,oily,train
C:\DATN\skin-ai-project\ai\data\processed\skin_type\train\normal\normal_train_00335.jpg,normal,train
C:\DATN\skin-ai-project\ai\data\processed\skin_type\train\normal\normal_train_00336.jpg,normal,train
C:\DATN\skin-ai-project\ai\data\processed\skin_type\train\oily\oily_train_00337.jpg,oily,train
C:\DATN\skin-ai-project\ai\data\processed\skin_type\train\normal\normal_train_00338.jpg,normal,train
C:\DATN\skin-ai-project\ai\data\processed\skin_type\train\normal\normal_train_00339.jpg,normal,train
C:\DATN\skin-ai-project\ai\data\processed\skin_type\train\dry\dry_train_00340.jpg,dry,train
C:\DATN\skin-ai-project\ai\data\processed\skin_type\train\normal\normal_train_00341.jpg,normal,train
C:\DATN\skin-ai-project\ai\data\processed\skin_type\train\dry\dry_train_00342.jpg,dry,train
C:\DATN\skin-ai-project\ai\data\processed\skin_type\train\normal\normal_train_00343.jpg,normal,train
C:\DATN\skin-ai-project\ai\data\processed\skin_type\train\oily\oily_train_00344.jpg,oily,train
C:\DATN\skin-ai-project\ai\data\processed\skin_type\train\normal\normal_train_00345.jpg,normal,train
C:\DATN\skin-ai-project\ai\data\processed\skin_type\train\dry\dry_train_00346.jpg,dry,train
C:\DATN\skin-ai-project\ai\data\processed\skin_type\train\normal\normal_train_00347.jpg,normal,train
C:\DATN\skin-ai-project\ai\data\processed\skin_type\train\oily\oily_train_00348.jpg,oily,train
C:\DATN\skin-ai-project\ai\data\processed\skin_type\train\normal\normal_train_00349.jpg,normal,train
C:\DATN\skin-ai-project\ai\data\processed\skin_type\train\normal\normal_train_00350.jpg,normal,train
C:\DATN\skin-ai-project\ai\data\processed\skin_type\train\normal\normal_train_00351.jpg,normal,train
C:\DATN\skin-ai-project\ai\data\processed\skin_type\train\normal\normal_train_00352.jpg,normal,train
C:\DATN\skin-ai-project\ai\data\processed\skin_type\train\normal\normal_train_00353.jpg,normal,train
C:\DATN\skin-ai-project\ai\data\processed\skin_type\train\oily\oily_train_00354.jpg,oily,train
C:\DATN\skin-ai-project\ai\data\processed\skin_type\train\normal\normal_train_00355.jpg,normal,train
C:\DATN\skin-ai-project\ai\data\processed\skin_type\train\oily\oily_train_00356.jpg,oily,train
C:\DATN\skin-ai-project\ai\data\processed\skin_type\train\oily\oily_train_00357.jpg,oily,train
C:\DATN\skin-ai-project\ai\data\processed\skin_type\train\normal\normal_train_00358.jpg,normal,train
C:\DATN\skin-ai-project\ai\data\processed\skin_type\train\normal\normal_train_00359.jpg,normal,train
C:\DATN\skin-ai-project\ai\data\processed\skin_type\train\dry\dry_train_00360.jpg,dry,train
C:\DATN\skin-ai-project\ai\data\processed\skin_type\train\normal\normal_train_00361.jpg,normal,train
C:\DATN\skin-ai-project\ai\data\processed\skin_type\train\oily\oily_train_00362.jpg,oily,train
C:\DATN\skin-ai-project\ai\data\processed\skin_type\train\normal\normal_train_00363.jpg,normal,train
C:\DATN\skin-ai-project\ai\data\processed\skin_type\train\normal\normal_train_00364.jpg,normal,train
C:\DATN\skin-ai-project\ai\data\processed\skin_type\train\dry\dry_train_00365.jpg,dry,train
C:\DATN\skin-ai-project\ai\data\processed\skin_type\train\normal\normal_train_00366.jpg,normal,train
C:\DATN\skin-ai-project\ai\data\processed\skin_type\train\normal\normal_train_00367.jpg,normal,train
C:\DATN\skin-ai-project\ai\data\processed\skin_type\train\normal\normal_train_00368.jpg,normal,train
C:\DATN\skin-ai-project\ai\data\processed\skin_type\train\normal\normal_train_00369.jpg,normal,train
C:\DATN\skin-ai-project\ai\data\processed\skin_type\train\normal\normal_train_00370.jpg,normal,train
C:\DATN\skin-ai-project\ai\data\processed\skin_type\train\normal\normal_train_00371.jpg,normal,train
C:\DATN\skin-ai-project\ai\data\processed\skin_type\train\normal\normal_train_00372.jpg,normal,train
C:\DATN\skin-ai-project\ai\data\processed\skin_type\train\oily\oily_train_00373.jpg,oily,train
C:\DATN\skin-ai-project\ai\data\processed\skin_type\train\normal\normal_train_00374.jpg,normal,train
C:\DATN\skin-ai-project\ai\data\processed\skin_type\train\normal\normal_train_00375.jpg,normal,train
C:\DATN\skin-ai-project\ai\data\processed\skin_type\train\oily\oily_train_00376.jpg,oily,train
C:\DATN\skin-ai-project\ai\data\processed\skin_type\train\normal\normal_train_00377.jpg,normal,train
C:\DATN\skin-ai-project\ai\data\processed\skin_type\train\dry\dry_train_00378.jpg,dry,train
C:\DATN\skin-ai-project\ai\data\processed\skin_type\train\normal\normal_train_00379.jpg,normal,train
C:\DATN\skin-ai-project\ai\data\processed\skin_type\train\dry\dry_train_00380.jpg,dry,train
C:\DATN\skin-ai-project\ai\data\processed\skin_type\train\normal\normal_train_00381.jpg,normal,train
C:\DATN\skin-ai-project\ai\data\processed\skin_type\train\dry\dry_train_00382.jpg,dry,train
C:\DATN\skin-ai-project\ai\data\processed\skin_type\train\normal\normal_train_00383.jpg,normal,train
C:\DATN\skin-ai-project\ai\data\processed\skin_type\train\dry\dry_train_00384.jpg,dry,train
C:\DATN\skin-ai-project\ai\data\processed\skin_type\train\normal\normal_train_00385.jpg,normal,train
C:\DATN\skin-ai-project\ai\data\processed\skin_type\train\oily\oily_train_00386.jpg,oily,train
C:\DATN\skin-ai-project\ai\data\processed\skin_type\train\normal\normal_train_00387.jpg,normal,train
C:\DATN\skin-ai-project\ai\data\processed\skin_type\train\normal\normal_train_00388.jpg,normal,train
C:\DATN\skin-ai-project\ai\data\processed\skin_type\train\normal\normal_train_00389.jpg,normal,train
C:\DATN\skin-ai-project\ai\data\processed\skin_type\train\oily\oily_train_00390.jpg,oily,train
C:\DATN\skin-ai-project\ai\data\processed\skin_type\train\normal\normal_train_00391.jpg,normal,train
C:\DATN\skin-ai-project\ai\data\processed\skin_type\train\normal\normal_train_00392.jpg,normal,train
C:\DATN\skin-ai-project\ai\data\processed\skin_type\train\dry\dry_train_00393.jpg,dry,train
C:\DATN\skin-ai-project\ai\data\processed\skin_type\train\normal\normal_train_00394.jpg,normal,train
C:\DATN\skin-ai-project\ai\data\processed\skin_type\train\normal\normal_train_00395.jpg,normal,train
C:\DATN\skin-ai-project\ai\data\processed\skin_type\train\normal\normal_train_00396.jpg,normal,train
C:\DATN\skin-ai-project\ai\data\processed\skin_type\train\dry\dry_train_00397.jpg,dry,train
C:\DATN\skin-ai-project\ai\data\processed\skin_type\train\normal\normal_train_00398.jpg,normal,train
C:\DATN\skin-ai-project\ai\data\processed\skin_type\train\normal\normal_train_00399.jpg,normal,train
C:\DATN\skin-ai-project\ai\data\processed\skin_type\train\normal\normal_train_00400.jpg,normal,train
C:\DATN\skin-ai-project\ai\data\processed\skin_type\train\normal\normal_train_00401.jpg,normal,train
C:\DATN\skin-ai-project\ai\data\processed\skin_type\train\normal\normal_train_00402.jpg,normal,train
C:\DATN\skin-ai-project\ai\data\processed\skin_type\train\normal\normal_train_00403.jpg,normal,train
C:\DATN\skin-ai-project\ai\data\processed\skin_type\train\normal\normal_train_00404.jpg,normal,train
C:\DATN\skin-ai-project\ai\data\processed\skin_type\train\dry\dry_train_00405.jpg,dry,train
C:\DATN\skin-ai-project\ai\data\processed\skin_type\train\normal\normal_train_00406.jpg,normal,train
C:\DATN\skin-ai-project\ai\data\processed\skin_type\train\oily\oily_train_00407.jpg,oily,train
C:\DATN\skin-ai-project\ai\data\processed\skin_type\train\normal\normal_train_00408.jpg,normal,train
C:\DATN\skin-ai-project\ai\data\processed\skin_type\train\normal\normal_train_00409.jpg,normal,train
C:\DATN\skin-ai-project\ai\data\processed\skin_type\train\oily\oily_train_00410.jpg,oily,train
C:\DATN\skin-ai-project\ai\data\processed\skin_type\train\normal\normal_train_00411.jpg,normal,train
C:\DATN\skin-ai-project\ai\data\processed\skin_type\train\dry\dry_train_00412.jpg,dry,train
C:\DATN\skin-ai-project\ai\data\processed\skin_type\train\normal\normal_train_00413.jpg,normal,train
C:\DATN\skin-ai-project\ai\data\processed\skin_type\train\normal\normal_train_00414.jpg,normal,train
C:\DATN\skin-ai-project\ai\data\processed\skin_type\train\normal\normal_train_00415.jpg,normal,train
C:\DATN\skin-ai-project\ai\data\processed\skin_type\train\normal\normal_train_00416.jpg,normal,train
C:\DATN\skin-ai-project\ai\data\processed\skin_type\train\oily\oily_train_00417.jpg,oily,train
C:\DATN\skin-ai-project\ai\data\processed\skin_type\train\oily\oily_train_00418.jpg,oily,train
C:\DATN\skin-ai-project\ai\data\processed\skin_type\train\normal\normal_train_00419.jpg,normal,train
C:\DATN\skin-ai-project\ai\data\processed\skin_type\train\normal\normal_train_00420.jpg,normal,train
C:\DATN\skin-ai-project\ai\data\processed\skin_type\train\normal\normal_train_00421.jpg,normal,train
C:\DATN\skin-ai-project\ai\data\processed\skin_type\train\normal\normal_train_00422.jpg,normal,train
C:\DATN\skin-ai-project\ai\data\processed\skin_type\train\normal\normal_train_00423.jpg,normal,train
C:\DATN\skin-ai-project\ai\data\processed\skin_type\train\normal\normal_train_00424.jpg,normal,train
C:\DATN\skin-ai-project\ai\data\processed\skin_type\train\oily\oily_train_00425.jpg,oily,train
C:\DATN\skin-ai-project\ai\data\processed\skin_type\train\dry\dry_train_00426.jpg,dry,train
C:\DATN\skin-ai-project\ai\data\processed\skin_type\train\normal\normal_train_00427.jpg,normal,train
C:\DATN\skin-ai-project\ai\data\processed\skin_type\train\normal\normal_train_00428.jpg,normal,train
C:\DATN\skin-ai-project\ai\data\processed\skin_type\train\normal\normal_train_00429.jpg,normal,train
C:\DATN\skin-ai-project\ai\data\processed\skin_type\train\normal\normal_train_00430.jpg,normal,train
C:\DATN\skin-ai-project\ai\data\processed\skin_type\train\oily\oily_train_00431.jpg,oily,train
C:\DATN\skin-ai-project\ai\data\processed\skin_type\train\normal\normal_train_00432.jpg,normal,train
C:\DATN\skin-ai-project\ai\data\processed\skin_type\train\oily\oily_train_00433.jpg,oily,train
C:\DATN\skin-ai-project\ai\data\processed\skin_type\train\normal\normal_train_00434.jpg,normal,train
C:\DATN\skin-ai-project\ai\data\processed\skin_type\train\oily\oily_train_00435.jpg,oily,train
C:\DATN\skin-ai-project\ai\data\processed\skin_type\train\dry\dry_train_00436.jpg,dry,train
C:\DATN\skin-ai-project\ai\data\processed\skin_type\train\normal\normal_train_00437.jpg,normal,train
C:\DATN\skin-ai-project\ai\data\processed\skin_type\train\oily\oily_train_00438.jpg,oily,train
C:\DATN\skin-ai-project\ai\data\processed\skin_type\train\dry\dry_train_00439.jpg,dry,train
C:\DATN\skin-ai-project\ai\data\processed\skin_type\train\dry\dry_train_00440.jpg,dry,train
C:\DATN\skin-ai-project\ai\data\processed\skin_type\train\oily\oily_train_00441.jpg,oily,train
C:\DATN\skin-ai-project\ai\data\processed\skin_type\train\normal\normal_train_00442.jpg,normal,train
C:\DATN\skin-ai-project\ai\data\processed\skin_type\train\oily\oily_train_00443.jpg,oily,train
C:\DATN\skin-ai-project\ai\data\processed\skin_type\train\normal\normal_train_00444.jpg,normal,train
C:\DATN\skin-ai-project\ai\data\processed\skin_type\train\dry\dry_train_00445.jpg,dry,train
C:\DATN\skin-ai-project\ai\data\processed\skin_type\train\normal\normal_train_00446.jpg,normal,train
C:\DATN\skin-ai-project\ai\data\processed\skin_type\train\normal\normal_train_00447.jpg,normal,train
C:\DATN\skin-ai-project\ai\data\processed\skin_type\train\dry\dry_train_00448.jpg,dry,train
C:\DATN\skin-ai-project\ai\data\processed\skin_type\train\normal\normal_train_00449.jpg,normal,train
C:\DATN\skin-ai-project\ai\data\processed\skin_type\train\normal\normal_train_00450.jpg,normal,train
C:\DATN\skin-ai-project\ai\data\processed\skin_type\train\normal\normal_train_00451.jpg,normal,train
C:\DATN\skin-ai-project\ai\data\processed\skin_type\train\normal\normal_train_00452.jpg,normal,train
C:\DATN\skin-ai-project\ai\data\processed\skin_type\train\dry\dry_train_00453.jpg,dry,train
C:\DATN\skin-ai-project\ai\data\processed\skin_type\train\normal\normal_train_00454.jpg,normal,train
C:\DATN\skin-ai-project\ai\data\processed\skin_type\train\normal\normal_train_00455.jpg,normal,train
C:\DATN\skin-ai-project\ai\data\processed\skin_type\train\normal\normal_train_00456.jpg,normal,train
C:\DATN\skin-ai-project\ai\data\processed\skin_type\train\normal\normal_train_00457.jpg,normal,train
C:\DATN\skin-ai-project\ai\data\processed\skin_type\train\normal\normal_train_00458.jpg,normal,train
C:\DATN\skin-ai-project\ai\data\processed\skin_type\train\normal\normal_train_00459.jpg,normal,train
C:\DATN\skin-ai-project\ai\data\processed\skin_type\train\normal\normal_train_00460.jpg,normal,train
C:\DATN\skin-ai-project\ai\data\processed\skin_type\train\normal\normal_train_00461.jpg,normal,train
C:\DATN\skin-ai-project\ai\data\processed\skin_type\train\oily\oily_train_00462.jpg,oily,train
C:\DATN\skin-ai-project\ai\data\processed\skin_type\train\dry\dry_train_00463.jpg,dry,train
C:\DATN\skin-ai-project\ai\data\processed\skin_type\train\normal\normal_train_00464.jpg,normal,train
C:\DATN\skin-ai-project\ai\data\processed\skin_type\train\oily\oily_train_00465.jpg,oily,train
C:\DATN\skin-ai-project\ai\data\processed\skin_type\train\normal\normal_train_00466.jpg,normal,train
C:\DATN\skin-ai-project\ai\data\processed\skin_type\train\normal\normal_train_00467.jpg,normal,train
C:\DATN\skin-ai-project\ai\data\processed\skin_type\train\oily\oily_train_00468.jpg,oily,train
C:\DATN\skin-ai-project\ai\data\processed\skin_type\train\dry\dry_train_00469.jpg,dry,train
C:\DATN\skin-ai-project\ai\data\processed\skin_type\train\oily\oily_train_00470.jpg,oily,train
C:\DATN\skin-ai-project\ai\data\processed\skin_type\train\normal\normal_train_00471.jpg,normal,train
C:\DATN\skin-ai-project\ai\data\processed\skin_type\train\dry\dry_train_00472.jpg,dry,train
C:\DATN\skin-ai-project\ai\data\processed\skin_type\train\normal\normal_train_00473.jpg,normal,train
C:\DATN\skin-ai-project\ai\data\processed\skin_type\train\oily\oily_train_00474.jpg,oily,train
C:\DATN\skin-ai-project\ai\data\processed\skin_type\train\normal\normal_train_00475.jpg,normal,train
C:\DATN\skin-ai-project\ai\data\processed\skin_type\train\normal\normal_train_00476.jpg,normal,train
C:\DATN\skin-ai-project\ai\data\processed\skin_type\train\normal\normal_train_00477.jpg,normal,train
C:\DATN\skin-ai-project\ai\data\processed\skin_type\train\normal\normal_train_00478.jpg,normal,train
C:\DATN\skin-ai-project\ai\data\processed\skin_type\train\normal\normal_train_00479.jpg,normal,train
C:\DATN\skin-ai-project\ai\data\processed\skin_type\train\normal\normal_train_00480.jpg,normal,train
C:\DATN\skin-ai-project\ai\data\processed\skin_type\train\normal\normal_train_00481.jpg,normal,train
C:\DATN\skin-ai-project\ai\data\processed\skin_type\train\normal\normal_train_00482.jpg,normal,train
C:\DATN\skin-ai-project\ai\data\processed\skin_type\train\oily\oily_train_00483.jpg,oily,train
C:\DATN\skin-ai-project\ai\data\processed\skin_type\train\dry\dry_train_00484.jpg,dry,train
C:\DATN\skin-ai-project\ai\data\processed\skin_type\train\normal\normal_train_00485.jpg,normal,train
C:\DATN\skin-ai-project\ai\data\processed\skin_type\train\oily\oily_train_00486.jpg,oily,train
C:\DATN\skin-ai-project\ai\data\processed\skin_type\train\normal\normal_train_00487.jpg,normal,train
C:\DATN\skin-ai-project\ai\data\processed\skin_type\train\normal\normal_train_00488.jpg,normal,train
C:\DATN\skin-ai-project\ai\data\processed\skin_type\train\normal\normal_train_00489.jpg,normal,train
C:\DATN\skin-ai-project\ai\data\processed\skin_type\train\oily\oily_train_00490.jpg,oily,train
C:\DATN\skin-ai-project\ai\data\processed\skin_type\train\dry\dry_train_00491.jpg,dry,train
C:\DATN\skin-ai-project\ai\data\processed\skin_type\train\normal\normal_train_00492.jpg,normal,train
C:\DATN\skin-ai-project\ai\data\processed\skin_type\train\oily\oily_train_00493.jpg,oily,train
C:\DATN\skin-ai-project\ai\data\processed\skin_type\train\normal\normal_train_00494.jpg,normal,train
C:\DATN\skin-ai-project\ai\data\processed\skin_type\train\oily\oily_train_00495.jpg,oily,train
C:\DATN\skin-ai-project\ai\data\processed\skin_type\train\normal\normal_train_00496.jpg,normal,train
C:\DATN\skin-ai-project\ai\data\processed\skin_type\train\normal\normal_train_00497.jpg,normal,train
C:\DATN\skin-ai-project\ai\data\processed\skin_type\train\oily\oily_train_00498.jpg,oily,train
C:\DATN\skin-ai-project\ai\data\processed\skin_type\train\oily\oily_train_00499.jpg,oily,train
C:\DATN\skin-ai-project\ai\data\processed\skin_type\train\normal\normal_train_00500.jpg,normal,train
C:\DATN\skin-ai-project\ai\data\processed\skin_type\train\oily\oily_train_00501.jpg,oily,train
C:\DATN\skin-ai-project\ai\data\processed\skin_type\train\normal\normal_train_00502.jpg,normal,train
C:\DATN\skin-ai-project\ai\data\processed\skin_type\train\normal\normal_train_00503.jpg,normal,train
C:\DATN\skin-ai-project\ai\data\processed\skin_type\train\normal\normal_train_00504.jpg,normal,train
C:\DATN\skin-ai-project\ai\data\processed\skin_type\train\normal\normal_train_00505.jpg,normal,train
C:\DATN\skin-ai-project\ai\data\processed\skin_type\train\normal\normal_train_00506.jpg,normal,train
C:\DATN\skin-ai-project\ai\data\processed\skin_type\train\normal\normal_train_00507.jpg,normal,train
C:\DATN\skin-ai-project\ai\data\processed\skin_type\train\normal\normal_train_00508.jpg,normal,train
C:\DATN\skin-ai-project\ai\data\processed\skin_type\train\oily\oily_train_00509.jpg,oily,train
C:\DATN\skin-ai-project\ai\data\processed\skin_type\train\normal\normal_train_00510.jpg,normal,train
C:\DATN\skin-ai-project\ai\data\processed\skin_type\train\dry\dry_train_00511.jpg,dry,train
C:\DATN\skin-ai-project\ai\data\processed\skin_type\train\normal\normal_train_00512.jpg,normal,train
C:\DATN\skin-ai-project\ai\data\processed\skin_type\train\dry\dry_train_00513.jpg,dry,train
C:\DATN\skin-ai-project\ai\data\processed\skin_type\train\normal\normal_train_00514.jpg,normal,train
C:\DATN\skin-ai-project\ai\data\processed\skin_type\train\normal\normal_train_00515.jpg,normal,train
C:\DATN\skin-ai-project\ai\data\processed\skin_type\train\normal\normal_train_00516.jpg,normal,train
C:\DATN\skin-ai-project\ai\data\processed\skin_type\train\normal\normal_train_00517.jpg,normal,train
C:\DATN\skin-ai-project\ai\data\processed\skin_type\train\normal\normal_train_00518.jpg,normal,train
C:\DATN\skin-ai-project\ai\data\processed\skin_type\train\normal\normal_train_00519.jpg,normal,train
C:\DATN\skin-ai-project\ai\data\processed\skin_type\train\oily\oily_train_00520.jpg,oily,train
C:\DATN\skin-ai-project\ai\data\processed\skin_type\train\normal\normal_train_00521.jpg,normal,train
C:\DATN\skin-ai-project\ai\data\processed\skin_type\train\oily\oily_train_00522.jpg,oily,train
C:\DATN\skin-ai-project\ai\data\processed\skin_type\train\oily\oily_train_00523.jpg,oily,train
C:\DATN\skin-ai-project\ai\data\processed\skin_type\train\normal\normal_train_00524.jpg,normal,train
C:\DATN\skin-ai-project\ai\data\processed\skin_type\train\normal\normal_train_00525.jpg,normal,train
C:\DATN\skin-ai-project\ai\data\processed\skin_type\train\normal\normal_train_00526.jpg,normal,train
C:\DATN\skin-ai-project\ai\data\processed\skin_type\train\normal\normal_train_00527.jpg,normal,train
C:\DATN\skin-ai-project\ai\data\processed\skin_type\train\normal\normal_train_00528.jpg,normal,train
C:\DATN\skin-ai-project\ai\data\processed\skin_type\train\oily\oily_train_00529.jpg,oily,train
C:\DATN\skin-ai-project\ai\data\processed\skin_type\train\normal\normal_train_00530.jpg,normal,train
C:\DATN\skin-ai-project\ai\data\processed\skin_type\train\oily\oily_train_00531.jpg,oily,train
C:\DATN\skin-ai-project\ai\data\processed\skin_type\train\normal\normal_train_00532.jpg,normal,train
C:\DATN\skin-ai-project\ai\data\processed\skin_type\train\normal\normal_train_00533.jpg,normal,train
C:\DATN\skin-ai-project\ai\data\processed\skin_type\train\oily\oily_train_00534.jpg,oily,train
C:\DATN\skin-ai-project\ai\data\processed\skin_type\train\oily\oily_train_00535.jpg,oily,train
C:\DATN\skin-ai-project\ai\data\processed\skin_type\train\normal\normal_train_00536.jpg,normal,train
C:\DATN\skin-ai-project\ai\data\processed\skin_type\train\oily\oily_train_00537.jpg,oily,train
C:\DATN\skin-ai-project\ai\data\processed\skin_type\train\normal\normal_train_00538.jpg,normal,train
C:\DATN\skin-ai-project\ai\data\processed\skin_type\train\normal\normal_train_00539.jpg,normal,train
C:\DATN\skin-ai-project\ai\data\processed\skin_type\train\oily\oily_train_00540.jpg,oily,train
C:\DATN\skin-ai-project\ai\data\processed\skin_type\train\normal\normal_train_00541.jpg,normal,train
C:\DATN\skin-ai-project\ai\data\processed\skin_type\train\normal\normal_train_00542.jpg,normal,train
C:\DATN\skin-ai-project\ai\data\processed\skin_type\train\normal\normal_train_00543.jpg,normal,train
C:\DATN\skin-ai-project\ai\data\processed\skin_type\train\oily\oily_train_00544.jpg,oily,train
C:\DATN\skin-ai-project\ai\data\processed\skin_type\train\normal\normal_train_00545.jpg,normal,train
C:\DATN\skin-ai-project\ai\data\processed\skin_type\train\normal\normal_train_00546.jpg,normal,train
C:\DATN\skin-ai-project\ai\data\processed\skin_type\train\normal\normal_train_00547.jpg,normal,train
C:\DATN\skin-ai-project\ai\data\processed\skin_type\train\oily\oily_train_00548.jpg,oily,train
C:\DATN\skin-ai-project\ai\data\processed\skin_type\train\dry\dry_train_00549.jpg,dry,train
C:\DATN\skin-ai-project\ai\data\processed\skin_type\train\dry\dry_train_00550.jpg,dry,train
C:\DATN\skin-ai-project\ai\data\processed\skin_type\train\normal\normal_train_00551.jpg,normal,train
C:\DATN\skin-ai-project\ai\data\processed\skin_type\train\normal\normal_train_00552.jpg,normal,train
C:\DATN\skin-ai-project\ai\data\processed\skin_type\train\normal\normal_train_00553.jpg,normal,train
C:\DATN\skin-ai-project\ai\data\processed\skin_type\train\normal\normal_train_00554.jpg,normal,train
C:\DATN\skin-ai-project\ai\data\processed\skin_type\train\normal\normal_train_00555.jpg,normal,train
C:\DATN\skin-ai-project\ai\data\processed\skin_type\train\oily\oily_train_00556.jpg,oily,train
C:\DATN\skin-ai-project\ai\data\processed\skin_type\train\normal\normal_train_00557.jpg,normal,train
C:\DATN\skin-ai-project\ai\data\processed\skin_type\train\normal\normal_train_00558.jpg,normal,train
C:\DATN\skin-ai-project\ai\data\processed\skin_type\train\normal\normal_train_00559.jpg,normal,train
C:\DATN\skin-ai-project\ai\data\processed\skin_type\train\oily\oily_train_00560.jpg,oily,train
C:\DATN\skin-ai-project\ai\data\processed\skin_type\train\normal\normal_train_00561.jpg,normal,train
C:\DATN\skin-ai-project\ai\data\processed\skin_type\train\normal\normal_train_00562.jpg,normal,train
C:\DATN\skin-ai-project\ai\data\processed\skin_type\train\normal\normal_train_00563.jpg,normal,train
C:\DATN\skin-ai-project\ai\data\processed\skin_type\train\normal\normal_train_00564.jpg,normal,train
C:\DATN\skin-ai-project\ai\data\processed\skin_type\train\normal\normal_train_00565.jpg,normal,train
C:\DATN\skin-ai-project\ai\data\processed\skin_type\train\normal\normal_train_00566.jpg,normal,train
C:\DATN\skin-ai-project\ai\data\processed\skin_type\train\normal\normal_train_00567.jpg,normal,train
C:\DATN\skin-ai-project\ai\data\processed\skin_type\train\normal\normal_train_00568.jpg,normal,train
C:\DATN\skin-ai-project\ai\data\processed\skin_type\train\normal\normal_train_00569.jpg,normal,train
C:\DATN\skin-ai-project\ai\data\processed\skin_type\train\normal\normal_train_00570.jpg,normal,train
C:\DATN\skin-ai-project\ai\data\processed\skin_type\train\normal\normal_train_00571.jpg,normal,train
C:\DATN\skin-ai-project\ai\data\processed\skin_type\train\normal\normal_train_00572.jpg,normal,train
C:\DATN\skin-ai-project\ai\data\processed\skin_type\train\oily\oily_train_00573.jpg,oily,train
C:\DATN\skin-ai-project\ai\data\processed\skin_type\train\normal\normal_train_00574.jpg,normal,train
C:\DATN\skin-ai-project\ai\data\processed\skin_type\train\oily\oily_train_00575.jpg,oily,train
C:\DATN\skin-ai-project\ai\data\processed\skin_type\train\normal\normal_train_00576.jpg,normal,train
C:\DATN\skin-ai-project\ai\data\processed\skin_type\train\oily\oily_train_00577.jpg,oily,train
C:\DATN\skin-ai-project\ai\data\processed\skin_type\train\normal\normal_train_00578.jpg,normal,train
C:\DATN\skin-ai-project\ai\data\processed\skin_type\train\normal\normal_train_00579.jpg,normal,train
C:\DATN\skin-ai-project\ai\data\processed\skin_type\train\oily\oily_train_00580.jpg,oily,train
C:\DATN\skin-ai-project\ai\data\processed\skin_type\train\oily\oily_train_00581.jpg,oily,train
C:\DATN\skin-ai-project\ai\data\processed\skin_type\train\normal\normal_train_00582.jpg,normal,train
C:\DATN\skin-ai-project\ai\data\processed\skin_type\train\oily\oily_train_00583.jpg,oily,train
C:\DATN\skin-ai-project\ai\data\processed\skin_type\train\normal\normal_train_00584.jpg,normal,train
C:\DATN\skin-ai-project\ai\data\processed\skin_type\train\oily\oily_train_00585.jpg,oily,train
C:\DATN\skin-ai-project\ai\data\processed\skin_type\train\normal\normal_train_00586.jpg,normal,train
C:\DATN\skin-ai-project\ai\data\processed\skin_type\train\normal\normal_train_00587.jpg,normal,train
C:\DATN\skin-ai-project\ai\data\processed\skin_type\train\normal\normal_train_00588.jpg,normal,train
C:\DATN\skin-ai-project\ai\data\processed\skin_type\train\oily\oily_train_00589.jpg,oily,train
C:\DATN\skin-ai-project\ai\data\processed\skin_type\train\normal\normal_train_00590.jpg,normal,train
C:\DATN\skin-ai-project\ai\data\processed\skin_type\train\normal\normal_train_00591.jpg,normal,train
C:\DATN\skin-ai-project\ai\data\processed\skin_type\train\normal\normal_train_00592.jpg,normal,train
C:\DATN\skin-ai-project\ai\data\processed\skin_type\train\normal\normal_train_00593.jpg,normal,train
C:\DATN\skin-ai-project\ai\data\processed\skin_type\train\normal\normal_train_00594.jpg,normal,train
C:\DATN\skin-ai-project\ai\data\processed\skin_type\train\normal\normal_train_00595.jpg,normal,train
C:\DATN\skin-ai-project\ai\data\processed\skin_type\train\oily\oily_train_00596.jpg,oily,train
C:\DATN\skin-ai-project\ai\data\processed\skin_type\train\normal\normal_train_00597.jpg,normal,train
C:\DATN\skin-ai-project\ai\data\processed\skin_type\train\oily\oily_train_00598.jpg,oily,train
C:\DATN\skin-ai-project\ai\data\processed\skin_type\train\dry\dry_train_00599.jpg,dry,train
C:\DATN\skin-ai-project\ai\data\processed\skin_type\train\normal\normal_train_00600.jpg,normal,train
C:\DATN\skin-ai-project\ai\data\processed\skin_type\train\normal\normal_train_00601.jpg,normal,train
C:\DATN\skin-ai-project\ai\data\processed\skin_type\train\dry\dry_train_00602.jpg,dry,train
C:\DATN\skin-ai-project\ai\data\processed\skin_type\train\oily\oily_train_00603.jpg,oily,train
C:\DATN\skin-ai-project\ai\data\processed\skin_type\train\oily\oily_train_00604.jpg,oily,train
C:\DATN\skin-ai-project\ai\data\processed\skin_type\train\dry\dry_train_00605.jpg,dry,train
C:\DATN\skin-ai-project\ai\data\processed\skin_type\train\normal\normal_train_00606.jpg,normal,train
C:\DATN\skin-ai-project\ai\data\processed\skin_type\train\oily\oily_train_00607.jpg,oily,train
C:\DATN\skin-ai-project\ai\data\processed\skin_type\train\normal\normal_train_00608.jpg,normal,train
C:\DATN\skin-ai-project\ai\data\processed\skin_type\train\normal\normal_train_00609.jpg,normal,train
C:\DATN\skin-ai-project\ai\data\processed\skin_type\train\normal\normal_train_00610.jpg,normal,train
C:\DATN\skin-ai-project\ai\data\processed\skin_type\train\normal\normal_train_00611.jpg,normal,train
C:\DATN\skin-ai-project\ai\data\processed\skin_type\train\oily\oily_train_00612.jpg,oily,train
C:\DATN\skin-ai-project\ai\data\processed\skin_type\train\oily\oily_train_00613.jpg,oily,train
C:\DATN\skin-ai-project\ai\data\processed\skin_type\train\normal\normal_train_00614.jpg,normal,train
C:\DATN\skin-ai-project\ai\data\processed\skin_type\train\dry\dry_train_00615.jpg,dry,train
C:\DATN\skin-ai-project\ai\data\processed\skin_type\train\normal\normal_train_00616.jpg,normal,train
C:\DATN\skin-ai-project\ai\data\processed\skin_type\train\oily\oily_train_00617.jpg,oily,train
C:\DATN\skin-ai-project\ai\data\processed\skin_type\train\dry\dry_train_00618.jpg,dry,train
C:\DATN\skin-ai-project\ai\data\processed\skin_type\train\normal\normal_train_00619.jpg,normal,train
C:\DATN\skin-ai-project\ai\data\processed\skin_type\train\normal\normal_train_00620.jpg,normal,train
C:\DATN\skin-ai-project\ai\data\processed\skin_type\train\oily\oily_train_00621.jpg,oily,train
C:\DATN\skin-ai-project\ai\data\processed\skin_type\train\normal\normal_train_00622.jpg,normal,train
C:\DATN\skin-ai-project\ai\data\processed\skin_type\train\oily\oily_train_00623.jpg,oily,train
C:\DATN\skin-ai-project\ai\data\processed\skin_type\train\dry\dry_train_00624.jpg,dry,train
C:\DATN\skin-ai-project\ai\data\processed\skin_type\train\dry\dry_train_00625.jpg,dry,train
C:\DATN\skin-ai-project\ai\data\processed\skin_type\train\normal\normal_train_00626.jpg,normal,train
C:\DATN\skin-ai-project\ai\data\processed\skin_type\train\normal\normal_train_00627.jpg,normal,train
C:\DATN\skin-ai-project\ai\data\processed\skin_type\train\normal\normal_train_00628.jpg,normal,train
C:\DATN\skin-ai-project\ai\data\processed\skin_type\train\normal\normal_train_00629.jpg,normal,train
C:\DATN\skin-ai-project\ai\data\processed\skin_type\train\oily\oily_train_00630.jpg,oily,train
C:\DATN\skin-ai-project\ai\data\processed\skin_type\train\normal\normal_train_00631.jpg,normal,train
C:\DATN\skin-ai-project\ai\data\processed\skin_type\train\normal\normal_train_00632.jpg,normal,train
C:\DATN\skin-ai-project\ai\data\processed\skin_type\train\normal\normal_train_00633.jpg,normal,train
C:\DATN\skin-ai-project\ai\data\processed\skin_type\train\oily\oily_train_00634.jpg,oily,train
C:\DATN\skin-ai-project\ai\data\processed\skin_type\train\normal\normal_train_00635.jpg,normal,train
C:\DATN\skin-ai-project\ai\data\processed\skin_type\train\normal\normal_train_00636.jpg,normal,train
C:\DATN\skin-ai-project\ai\data\processed\skin_type\train\normal\normal_train_00637.jpg,normal,train
C:\DATN\skin-ai-project\ai\data\processed\skin_type\train\normal\normal_train_00638.jpg,normal,train
C:\DATN\skin-ai-project\ai\data\processed\skin_type\train\dry\dry_train_00639.jpg,dry,train
C:\DATN\skin-ai-project\ai\data\processed\skin_type\train\oily\oily_train_00640.jpg,oily,train
C:\DATN\skin-ai-project\ai\data\processed\skin_type\train\oily\oily_train_00641.jpg,oily,train
C:\DATN\skin-ai-project\ai\data\processed\skin_type\train\normal\normal_train_00642.jpg,normal,train
C:\DATN\skin-ai-project\ai\data\processed\skin_type\train\oily\oily_train_00643.jpg,oily,train
C:\DATN\skin-ai-project\ai\data\processed\skin_type\train\normal\normal_train_00644.jpg,normal,train
C:\DATN\skin-ai-project\ai\data\processed\skin_type\train\normal\normal_train_00645.jpg,normal,train
C:\DATN\skin-ai-project\ai\data\processed\skin_type\train\oily\oily_train_00646.jpg,oily,train
C:\DATN\skin-ai-project\ai\data\processed\skin_type\train\oily\oily_train_00647.jpg,oily,train
C:\DATN\skin-ai-project\ai\data\processed\skin_type\train\normal\normal_train_00648.jpg,normal,train
C:\DATN\skin-ai-project\ai\data\processed\skin_type\train\normal\normal_train_00649.jpg,normal,train
C:\DATN\skin-ai-project\ai\data\processed\skin_type\train\normal\normal_train_00650.jpg,normal,train
C:\DATN\skin-ai-project\ai\data\processed\skin_type\train\normal\normal_train_00651.jpg,normal,train
C:\DATN\skin-ai-project\ai\data\processed\skin_type\train\normal\normal_train_00652.jpg,normal,train
C:\DATN\skin-ai-project\ai\data\processed\skin_type\train\normal\normal_train_00653.jpg,normal,train
C:\DATN\skin-ai-project\ai\data\processed\skin_type\train\normal\normal_train_00654.jpg,normal,train
C:\DATN\skin-ai-project\ai\data\processed\skin_type\train\normal\normal_train_00655.jpg,normal,train
C:\DATN\skin-ai-project\ai\data\processed\skin_type\train\oily\oily_train_00656.jpg,oily,train
C:\DATN\skin-ai-project\ai\data\processed\skin_type\train\normal\normal_train_00657.jpg,normal,train
C:\DATN\skin-ai-project\ai\data\processed\skin_type\train\normal\normal_train_00658.jpg,normal,train
C:\DATN\skin-ai-project\ai\data\processed\skin_type\train\normal\normal_train_00659.jpg,normal,train
C:\DATN\skin-ai-project\ai\data\processed\skin_type\train\normal\normal_train_00660.jpg,normal,train
C:\DATN\skin-ai-project\ai\data\processed\skin_type\train\dry\dry_train_00661.jpg,dry,train
C:\DATN\skin-ai-project\ai\data\processed\skin_type\train\normal\normal_train_00662.jpg,normal,train
C:\DATN\skin-ai-project\ai\data\processed\skin_type\train\normal\normal_train_00663.jpg,normal,train
C:\DATN\skin-ai-project\ai\data\processed\skin_type\train\oily\oily_train_00664.jpg,oily,train
C:\DATN\skin-ai-project\ai\data\processed\skin_type\train\normal\normal_train_00665.jpg,normal,train
C:\DATN\skin-ai-project\ai\data\processed\skin_type\train\normal\normal_train_00666.jpg,normal,train
C:\DATN\skin-ai-project\ai\data\processed\skin_type\train\normal\normal_train_00667.jpg,normal,train
C:\DATN\skin-ai-project\ai\data\processed\skin_type\train\oily\oily_train_00668.jpg,oily,train
C:\DATN\skin-ai-project\ai\data\processed\skin_type\train\normal\normal_train_00669.jpg,normal,train
C:\DATN\skin-ai-project\ai\data\processed\skin_type\train\normal\normal_train_00670.jpg,normal,train
C:\DATN\skin-ai-project\ai\data\processed\skin_type\train\dry\dry_train_00671.jpg,dry,train
C:\DATN\skin-ai-project\ai\data\processed\skin_type\train\dry\dry_train_00672.jpg,dry,train
C:\DATN\skin-ai-project\ai\data\processed\skin_type\train\normal\normal_train_00673.jpg,normal,train
C:\DATN\skin-ai-project\ai\data\processed\skin_type\train\normal\normal_train_00674.jpg,normal,train
C:\DATN\skin-ai-project\ai\data\processed\skin_type\train\oily\oily_train_00675.jpg,oily,train
C:\DATN\skin-ai-project\ai\data\processed\skin_type\train\normal\normal_train_00676.jpg,normal,train
C:\DATN\skin-ai-project\ai\data\processed\skin_type\train\normal\normal_train_00677.jpg,normal,train
C:\DATN\skin-ai-project\ai\data\processed\skin_type\train\dry\dry_train_00678.jpg,dry,train
C:\DATN\skin-ai-project\ai\data\processed\skin_type\train\normal\normal_train_00679.jpg,normal,train
C:\DATN\skin-ai-project\ai\data\processed\skin_type\train\oily\oily_train_00680.jpg,oily,train
C:\DATN\skin-ai-project\ai\data\processed\skin_type\train\normal\normal_train_00681.jpg,normal,train
C:\DATN\skin-ai-project\ai\data\processed\skin_type\train\oily\oily_train_00682.jpg,oily,train
C:\DATN\skin-ai-project\ai\data\processed\skin_type\train\normal\normal_train_00683.jpg,normal,train
C:\DATN\skin-ai-project\ai\data\processed\skin_type\train\normal\normal_train_00684.jpg,normal,train
C:\DATN\skin-ai-project\ai\data\processed\skin_type\train\normal\normal_train_00685.jpg,normal,train
C:\DATN\skin-ai-project\ai\data\processed\skin_type\train\normal\normal_train_00686.jpg,normal,train
C:\DATN\skin-ai-project\ai\data\processed\skin_type\train\normal\normal_train_00687.jpg,normal,train
C:\DATN\skin-ai-project\ai\data\processed\skin_type\train\dry\dry_train_00688.jpg,dry,train
C:\DATN\skin-ai-project\ai\data\processed\skin_type\train\dry\dry_train_00689.jpg,dry,train
C:\DATN\skin-ai-project\ai\data\processed\skin_type\train\oily\oily_train_00690.jpg,oily,train
C:\DATN\skin-ai-project\ai\data\processed\skin_type\train\dry\dry_train_00691.jpg,dry,train
C:\DATN\skin-ai-project\ai\data\processed\skin_type\train\oily\oily_train_00692.jpg,oily,train
C:\DATN\skin-ai-project\ai\data\processed\skin_type\train\normal\normal_train_00693.jpg,normal,train
C:\DATN\skin-ai-project\ai\data\processed\skin_type\train\normal\normal_train_00694.jpg,normal,train
C:\DATN\skin-ai-project\ai\data\processed\skin_type\train\oily\oily_train_00695.jpg,oily,train
C:\DATN\skin-ai-project\ai\data\processed\skin_type\train\normal\normal_train_00696.jpg,normal,train
C:\DATN\skin-ai-project\ai\data\processed\skin_type\train\normal\normal_train_00697.jpg,normal,train
C:\DATN\skin-ai-project\ai\data\processed\skin_type\train\normal\normal_train_00698.jpg,normal,train
C:\DATN\skin-ai-project\ai\data\processed\skin_type\train\dry\dry_train_00699.jpg,dry,train
C:\DATN\skin-ai-project\ai\data\processed\skin_type\train\normal\normal_train_00700.jpg,normal,train
C:\DATN\skin-ai-project\ai\data\processed\skin_type\train\oily\oily_train_00701.jpg,oily,train
C:\DATN\skin-ai-project\ai\data\processed\skin_type\train\normal\normal_train_00702.jpg,normal,train
C:\DATN\skin-ai-project\ai\data\processed\skin_type\train\normal\normal_train_00703.jpg,normal,train
C:\DATN\skin-ai-project\ai\data\processed\skin_type\train\normal\normal_train_00704.jpg,normal,train
C:\DATN\skin-ai-project\ai\data\processed\skin_type\train\oily\oily_train_00705.jpg,oily,train
C:\DATN\skin-ai-project\ai\data\processed\skin_type\train\oily\oily_train_00706.jpg,oily,train
C:\DATN\skin-ai-project\ai\data\processed\skin_type\train\oily\oily_train_00707.jpg,oily,train
C:\DATN\skin-ai-project\ai\data\processed\skin_type\train\normal\normal_train_00708.jpg,normal,train
C:\DATN\skin-ai-project\ai\data\processed\skin_type\train\normal\normal_train_00709.jpg,normal,train
C:\DATN\skin-ai-project\ai\data\processed\skin_type\train\normal\normal_train_00710.jpg,normal,train
C:\DATN\skin-ai-project\ai\data\processed\skin_type\train\normal\normal_train_00711.jpg,normal,train
C:\DATN\skin-ai-project\ai\data\processed\skin_type\train\oily\oily_train_00712.jpg,oily,train
C:\DATN\skin-ai-project\ai\data\processed\skin_type\train\dry\dry_train_00713.jpg,dry,train
C:\DATN\skin-ai-project\ai\data\processed\skin_type\train\oily\oily_train_00714.jpg,oily,train
C:\DATN\skin-ai-project\ai\data\processed\skin_type\train\normal\normal_train_00715.jpg,normal,train
C:\DATN\skin-ai-project\ai\data\processed\skin_type\train\oily\oily_train_00716.jpg,oily,train
C:\DATN\skin-ai-project\ai\data\processed\skin_type\train\normal\normal_train_00717.jpg,normal,train
C:\DATN\skin-ai-project\ai\data\processed\skin_type\train\normal\normal_train_00718.jpg,normal,train
C:\DATN\skin-ai-project\ai\data\processed\skin_type\train\oily\oily_train_00719.jpg,oily,train
C:\DATN\skin-ai-project\ai\data\processed\skin_type\train\normal\normal_train_00720.jpg,normal,train
C:\DATN\skin-ai-project\ai\data\processed\skin_type\train\normal\normal_train_00721.jpg,normal,train
C:\DATN\skin-ai-project\ai\data\processed\skin_type\train\dry\dry_train_00722.jpg,dry,train
C:\DATN\skin-ai-project\ai\data\processed\skin_type\train\normal\normal_train_00723.jpg,normal,train
C:\DATN\skin-ai-project\ai\data\processed\skin_type\train\normal\normal_train_00724.jpg,normal,train
C:\DATN\skin-ai-project\ai\data\processed\skin_type\train\normal\normal_train_00725.jpg,normal,train
C:\DATN\skin-ai-project\ai\data\processed\skin_type\train\oily\oily_train_00726.jpg,oily,train
C:\DATN\skin-ai-project\ai\data\processed\skin_type\train\normal\normal_train_00727.jpg,normal,train
C:\DATN\skin-ai-project\ai\data\processed\skin_type\train\normal\normal_train_00728.jpg,normal,train
C:\DATN\skin-ai-project\ai\data\processed\skin_type\train\normal\normal_train_00729.jpg,normal,train
C:\DATN\skin-ai-project\ai\data\processed\skin_type\train\normal\normal_train_00730.jpg,normal,train
C:\DATN\skin-ai-project\ai\data\processed\skin_type\train\normal\normal_train_00731.jpg,normal,train
C:\DATN\skin-ai-project\ai\data\processed\skin_type\train\normal\normal_train_00732.jpg,normal,train
C:\DATN\skin-ai-project\ai\data\processed\skin_type\train\normal\normal_train_00733.jpg,normal,train
C:\DATN\skin-ai-project\ai\data\processed\skin_type\train\normal\normal_train_00734.jpg,normal,train
C:\DATN\skin-ai-project\ai\data\processed\skin_type\train\oily\oily_train_00735.jpg,oily,train
C:\DATN\skin-ai-project\ai\data\processed\skin_type\train\oily\oily_train_00736.jpg,oily,train
C:\DATN\skin-ai-project\ai\data\processed\skin_type\train\normal\normal_train_00737.jpg,normal,train
C:\DATN\skin-ai-project\ai\data\processed\skin_type\train\normal\normal_train_00738.jpg,normal,train
C:\DATN\skin-ai-project\ai\data\processed\skin_type\train\normal\normal_train_00739.jpg,normal,train
C:\DATN\skin-ai-project\ai\data\processed\skin_type\train\normal\normal_train_00740.jpg,normal,train
C:\DATN\skin-ai-project\ai\data\processed\skin_type\train\normal\normal_train_00741.jpg,normal,train
C:\DATN\skin-ai-project\ai\data\processed\skin_type\train\normal\normal_train_00742.jpg,normal,train
C:\DATN\skin-ai-project\ai\data\processed\skin_type\train\normal\normal_train_00743.jpg,normal,train
C:\DATN\skin-ai-project\ai\data\processed\skin_type\train\normal\normal_train_00744.jpg,normal,train
C:\DATN\skin-ai-project\ai\data\processed\skin_type\train\normal\normal_train_00745.jpg,normal,train
C:\DATN\skin-ai-project\ai\data\processed\skin_type\train\dry\dry_train_00746.jpg,dry,train
C:\DATN\skin-ai-project\ai\data\processed\skin_type\train\oily\oily_train_00747.jpg,oily,train
C:\DATN\skin-ai-project\ai\data\processed\skin_type\train\dry\dry_train_00748.jpg,dry,train
C:\DATN\skin-ai-project\ai\data\processed\skin_type\train\normal\normal_train_00749.jpg,normal,train
C:\DATN\skin-ai-project\ai\data\processed\skin_type\train\oily\oily_train_00750.jpg,oily,train
C:\DATN\skin-ai-project\ai\data\processed\skin_type\train\normal\normal_train_00751.jpg,normal,train
C:\DATN\skin-ai-project\ai\data\processed\skin_type\train\normal\normal_train_00752.jpg,normal,train
C:\DATN\skin-ai-project\ai\data\processed\skin_type\train\normal\normal_train_00753.jpg,normal,train
C:\DATN\skin-ai-project\ai\data\processed\skin_type\train\dry\dry_train_00754.jpg,dry,train
C:\DATN\skin-ai-project\ai\data\processed\skin_type\train\normal\normal_train_00755.jpg,normal,train
C:\DATN\skin-ai-project\ai\data\processed\skin_type\train\normal\normal_train_00756.jpg,normal,train
C:\DATN\skin-ai-project\ai\data\processed\skin_type\train\normal\normal_train_00757.jpg,normal,train
C:\DATN\skin-ai-project\ai\data\processed\skin_type\train\normal\normal_train_00758.jpg,normal,train
C:\DATN\skin-ai-project\ai\data\processed\skin_type\train\normal\normal_train_00759.jpg,normal,train
C:\DATN\skin-ai-project\ai\data\processed\skin_type\train\normal\normal_train_00760.jpg,normal,train
C:\DATN\skin-ai-project\ai\data\processed\skin_type\train\normal\normal_train_00761.jpg,normal,train
C:\DATN\skin-ai-project\ai\data\processed\skin_type\train\oily\oily_train_00762.jpg,oily,train
C:\DATN\skin-ai-project\ai\data\processed\skin_type\train\normal\normal_train_00763.jpg,normal,train
C:\DATN\skin-ai-project\ai\data\processed\skin_type\train\normal\normal_train_00764.jpg,normal,train
C:\DATN\skin-ai-project\ai\data\processed\skin_type\train\oily\oily_train_00765.jpg,oily,train
C:\DATN\skin-ai-project\ai\data\processed\skin_type\train\normal\normal_train_00766.jpg,normal,train
C:\DATN\skin-ai-project\ai\data\processed\skin_type\train\oily\oily_train_00767.jpg,oily,train
C:\DATN\skin-ai-project\ai\data\processed\skin_type\train\dry\dry_train_00768.jpg,dry,train
C:\DATN\skin-ai-project\ai\data\processed\skin_type\train\normal\normal_train_00769.jpg,normal,train
C:\DATN\skin-ai-project\ai\data\processed\skin_type\train\oily\oily_train_00770.jpg,oily,train
C:\DATN\skin-ai-project\ai\data\processed\skin_type\train\dry\dry_train_00771.jpg,dry,train
C:\DATN\skin-ai-project\ai\data\processed\skin_type\train\dry\dry_train_00772.jpg,dry,train
C:\DATN\skin-ai-project\ai\data\processed\skin_type\train\oily\oily_train_00773.jpg,oily,train
C:\DATN\skin-ai-project\ai\data\processed\skin_type\train\dry\dry_train_00774.jpg,dry,train
C:\DATN\skin-ai-project\ai\data\processed\skin_type\train\normal\normal_train_00775.jpg,normal,train
C:\DATN\skin-ai-project\ai\data\processed\skin_type\train\normal\normal_train_00776.jpg,normal,train
C:\DATN\skin-ai-project\ai\data\processed\skin_type\train\dry\dry_train_00777.jpg,dry,train
C:\DATN\skin-ai-project\ai\data\processed\skin_type\train\oily\oily_train_00778.jpg,oily,train
C:\DATN\skin-ai-project\ai\data\processed\skin_type\train\oily\oily_train_00779.jpg,oily,train
C:\DATN\skin-ai-project\ai\data\processed\skin_type\train\oily\oily_train_00780.jpg,oily,train
C:\DATN\skin-ai-project\ai\data\processed\skin_type\train\normal\normal_train_00781.jpg,normal,train
C:\DATN\skin-ai-project\ai\data\processed\skin_type\train\oily\oily_train_00782.jpg,oily,train
C:\DATN\skin-ai-project\ai\data\processed\skin_type\train\normal\normal_train_00783.jpg,normal,train
C:\DATN\skin-ai-project\ai\data\processed\skin_type\train\oily\oily_train_00784.jpg,oily,train
C:\DATN\skin-ai-project\ai\data\processed\skin_type\train\normal\normal_train_00785.jpg,normal,train
C:\DATN\skin-ai-project\ai\data\processed\skin_type\train\dry\dry_train_00786.jpg,dry,train
C:\DATN\skin-ai-project\ai\data\processed\skin_type\train\normal\normal_train_00787.jpg,normal,train
C:\DATN\skin-ai-project\ai\data\processed\skin_type\train\dry\dry_train_00788.jpg,dry,train
C:\DATN\skin-ai-project\ai\data\processed\skin_type\train\oily\oily_train_00789.jpg,oily,train
C:\DATN\skin-ai-project\ai\data\processed\skin_type\train\dry\dry_train_00790.jpg,dry,train
C:\DATN\skin-ai-project\ai\data\processed\skin_type\train\normal\normal_train_00791.jpg,normal,train
C:\DATN\skin-ai-project\ai\data\processed\skin_type\train\normal\normal_train_00792.jpg,normal,train
C:\DATN\skin-ai-project\ai\data\processed\skin_type\train\oily\oily_train_00793.jpg,oily,train
C:\DATN\skin-ai-project\ai\data\processed\skin_type\train\normal\normal_train_00794.jpg,normal,train
C:\DATN\skin-ai-project\ai\data\processed\skin_type\train\normal\normal_train_00795.jpg,normal,train
C:\DATN\skin-ai-project\ai\data\processed\skin_type\train\normal\normal_train_00796.jpg,normal,train
C:\DATN\skin-ai-project\ai\data\processed\skin_type\train\normal\normal_train_00797.jpg,normal,train
C:\DATN\skin-ai-project\ai\data\processed\skin_type\train\oily\oily_train_00798.jpg,oily,train
C:\DATN\skin-ai-project\ai\data\processed\skin_type\train\normal\normal_train_00799.jpg,normal,train
C:\DATN\skin-ai-project\ai\data\processed\skin_type\train\dry\dry_train_00800.jpg,dry,train
C:\DATN\skin-ai-project\ai\data\processed\skin_type\train\oily\oily_train_00801.jpg,oily,train
C:\DATN\skin-ai-project\ai\data\processed\skin_type\train\normal\normal_train_00802.jpg,normal,train
C:\DATN\skin-ai-project\ai\data\processed\skin_type\train\normal\normal_train_00803.jpg,normal,train
C:\DATN\skin-ai-project\ai\data\processed\skin_type\train\normal\normal_train_00804.jpg,normal,train
C:\DATN\skin-ai-project\ai\data\processed\skin_type\train\normal\normal_train_00805.jpg,normal,train
C:\DATN\skin-ai-project\ai\data\processed\skin_type\train\dry\dry_train_00806.jpg,dry,train
C:\DATN\skin-ai-project\ai\data\processed\skin_type\train\oily\oily_train_00807.jpg,oily,train
C:\DATN\skin-ai-project\ai\data\processed\skin_type\train\normal\normal_train_00808.jpg,normal,train
C:\DATN\skin-ai-project\ai\data\processed\skin_type\train\dry\dry_train_00809.jpg,dry,train
C:\DATN\skin-ai-project\ai\data\processed\skin_type\train\normal\normal_train_00810.jpg,normal,train
C:\DATN\skin-ai-project\ai\data\processed\skin_type\train\dry\dry_train_00811.jpg,dry,train
C:\DATN\skin-ai-project\ai\data\processed\skin_type\train\normal\normal_train_00812.jpg,normal,train
C:\DATN\skin-ai-project\ai\data\processed\skin_type\train\normal\normal_train_00813.jpg,normal,train
C:\DATN\skin-ai-project\ai\data\processed\skin_type\train\normal\normal_train_00814.jpg,normal,train
C:\DATN\skin-ai-project\ai\data\processed\skin_type\train\oily\oily_train_00815.jpg,oily,train
C:\DATN\skin-ai-project\ai\data\processed\skin_type\train\oily\oily_train_00816.jpg,oily,train
C:\DATN\skin-ai-project\ai\data\processed\skin_type\train\normal\normal_train_00817.jpg,normal,train
C:\DATN\skin-ai-project\ai\data\processed\skin_type\train\oily\oily_train_00818.jpg,oily,train
C:\DATN\skin-ai-project\ai\data\processed\skin_type\train\dry\dry_train_00819.jpg,dry,train
C:\DATN\skin-ai-project\ai\data\processed\skin_type\train\normal\normal_train_00820.jpg,normal,train
C:\DATN\skin-ai-project\ai\data\processed\skin_type\train\dry\dry_train_00821.jpg,dry,train
C:\DATN\skin-ai-project\ai\data\processed\skin_type\train\normal\normal_train_00822.jpg,normal,train
C:\DATN\skin-ai-project\ai\data\processed\skin_type\train\normal\normal_train_00823.jpg,normal,train
C:\DATN\skin-ai-project\ai\data\processed\skin_type\train\oily\oily_train_00824.jpg,oily,train
C:\DATN\skin-ai-project\ai\data\processed\skin_type\train\dry\dry_train_00825.jpg,dry,train
C:\DATN\skin-ai-project\ai\data\processed\skin_type\train\normal\normal_train_00826.jpg,normal,train
C:\DATN\skin-ai-project\ai\data\processed\skin_type\train\oily\oily_train_00827.jpg,oily,train
C:\DATN\skin-ai-project\ai\data\processed\skin_type\train\normal\normal_train_00828.jpg,normal,train
C:\DATN\skin-ai-project\ai\data\processed\skin_type\train\normal\normal_train_00829.jpg,normal,train
C:\DATN\skin-ai-project\ai\data\processed\skin_type\train\oily\oily_train_00830.jpg,oily,train
C:\DATN\skin-ai-project\ai\data\processed\skin_type\train\normal\normal_train_00831.jpg,normal,train
C:\DATN\skin-ai-project\ai\data\processed\skin_type\train\normal\normal_train_00832.jpg,normal,train
C:\DATN\skin-ai-project\ai\data\processed\skin_type\train\normal\normal_train_00833.jpg,normal,train
C:\DATN\skin-ai-project\ai\data\processed\skin_type\train\dry\dry_train_00834.jpg,dry,train
C:\DATN\skin-ai-project\ai\data\processed\skin_type\train\dry\dry_train_00835.jpg,dry,train
C:\DATN\skin-ai-project\ai\data\processed\skin_type\train\normal\normal_train_00836.jpg,normal,train
C:\DATN\skin-ai-project\ai\data\processed\skin_type\train\dry\dry_train_00837.jpg,dry,train
C:\DATN\skin-ai-project\ai\data\processed\skin_type\train\normal\normal_train_00838.jpg,normal,train
C:\DATN\skin-ai-project\ai\data\processed\skin_type\train\normal\normal_train_00839.jpg,normal,train
C:\DATN\skin-ai-project\ai\data\processed\skin_type\train\normal\normal_train_00840.jpg,normal,train
C:\DATN\skin-ai-project\ai\data\processed\skin_type\train\normal\normal_train_00841.jpg,normal,train
C:\DATN\skin-ai-project\ai\data\processed\skin_type\train\dry\dry_train_00842.jpg,dry,train
C:\DATN\skin-ai-project\ai\data\processed\skin_type\train\oily\oily_train_00843.jpg,oily,train
C:\DATN\skin-ai-project\ai\data\processed\skin_type\train\normal\normal_train_00844.jpg,normal,train
C:\DATN\skin-ai-project\ai\data\processed\skin_type\train\oily\oily_train_00845.jpg,oily,train
C:\DATN\skin-ai-project\ai\data\processed\skin_type\train\normal\normal_train_00846.jpg,normal,train
C:\DATN\skin-ai-project\ai\data\processed\skin_type\train\dry\dry_train_00847.jpg,dry,train
C:\DATN\skin-ai-project\ai\data\processed\skin_type\train\normal\normal_train_00848.jpg,normal,train
C:\DATN\skin-ai-project\ai\data\processed\skin_type\train\normal\normal_train_00849.jpg,normal,train
C:\DATN\skin-ai-project\ai\data\processed\skin_type\train\normal\normal_train_00850.jpg,normal,train
C:\DATN\skin-ai-project\ai\data\processed\skin_type\train\normal\normal_train_00851.jpg,normal,train
C:\DATN\skin-ai-project\ai\data\processed\skin_type\train\normal\normal_train_00852.jpg,normal,train
C:\DATN\skin-ai-project\ai\data\processed\skin_type\train\normal\normal_train_00853.jpg,normal,train
C:\DATN\skin-ai-project\ai\data\processed\skin_type\train\normal\normal_train_00854.jpg,normal,train
C:\DATN\skin-ai-project\ai\data\processed\skin_type\train\dry\dry_train_00855.jpg,dry,train
C:\DATN\skin-ai-project\ai\data\processed\skin_type\train\normal\normal_train_00856.jpg,normal,train
C:\DATN\skin-ai-project\ai\data\processed\skin_type\train\normal\normal_train_00857.jpg,normal,train
C:\DATN\skin-ai-project\ai\data\processed\skin_type\train\normal\normal_train_00858.jpg,normal,train
C:\DATN\skin-ai-project\ai\data\processed\skin_type\train\normal\normal_train_00859.jpg,normal,train
C:\DATN\skin-ai-project\ai\data\processed\skin_type\train\normal\normal_train_00860.jpg,normal,train
C:\DATN\skin-ai-project\ai\data\processed\skin_type\train\oily\oily_train_00861.jpg,oily,train
C:\DATN\skin-ai-project\ai\data\processed\skin_type\train\dry\dry_train_00862.jpg,dry,train
C:\DATN\skin-ai-project\ai\data\processed\skin_type\train\normal\normal_train_00863.jpg,normal,train
C:\DATN\skin-ai-project\ai\data\processed\skin_type\train\normal\normal_train_00864.jpg,normal,train
C:\DATN\skin-ai-project\ai\data\processed\skin_type\train\normal\normal_train_00865.jpg,normal,train
C:\DATN\skin-ai-project\ai\data\processed\skin_type\train\normal\normal_train_00866.jpg,normal,train
C:\DATN\skin-ai-project\ai\data\processed\skin_type\train\oily\oily_train_00867.jpg,oily,train
C:\DATN\skin-ai-project\ai\data\processed\skin_type\train\normal\normal_train_00868.jpg,normal,train
C:\DATN\skin-ai-project\ai\data\processed\skin_type\train\dry\dry_train_00869.jpg,dry,train
C:\DATN\skin-ai-project\ai\data\processed\skin_type\train\normal\normal_train_00870.jpg,normal,train
C:\DATN\skin-ai-project\ai\data\processed\skin_type\train\normal\normal_train_00871.jpg,normal,train
C:\DATN\skin-ai-project\ai\data\processed\skin_type\train\normal\normal_train_00872.jpg,normal,train
C:\DATN\skin-ai-project\ai\data\processed\skin_type\train\oily\oily_train_00873.jpg,oily,train
C:\DATN\skin-ai-project\ai\data\processed\skin_type\train\normal\normal_train_00874.jpg,normal,train
C:\DATN\skin-ai-project\ai\data\processed\skin_type\train\normal\normal_train_00875.jpg,normal,train
C:\DATN\skin-ai-project\ai\data\processed\skin_type\train\normal\normal_train_00876.jpg,normal,train
C:\DATN\skin-ai-project\ai\data\processed\skin_type\train\dry\dry_train_00877.jpg,dry,train
C:\DATN\skin-ai-project\ai\data\processed\skin_type\train\oily\oily_train_00878.jpg,oily,train
C:\DATN\skin-ai-project\ai\data\processed\skin_type\train\oily\oily_train_00879.jpg,oily,train
C:\DATN\skin-ai-project\ai\data\processed\skin_type\train\normal\normal_train_00880.jpg,normal,train
C:\DATN\skin-ai-project\ai\data\processed\skin_type\train\normal\normal_train_00881.jpg,normal,train
C:\DATN\skin-ai-project\ai\data\processed\skin_type\train\oily\oily_train_00882.jpg,oily,train
C:\DATN\skin-ai-project\ai\data\processed\skin_type\train\oily\oily_train_00883.jpg,oily,train
C:\DATN\skin-ai-project\ai\data\processed\skin_type\train\normal\normal_train_00884.jpg,normal,train
C:\DATN\skin-ai-project\ai\data\processed\skin_type\train\normal\normal_train_00885.jpg,normal,train
C:\DATN\skin-ai-project\ai\data\processed\skin_type\train\oily\oily_train_00886.jpg,oily,train
C:\DATN\skin-ai-project\ai\data\processed\skin_type\train\oily\oily_train_00887.jpg,oily,train
C:\DATN\skin-ai-project\ai\data\processed\skin_type\train\dry\dry_train_00888.jpg,dry,train
C:\DATN\skin-ai-project\ai\data\processed\skin_type\train\normal\normal_train_00889.jpg,normal,train
C:\DATN\skin-ai-project\ai\data\processed\skin_type\train\normal\normal_train_00890.jpg,normal,train
C:\DATN\skin-ai-project\ai\data\processed\skin_type\train\dry\dry_train_00891.jpg,dry,train
C:\DATN\skin-ai-project\ai\data\processed\skin_type\train\oily\oily_train_00892.jpg,oily,train
C:\DATN\skin-ai-project\ai\data\processed\skin_type\train\oily\oily_train_00893.jpg,oily,train
C:\DATN\skin-ai-project\ai\data\processed\skin_type\train\normal\normal_train_00894.jpg,normal,train
C:\DATN\skin-ai-project\ai\data\processed\skin_type\train\normal\normal_train_00895.jpg,normal,train
C:\DATN\skin-ai-project\ai\data\processed\skin_type\train\normal\normal_train_00896.jpg,normal,train
C:\DATN\skin-ai-project\ai\data\processed\skin_type\train\normal\normal_train_00897.jpg,normal,train
C:\DATN\skin-ai-project\ai\data\processed\skin_type\train\oily\oily_train_00898.jpg,oily,train
C:\DATN\skin-ai-project\ai\data\processed\skin_type\train\normal\normal_train_00899.jpg,normal,train
C:\DATN\skin-ai-project\ai\data\processed\skin_type\train\oily\oily_train_00900.jpg,oily,train
C:\DATN\skin-ai-project\ai\data\processed\skin_type\train\normal\normal_train_00901.jpg,normal,train
C:\DATN\skin-ai-project\ai\data\processed\skin_type\train\normal\normal_train_00902.jpg,normal,train
C:\DATN\skin-ai-project\ai\data\processed\skin_type\train\normal\normal_train_00903.jpg,normal,train
C:\DATN\skin-ai-project\ai\data\processed\skin_type\train\normal\normal_train_00904.jpg,normal,train
C:\DATN\skin-ai-project\ai\data\processed\skin_type\train\normal\normal_train_00905.jpg,normal,train
C:\DATN\skin-ai-project\ai\data\processed\skin_type\train\normal\normal_train_00906.jpg,normal,train
C:\DATN\skin-ai-project\ai\data\processed\skin_type\train\dry\dry_train_00907.jpg,dry,train
C:\DATN\skin-ai-project\ai\data\processed\skin_type\train\normal\normal_train_00908.jpg,normal,train
C:\DATN\skin-ai-project\ai\data\processed\skin_type\train\normal\normal_train_00909.jpg,normal,train
C:\DATN\skin-ai-project\ai\data\processed\skin_type\train\normal\normal_train_00910.jpg,normal,train
C:\DATN\skin-ai-project\ai\data\processed\skin_type\train\normal\normal_train_00911.jpg,normal,train
C:\DATN\skin-ai-project\ai\data\processed\skin_type\train\oily\oily_train_00912.jpg,oily,train
C:\DATN\skin-ai-project\ai\data\processed\skin_type\train\oily\oily_train_00913.jpg,oily,train
C:\DATN\skin-ai-project\ai\data\processed\skin_type\train\oily\oily_train_00914.jpg,oily,train
C:\DATN\skin-ai-project\ai\data\processed\skin_type\train\normal\normal_train_00915.jpg,normal,train
C:\DATN\skin-ai-project\ai\data\processed\skin_type\train\oily\oily_train_00916.jpg,oily,train
C:\DATN\skin-ai-project\ai\data\processed\skin_type\train\oily\oily_train_00917.jpg,oily,train
C:\DATN\skin-ai-project\ai\data\processed\skin_type\train\normal\normal_train_00918.jpg,normal,train
C:\DATN\skin-ai-project\ai\data\processed\skin_type\train\normal\normal_train_00919.jpg,normal,train
C:\DATN\skin-ai-project\ai\data\processed\skin_type\train\normal\normal_train_00920.jpg,normal,train
C:\DATN\skin-ai-project\ai\data\processed\skin_type\train\normal\normal_train_00921.jpg,normal,train
C:\DATN\skin-ai-project\ai\data\processed\skin_type\train\normal\normal_train_00922.jpg,normal,train
C:\DATN\skin-ai-project\ai\data\processed\skin_type\train\normal\normal_train_00923.jpg,normal,train
C:\DATN\skin-ai-project\ai\data\processed\skin_type\train\normal\normal_train_00924.jpg,normal,train
C:\DATN\skin-ai-project\ai\data\processed\skin_type\train\normal\normal_train_00925.jpg,normal,train
C:\DATN\skin-ai-project\ai\data\processed\skin_type\train\normal\normal_train_00926.jpg,normal,train
C:\DATN\skin-ai-project\ai\data\processed\skin_type\train\normal\normal_train_00927.jpg,normal,train
C:\DATN\skin-ai-project\ai\data\processed\skin_type\train\normal\normal_train_00928.jpg,normal,train
C:\DATN\skin-ai-project\ai\data\processed\skin_type\train\normal\normal_train_00929.jpg,normal,train
C:\DATN\skin-ai-project\ai\data\processed\skin_type\train\dry\dry_train_00930.jpg,dry,train
C:\DATN\skin-ai-project\ai\data\processed\skin_type\train\normal\normal_train_00931.jpg,normal,train
C:\DATN\skin-ai-project\ai\data\processed\skin_type\train\oily\oily_train_00932.jpg,oily,train
C:\DATN\skin-ai-project\ai\data\processed\skin_type\train\normal\normal_train_00933.jpg,normal,train
C:\DATN\skin-ai-project\ai\data\processed\skin_type\train\dry\dry_train_00934.jpg,dry,train
C:\DATN\skin-ai-project\ai\data\processed\skin_type\train\normal\normal_train_00935.jpg,normal,train
C:\DATN\skin-ai-project\ai\data\processed\skin_type\train\oily\oily_train_00936.jpg,oily,train
C:\DATN\skin-ai-project\ai\data\processed\skin_type\train\normal\normal_train_00937.jpg,normal,train
C:\DATN\skin-ai-project\ai\data\processed\skin_type\train\normal\normal_train_00938.jpg,normal,train
C:\DATN\skin-ai-project\ai\data\processed\skin_type\train\dry\dry_train_00939.jpg,dry,train
C:\DATN\skin-ai-project\ai\data\processed\skin_type\train\oily\oily_train_00940.jpg,oily,train
C:\DATN\skin-ai-project\ai\data\processed\skin_type\train\dry\dry_train_00941.jpg,dry,train
C:\DATN\skin-ai-project\ai\data\processed\skin_type\train\normal\normal_train_00942.jpg,normal,train
C:\DATN\skin-ai-project\ai\data\processed\skin_type\train\normal\normal_train_00943.jpg,normal,train
C:\DATN\skin-ai-project\ai\data\processed\skin_type\train\normal\normal_train_00944.jpg,normal,train
C:\DATN\skin-ai-project\ai\data\processed\skin_type\train\normal\normal_train_00945.jpg,normal,train
C:\DATN\skin-ai-project\ai\data\processed\skin_type\train\normal\normal_train_00946.jpg,normal,train
C:\DATN\skin-ai-project\ai\data\processed\skin_type\train\normal\normal_train_00947.jpg,normal,train
C:\DATN\skin-ai-project\ai\data\processed\skin_type\train\normal\normal_train_00948.jpg,normal,train
C:\DATN\skin-ai-project\ai\data\processed\skin_type\train\normal\normal_train_00949.jpg,normal,train
C:\DATN\skin-ai-project\ai\data\processed\skin_type\train\normal\normal_train_00950.jpg,normal,train
C:\DATN\skin-ai-project\ai\data\processed\skin_type\train\normal\normal_train_00951.jpg,normal,train
C:\DATN\skin-ai-project\ai\data\processed\skin_type\train\dry\dry_train_00952.jpg,dry,train
C:\DATN\skin-ai-project\ai\data\processed\skin_type\train\normal\normal_train_00953.jpg,normal,train
C:\DATN\skin-ai-project\ai\data\processed\skin_type\train\normal\normal_train_00954.jpg,normal,train
C:\DATN\skin-ai-project\ai\data\processed\skin_type\train\dry\dry_train_00955.jpg,dry,train
C:\DATN\skin-ai-project\ai\data\processed\skin_type\train\normal\normal_train_00956.jpg,normal,train
C:\DATN\skin-ai-project\ai\data\processed\skin_type\train\normal\normal_train_00957.jpg,normal,train
C:\DATN\skin-ai-project\ai\data\processed\skin_type\train\normal\normal_train_00958.jpg,normal,train
C:\DATN\skin-ai-project\ai\data\processed\skin_type\train\normal\normal_train_00959.jpg,normal,train
C:\DATN\skin-ai-project\ai\data\processed\skin_type\train\normal\normal_train_00960.jpg,normal,train
C:\DATN\skin-ai-project\ai\data\processed\skin_type\train\normal\normal_train_00961.jpg,normal,train
C:\DATN\skin-ai-project\ai\data\processed\skin_type\train\normal\normal_train_00962.jpg,normal,train
C:\DATN\skin-ai-project\ai\data\processed\skin_type\train\dry\dry_train_00963.jpg,dry,train
C:\DATN\skin-ai-project\ai\data\processed\skin_type\train\normal\normal_train_00964.jpg,normal,train
C:\DATN\skin-ai-project\ai\data\processed\skin_type\train\normal\normal_train_00965.jpg,normal,train
C:\DATN\skin-ai-project\ai\data\processed\skin_type\train\normal\normal_train_00966.jpg,normal,train
C:\DATN\skin-ai-project\ai\data\processed\skin_type\train\normal\normal_train_00967.jpg,normal,train
C:\DATN\skin-ai-project\ai\data\processed\skin_type\train\normal\normal_train_00968.jpg,normal,train
C:\DATN\skin-ai-project\ai\data\processed\skin_type\train\normal\normal_train_00969.jpg,normal,train
C:\DATN\skin-ai-project\ai\data\processed\skin_type\train\normal\normal_train_00970.jpg,normal,train
C:\DATN\skin-ai-project\ai\data\processed\skin_type\train\normal\normal_train_00971.jpg,normal,train
C:\DATN\skin-ai-project\ai\data\processed\skin_type\train\normal\normal_train_00972.jpg,normal,train
C:\DATN\skin-ai-project\ai\data\processed\skin_type\train\normal\normal_train_00973.jpg,normal,train
C:\DATN\skin-ai-project\ai\data\processed\skin_type\train\normal\normal_train_00974.jpg,normal,train
C:\DATN\skin-ai-project\ai\data\processed\skin_type\train\oily\oily_train_00975.jpg,oily,train
C:\DATN\skin-ai-project\ai\data\processed\skin_type\train\dry\dry_train_00976.jpg,dry,train
C:\DATN\skin-ai-project\ai\data\processed\skin_type\train\oily\oily_train_00977.jpg,oily,train
C:\DATN\skin-ai-project\ai\data\processed\skin_type\train\normal\normal_train_00978.jpg,normal,train
C:\DATN\skin-ai-project\ai\data\processed\skin_type\train\normal\normal_train_00979.jpg,normal,train
C:\DATN\skin-ai-project\ai\data\processed\skin_type\train\dry\dry_train_00980.jpg,dry,train
C:\DATN\skin-ai-project\ai\data\processed\skin_type\train\normal\normal_train_00981.jpg,normal,train
C:\DATN\skin-ai-project\ai\data\processed\skin_type\train\normal\normal_train_00982.jpg,normal,train
C:\DATN\skin-ai-project\ai\data\processed\skin_type\train\normal\normal_train_00983.jpg,normal,train
C:\DATN\skin-ai-project\ai\data\processed\skin_type\train\oily\oily_train_00984.jpg,oily,train
C:\DATN\skin-ai-project\ai\data\processed\skin_type\train\oily\oily_train_00985.jpg,oily,train
C:\DATN\skin-ai-project\ai\data\processed\skin_type\train\normal\normal_train_00986.jpg,normal,train
C:\DATN\skin-ai-project\ai\data\processed\skin_type\train\normal\normal_train_00987.jpg,normal,train
C:\DATN\skin-ai-project\ai\data\processed\skin_type\train\dry\dry_train_00988.jpg,dry,train
C:\DATN\skin-ai-project\ai\data\processed\skin_type\train\normal\normal_train_00989.jpg,normal,train
C:\DATN\skin-ai-project\ai\data\processed\skin_type\train\normal\normal_train_00990.jpg,normal,train
C:\DATN\skin-ai-project\ai\data\processed\skin_type\train\dry\dry_train_00991.jpg,dry,train
C:\DATN\skin-ai-project\ai\data\processed\skin_type\train\normal\normal_train_00992.jpg,normal,train
C:\DATN\skin-ai-project\ai\data\processed\skin_type\train\oily\oily_train_00993.jpg,oily,train
C:\DATN\skin-ai-project\ai\data\processed\skin_type\train\normal\normal_train_00994.jpg,normal,train
C:\DATN\skin-ai-project\ai\data\processed\skin_type\train\oily\oily_train_00995.jpg,oily,train
C:\DATN\skin-ai-project\ai\data\processed\skin_type\train\normal\normal_train_00996.jpg,normal,train
C:\DATN\skin-ai-project\ai\data\processed\skin_type\train\oily\oily_train_00997.jpg,oily,train
C:\DATN\skin-ai-project\ai\data\processed\skin_type\train\oily\oily_train_00998.jpg,oily,train
C:\DATN\skin-ai-project\ai\data\processed\skin_type\train\normal\normal_train_00999.jpg,normal,train
C:\DATN\skin-ai-project\ai\data\processed\skin_type\train\normal\normal_train_01000.jpg,normal,train
C:\DATN\skin-ai-project\ai\data\processed\skin_type\train\dry\dry_train_01001.jpg,dry,train
C:\DATN\skin-ai-project\ai\data\processed\skin_type\train\dry\dry_train_01002.jpg,dry,train
C:\DATN\skin-ai-project\ai\data\processed\skin_type\train\normal\normal_train_01003.jpg,normal,train
C:\DATN\skin-ai-project\ai\data\processed\skin_type\train\normal\normal_train_01004.jpg,normal,train
C:\DATN\skin-ai-project\ai\data\processed\skin_type\train\normal\normal_train_01005.jpg,normal,train
C:\DATN\skin-ai-project\ai\data\processed\skin_type\train\normal\normal_train_01006.jpg,normal,train
C:\DATN\skin-ai-project\ai\data\processed\skin_type\train\dry\dry_train_01007.jpg,dry,train
C:\DATN\skin-ai-project\ai\data\processed\skin_type\train\normal\normal_train_01008.jpg,normal,train
C:\DATN\skin-ai-project\ai\data\processed\skin_type\train\normal\normal_train_01009.jpg,normal,train
C:\DATN\skin-ai-project\ai\data\processed\skin_type\train\normal\normal_train_01010.jpg,normal,train
C:\DATN\skin-ai-project\ai\data\processed\skin_type\train\normal\normal_train_01011.jpg,normal,train
C:\DATN\skin-ai-project\ai\data\processed\skin_type\train\normal\normal_train_01012.jpg,normal,train
C:\DATN\skin-ai-project\ai\data\processed\skin_type\train\normal\normal_train_01013.jpg,normal,train
C:\DATN\skin-ai-project\ai\data\processed\skin_type\train\normal\normal_train_01014.jpg,normal,train
C:\DATN\skin-ai-project\ai\data\processed\skin_type\train\dry\dry_train_01015.jpg,dry,train
C:\DATN\skin-ai-project\ai\data\processed\skin_type\train\normal\normal_train_01016.jpg,normal,train
C:\DATN\skin-ai-project\ai\data\processed\skin_type\train\oily\oily_train_01017.jpg,oily,train
C:\DATN\skin-ai-project\ai\data\processed\skin_type\train\normal\normal_train_01018.jpg,normal,train
C:\DATN\skin-ai-project\ai\data\processed\skin_type\train\normal\normal_train_01019.jpg,normal,train
C:\DATN\skin-ai-project\ai\data\processed\skin_type\train\normal\normal_train_01020.jpg,normal,train
C:\DATN\skin-ai-project\ai\data\processed\skin_type\train\oily\oily_train_01021.jpg,oily,train
C:\DATN\skin-ai-project\ai\data\processed\skin_type\train\normal\normal_train_01022.jpg,normal,train
C:\DATN\skin-ai-project\ai\data\processed\skin_type\train\oily\oily_train_01023.jpg,oily,train
C:\DATN\skin-ai-project\ai\data\processed\skin_type\train\normal\normal_train_01024.jpg,normal,train
C:\DATN\skin-ai-project\ai\data\processed\skin_type\train\normal\normal_train_01025.jpg,normal,train
C:\DATN\skin-ai-project\ai\data\processed\skin_type\train\normal\normal_train_01026.jpg,normal,train
C:\DATN\skin-ai-project\ai\data\processed\skin_type\train\normal\normal_train_01027.jpg,normal,train
C:\DATN\skin-ai-project\ai\data\processed\skin_type\train\normal\normal_train_01028.jpg,normal,train
C:\DATN\skin-ai-project\ai\data\processed\skin_type\train\normal\normal_train_01029.jpg,normal,train
C:\DATN\skin-ai-project\ai\data\processed\skin_type\train\normal\normal_train_01030.jpg,normal,train
C:\DATN\skin-ai-project\ai\data\processed\skin_type\train\oily\oily_train_01031.jpg,oily,train
C:\DATN\skin-ai-project\ai\data\processed\skin_type\train\normal\normal_train_01032.jpg,normal,train
C:\DATN\skin-ai-project\ai\data\processed\skin_type\train\dry\dry_train_01033.jpg,dry,train
C:\DATN\skin-ai-project\ai\data\processed\skin_type\train\dry\dry_train_01034.jpg,dry,train
C:\DATN\skin-ai-project\ai\data\processed\skin_type\train\normal\normal_train_01035.jpg,normal,train
C:\DATN\skin-ai-project\ai\data\processed\skin_type\train\normal\normal_train_01036.jpg,normal,train
C:\DATN\skin-ai-project\ai\data\processed\skin_type\train\normal\normal_train_01037.jpg,normal,train
C:\DATN\skin-ai-project\ai\data\processed\skin_type\train\dry\dry_train_01038.jpg,dry,train
C:\DATN\skin-ai-project\ai\data\processed\skin_type\train\normal\normal_train_01039.jpg,normal,train
C:\DATN\skin-ai-project\ai\data\processed\skin_type\train\oily\oily_train_01040.jpg,oily,train
C:\DATN\skin-ai-project\ai\data\processed\skin_type\train\normal\normal_train_01041.jpg,normal,train
C:\DATN\skin-ai-project\ai\data\processed\skin_type\train\oily\oily_train_01042.jpg,oily,train
C:\DATN\skin-ai-project\ai\data\processed\skin_type\train\dry\dry_train_01043.jpg,dry,train
C:\DATN\skin-ai-project\ai\data\processed\skin_type\train\normal\normal_train_01044.jpg,normal,train
C:\DATN\skin-ai-project\ai\data\processed\skin_type\train\normal\normal_train_01045.jpg,normal,train
C:\DATN\skin-ai-project\ai\data\processed\skin_type\train\oily\oily_train_01046.jpg,oily,train
C:\DATN\skin-ai-project\ai\data\processed\skin_type\train\dry\dry_train_01047.jpg,dry,train
C:\DATN\skin-ai-project\ai\data\processed\skin_type\train\normal\normal_train_01048.jpg,normal,train
C:\DATN\skin-ai-project\ai\data\processed\skin_type\train\dry\dry_train_01049.jpg,dry,train
C:\DATN\skin-ai-project\ai\data\processed\skin_type\train\oily\oily_train_01050.jpg,oily,train
C:\DATN\skin-ai-project\ai\data\processed\skin_type\train\dry\dry_train_01051.jpg,dry,train
C:\DATN\skin-ai-project\ai\data\processed\skin_type\train\dry\dry_train_01052.jpg,dry,train
C:\DATN\skin-ai-project\ai\data\processed\skin_type\train\normal\normal_train_01053.jpg,normal,train
C:\DATN\skin-ai-project\ai\data\processed\skin_type\train\dry\dry_train_01054.jpg,dry,train
C:\DATN\skin-ai-project\ai\data\processed\skin_type\train\normal\normal_train_01055.jpg,normal,train
C:\DATN\skin-ai-project\ai\data\processed\skin_type\train\dry\dry_train_01056.jpg,dry,train
C:\DATN\skin-ai-project\ai\data\processed\skin_type\train\normal\normal_train_01057.jpg,normal,train
C:\DATN\skin-ai-project\ai\data\processed\skin_type\train\normal\normal_train_01058.jpg,normal,train
C:\DATN\skin-ai-project\ai\data\processed\skin_type\train\dry\dry_train_01059.jpg,dry,train
C:\DATN\skin-ai-project\ai\data\processed\skin_type\train\dry\dry_train_01060.jpg,dry,train
C:\DATN\skin-ai-project\ai\data\processed\skin_type\train\oily\oily_train_01061.jpg,oily,train
C:\DATN\skin-ai-project\ai\data\processed\skin_type\train\normal\normal_train_01062.jpg,normal,train
C:\DATN\skin-ai-project\ai\data\processed\skin_type\train\normal\normal_train_01063.jpg,normal,train
C:\DATN\skin-ai-project\ai\data\processed\skin_type\train\oily\oily_train_01064.jpg,oily,train
C:\DATN\skin-ai-project\ai\data\processed\skin_type\train\normal\normal_train_01065.jpg,normal,train
C:\DATN\skin-ai-project\ai\data\processed\skin_type\train\normal\normal_train_01066.jpg,normal,train
C:\DATN\skin-ai-project\ai\data\processed\skin_type\train\normal\normal_train_01067.jpg,normal,train
C:\DATN\skin-ai-project\ai\data\processed\skin_type\train\oily\oily_train_01068.jpg,oily,train
C:\DATN\skin-ai-project\ai\data\processed\skin_type\train\normal\normal_train_01069.jpg,normal,train
C:\DATN\skin-ai-project\ai\data\processed\skin_type\train\normal\normal_train_01070.jpg,normal,train
C:\DATN\skin-ai-project\ai\data\processed\skin_type\train\normal\normal_train_01071.jpg,normal,train
C:\DATN\skin-ai-project\ai\data\processed\skin_type\train\normal\normal_train_01072.jpg,normal,train
C:\DATN\skin-ai-project\ai\data\processed\skin_type\train\normal\normal_train_01073.jpg,normal,train
C:\DATN\skin-ai-project\ai\data\processed\skin_type\train\normal\normal_train_01074.jpg,normal,train
C:\DATN\skin-ai-project\ai\data\processed\skin_type\train\oily\oily_train_01075.jpg,oily,train
C:\DATN\skin-ai-project\ai\data\processed\skin_type\train\normal\normal_train_01076.jpg,normal,train
C:\DATN\skin-ai-project\ai\data\processed\skin_type\train\normal\normal_train_01077.jpg,normal,train
C:\DATN\skin-ai-project\ai\data\processed\skin_type\train\dry\dry_train_01078.jpg,dry,train
C:\DATN\skin-ai-project\ai\data\processed\skin_type\train\normal\normal_train_01079.jpg,normal,train
C:\DATN\skin-ai-project\ai\data\processed\skin_type\train\normal\normal_train_01080.jpg,normal,train
C:\DATN\skin-ai-project\ai\data\processed\skin_type\train\normal\normal_train_01081.jpg,normal,train
C:\DATN\skin-ai-project\ai\data\processed\skin_type\train\oily\oily_train_01082.jpg,oily,train
C:\DATN\skin-ai-project\ai\data\processed\skin_type\train\normal\normal_train_01083.jpg,normal,train
C:\DATN\skin-ai-project\ai\data\processed\skin_type\train\oily\oily_train_01084.jpg,oily,train
C:\DATN\skin-ai-project\ai\data\processed\skin_type\train\oily\oily_train_01085.jpg,oily,train
C:\DATN\skin-ai-project\ai\data\processed\skin_type\train\dry\dry_train_01086.jpg,dry,train
C:\DATN\skin-ai-project\ai\data\processed\skin_type\train\normal\normal_train_01087.jpg,normal,train
C:\DATN\skin-ai-project\ai\data\processed\skin_type\train\oily\oily_train_01088.jpg,oily,train
C:\DATN\skin-ai-project\ai\data\processed\skin_type\train\normal\normal_train_01089.jpg,normal,train
C:\DATN\skin-ai-project\ai\data\processed\skin_type\train\normal\normal_train_01090.jpg,normal,train
C:\DATN\skin-ai-project\ai\data\processed\skin_type\train\oily\oily_train_01091.jpg,oily,train
C:\DATN\skin-ai-project\ai\data\processed\skin_type\train\normal\normal_train_01092.jpg,normal,train
C:\DATN\skin-ai-project\ai\data\processed\skin_type\train\normal\normal_train_01093.jpg,normal,train
C:\DATN\skin-ai-project\ai\data\processed\skin_type\train\oily\oily_train_01094.jpg,oily,train
C:\DATN\skin-ai-project\ai\data\processed\skin_type\train\oily\oily_train_01095.jpg,oily,train
C:\DATN\skin-ai-project\ai\data\processed\skin_type\train\normal\normal_train_01096.jpg,normal,train
C:\DATN\skin-ai-project\ai\data\processed\skin_type\train\normal\normal_train_01097.jpg,normal,train
C:\DATN\skin-ai-project\ai\data\processed\skin_type\train\oily\oily_train_01098.jpg,oily,train
C:\DATN\skin-ai-project\ai\data\processed\skin_type\train\oily\oily_train_01099.jpg,oily,train
C:\DATN\skin-ai-project\ai\data\processed\skin_type\train\oily\oily_train_01100.jpg,oily,train
C:\DATN\skin-ai-project\ai\data\processed\skin_type\train\oily\oily_train_01101.jpg,oily,train
C:\DATN\skin-ai-project\ai\data\processed\skin_type\train\normal\normal_train_01102.jpg,normal,train
C:\DATN\skin-ai-project\ai\data\processed\skin_type\train\normal\normal_train_01103.jpg,normal,train
C:\DATN\skin-ai-project\ai\data\processed\skin_type\train\normal\normal_train_01104.jpg,normal,train
C:\DATN\skin-ai-project\ai\data\processed\skin_type\train\dry\dry_train_01105.jpg,dry,train
C:\DATN\skin-ai-project\ai\data\processed\skin_type\train\dry\dry_train_01106.jpg,dry,train
C:\DATN\skin-ai-project\ai\data\processed\skin_type\train\normal\normal_train_01107.jpg,normal,train
C:\DATN\skin-ai-project\ai\data\processed\skin_type\train\dry\dry_train_01108.jpg,dry,train
C:\DATN\skin-ai-project\ai\data\processed\skin_type\train\normal\normal_train_01109.jpg,normal,train
C:\DATN\skin-ai-project\ai\data\processed\skin_type\train\normal\normal_train_01110.jpg,normal,train
C:\DATN\skin-ai-project\ai\data\processed\skin_type\train\oily\oily_train_01111.jpg,oily,train
C:\DATN\skin-ai-project\ai\data\processed\skin_type\train\normal\normal_train_01112.jpg,normal,train
C:\DATN\skin-ai-project\ai\data\processed\skin_type\train\oily\oily_train_01113.jpg,oily,train
C:\DATN\skin-ai-project\ai\data\processed\skin_type\train\oily\oily_train_01114.jpg,oily,train
C:\DATN\skin-ai-project\ai\data\processed\skin_type\train\normal\normal_train_01115.jpg,normal,train
C:\DATN\skin-ai-project\ai\data\processed\skin_type\train\oily\oily_train_01116.jpg,oily,train
C:\DATN\skin-ai-project\ai\data\processed\skin_type\train\normal\normal_train_01117.jpg,normal,train
C:\DATN\skin-ai-project\ai\data\processed\skin_type\train\normal\normal_train_01118.jpg,normal,train
C:\DATN\skin-ai-project\ai\data\processed\skin_type\train\dry\dry_train_01119.jpg,dry,train
C:\DATN\skin-ai-project\ai\data\processed\skin_type\train\dry\dry_train_01120.jpg,dry,train
C:\DATN\skin-ai-project\ai\data\processed\skin_type\train\normal\normal_train_01121.jpg,normal,train
C:\DATN\skin-ai-project\ai\data\processed\skin_type\train\normal\normal_train_01122.jpg,normal,train
C:\DATN\skin-ai-project\ai\data\processed\skin_type\train\oily\oily_train_01123.jpg,oily,train
C:\DATN\skin-ai-project\ai\data\processed\skin_type\train\oily\oily_train_01124.jpg,oily,train
C:\DATN\skin-ai-project\ai\data\processed\skin_type\train\oily\oily_train_01125.jpg,oily,train
C:\DATN\skin-ai-project\ai\data\processed\skin_type\train\dry\dry_train_01126.jpg,dry,train
C:\DATN\skin-ai-project\ai\data\processed\skin_type\train\normal\normal_train_01127.jpg,normal,train
C:\DATN\skin-ai-project\ai\data\processed\skin_type\train\normal\normal_train_01128.jpg,normal,train
C:\DATN\skin-ai-project\ai\data\processed\skin_type\train\dry\dry_train_01129.jpg,dry,train
C:\DATN\skin-ai-project\ai\data\processed\skin_type\train\normal\normal_train_01130.jpg,normal,train
C:\DATN\skin-ai-project\ai\data\processed\skin_type\train\normal\normal_train_01131.jpg,normal,train
C:\DATN\skin-ai-project\ai\data\processed\skin_type\train\normal\normal_train_01132.jpg,normal,train
C:\DATN\skin-ai-project\ai\data\processed\skin_type\train\normal\normal_train_01133.jpg,normal,train
C:\DATN\skin-ai-project\ai\data\processed\skin_type\train\oily\oily_train_01134.jpg,oily,train
C:\DATN\skin-ai-project\ai\data\processed\skin_type\train\oily\oily_train_01135.jpg,oily,train
C:\DATN\skin-ai-project\ai\data\processed\skin_type\train\normal\normal_train_01136.jpg,normal,train
C:\DATN\skin-ai-project\ai\data\processed\skin_type\train\normal\normal_train_01137.jpg,normal,train
C:\DATN\skin-ai-project\ai\data\processed\skin_type\train\normal\normal_train_01138.jpg,normal,train
C:\DATN\skin-ai-project\ai\data\processed\skin_type\train\oily\oily_train_01139.jpg,oily,train
C:\DATN\skin-ai-project\ai\data\processed\skin_type\train\normal\normal_train_01140.jpg,normal,train
C:\DATN\skin-ai-project\ai\data\processed\skin_type\train\normal\normal_train_01141.jpg,normal,train
C:\DATN\skin-ai-project\ai\data\processed\skin_type\train\normal\normal_train_01142.jpg,normal,train
C:\DATN\skin-ai-project\ai\data\processed\skin_type\train\normal\normal_train_01143.jpg,normal,train
C:\DATN\skin-ai-project\ai\data\processed\skin_type\train\normal\normal_train_01144.jpg,normal,train
C:\DATN\skin-ai-project\ai\data\processed\skin_type\train\normal\normal_train_01145.jpg,normal,train
C:\DATN\skin-ai-project\ai\data\processed\skin_type\train\normal\normal_train_01146.jpg,normal,train
C:\DATN\skin-ai-project\ai\data\processed\skin_type\train\normal\normal_train_01147.jpg,normal,train
C:\DATN\skin-ai-project\ai\data\processed\skin_type\train\normal\normal_train_01148.jpg,normal,train
C:\DATN\skin-ai-project\ai\data\processed\skin_type\train\normal\normal_train_01149.jpg,normal,train
C:\DATN\skin-ai-project\ai\data\processed\skin_type\train\oily\oily_train_01150.jpg,oily,train
C:\DATN\skin-ai-project\ai\data\processed\skin_type\train\normal\normal_train_01151.jpg,normal,train
C:\DATN\skin-ai-project\ai\data\processed\skin_type\train\normal\normal_train_01152.jpg,normal,train
C:\DATN\skin-ai-project\ai\data\processed\skin_type\train\oily\oily_train_01153.jpg,oily,train
C:\DATN\skin-ai-project\ai\data\processed\skin_type\train\normal\normal_train_01154.jpg,normal,train
C:\DATN\skin-ai-project\ai\data\processed\skin_type\train\dry\dry_train_01155.jpg,dry,train
C:\DATN\skin-ai-project\ai\data\processed\skin_type\train\normal\normal_train_01156.jpg,normal,train
C:\DATN\skin-ai-project\ai\data\processed\skin_type\train\oily\oily_train_01157.jpg,oily,train
C:\DATN\skin-ai-project\ai\data\processed\skin_type\train\normal\normal_train_01158.jpg,normal,train
C:\DATN\skin-ai-project\ai\data\processed\skin_type\train\normal\normal_train_01159.jpg,normal,train
C:\DATN\skin-ai-project\ai\data\processed\skin_type\train\normal\normal_train_01160.jpg,normal,train
C:\DATN\skin-ai-project\ai\data\processed\skin_type\train\normal\normal_train_01161.jpg,normal,train
C:\DATN\skin-ai-project\ai\data\processed\skin_type\train\normal\normal_train_01162.jpg,normal,train
C:\DATN\skin-ai-project\ai\data\processed\skin_type\train\normal\normal_train_01163.jpg,normal,train
C:\DATN\skin-ai-project\ai\data\processed\skin_type\train\dry\dry_train_01164.jpg,dry,train
C:\DATN\skin-ai-project\ai\data\processed\skin_type\train\normal\normal_train_01165.jpg,normal,train
C:\DATN\skin-ai-project\ai\data\processed\skin_type\train\normal\normal_train_01166.jpg,normal,train
C:\DATN\skin-ai-project\ai\data\processed\skin_type\train\oily\oily_train_01167.jpg,oily,train
C:\DATN\skin-ai-project\ai\data\processed\skin_type\train\normal\normal_train_01168.jpg,normal,train
C:\DATN\skin-ai-project\ai\data\processed\skin_type\train\oily\oily_train_01169.jpg,oily,train
C:\DATN\skin-ai-project\ai\data\processed\skin_type\train\oily\oily_train_01170.jpg,oily,train
C:\DATN\skin-ai-project\ai\data\processed\skin_type\train\oily\oily_train_01171.jpg,oily,train
C:\DATN\skin-ai-project\ai\data\processed\skin_type\train\normal\normal_train_01172.jpg,normal,train
C:\DATN\skin-ai-project\ai\data\processed\skin_type\train\normal\normal_train_01173.jpg,normal,train
C:\DATN\skin-ai-project\ai\data\processed\skin_type\train\normal\normal_train_01174.jpg,normal,train
C:\DATN\skin-ai-project\ai\data\processed\skin_type\train\normal\normal_train_01175.jpg,normal,train
C:\DATN\skin-ai-project\ai\data\processed\skin_type\train\oily\oily_train_01176.jpg,oily,train
C:\DATN\skin-ai-project\ai\data\processed\skin_type\train\normal\normal_train_01177.jpg,normal,train
C:\DATN\skin-ai-project\ai\data\processed\skin_type\train\normal\normal_train_01178.jpg,normal,train
C:\DATN\skin-ai-project\ai\data\processed\skin_type\train\normal\normal_train_01179.jpg,normal,train
C:\DATN\skin-ai-project\ai\data\processed\skin_type\train\normal\normal_train_01180.jpg,normal,train
C:\DATN\skin-ai-project\ai\data\processed\skin_type\train\normal\normal_train_01181.jpg,normal,train
C:\DATN\skin-ai-project\ai\data\processed\skin_type\train\dry\dry_train_01182.jpg,dry,train
C:\DATN\skin-ai-project\ai\data\processed\skin_type\train\oily\oily_train_01183.jpg,oily,train
C:\DATN\skin-ai-project\ai\data\processed\skin_type\train\dry\dry_train_01184.jpg,dry,train
C:\DATN\skin-ai-project\ai\data\processed\skin_type\train\dry\dry_train_01185.jpg,dry,train
C:\DATN\skin-ai-project\ai\data\processed\skin_type\train\normal\normal_train_01186.jpg,normal,train
C:\DATN\skin-ai-project\ai\data\processed\skin_type\train\oily\oily_train_01187.jpg,oily,train
C:\DATN\skin-ai-project\ai\data\processed\skin_type\train\normal\normal_train_01188.jpg,normal,train
C:\DATN\skin-ai-project\ai\data\processed\skin_type\train\oily\oily_train_01189.jpg,oily,train
C:\DATN\skin-ai-project\ai\data\processed\skin_type\train\normal\normal_train_01190.jpg,normal,train
C:\DATN\skin-ai-project\ai\data\processed\skin_type\train\normal\normal_train_01191.jpg,normal,train
C:\DATN\skin-ai-project\ai\data\processed\skin_type\train\normal\normal_train_01192.jpg,normal,train
C:\DATN\skin-ai-project\ai\data\processed\skin_type\train\normal\normal_train_01193.jpg,normal,train
C:\DATN\skin-ai-project\ai\data\processed\skin_type\train\normal\normal_train_01194.jpg,normal,train
C:\DATN\skin-ai-project\ai\data\processed\skin_type\train\dry\dry_train_01195.jpg,dry,train
C:\DATN\skin-ai-project\ai\data\processed\skin_type\train\normal\normal_train_01196.jpg,normal,train
C:\DATN\skin-ai-project\ai\data\processed\skin_type\train\dry\dry_train_01197.jpg,dry,train
C:\DATN\skin-ai-project\ai\data\processed\skin_type\train\normal\normal_train_01198.jpg,normal,train
C:\DATN\skin-ai-project\ai\data\processed\skin_type\train\dry\dry_train_01199.jpg,dry,train
C:\DATN\skin-ai-project\ai\data\processed\skin_type\train\normal\normal_train_01200.jpg,normal,train
C:\DATN\skin-ai-project\ai\data\processed\skin_type\train\normal\normal_train_01201.jpg,normal,train
C:\DATN\skin-ai-project\ai\data\processed\skin_type\train\dry\dry_train_01202.jpg,dry,train
C:\DATN\skin-ai-project\ai\data\processed\skin_type\train\dry\dry_train_01203.jpg,dry,train
C:\DATN\skin-ai-project\ai\data\processed\skin_type\train\dry\dry_train_01204.jpg,dry,train
C:\DATN\skin-ai-project\ai\data\processed\skin_type\train\normal\normal_train_01205.jpg,normal,train
C:\DATN\skin-ai-project\ai\data\processed\skin_type\train\normal\normal_train_01206.jpg,normal,train
C:\DATN\skin-ai-project\ai\data\processed\skin_type\train\normal\normal_train_01207.jpg,normal,train
C:\DATN\skin-ai-project\ai\data\processed\skin_type\train\normal\normal_train_01208.jpg,normal,train
C:\DATN\skin-ai-project\ai\data\processed\skin_type\train\dry\dry_train_01209.jpg,dry,train
C:\DATN\skin-ai-project\ai\data\processed\skin_type\train\normal\normal_train_01210.jpg,normal,train
C:\DATN\skin-ai-project\ai\data\processed\skin_type\train\dry\dry_train_01211.jpg,dry,train
C:\DATN\skin-ai-project\ai\data\processed\skin_type\train\oily\oily_train_01212.jpg,oily,train
C:\DATN\skin-ai-project\ai\data\processed\skin_type\train\normal\normal_train_01213.jpg,normal,train
C:\DATN\skin-ai-project\ai\data\processed\skin_type\train\oily\oily_train_01214.jpg,oily,train
C:\DATN\skin-ai-project\ai\data\processed\skin_type\train\dry\dry_train_01215.jpg,dry,train
C:\DATN\skin-ai-project\ai\data\processed\skin_type\train\oily\oily_train_01216.jpg,oily,train
C:\DATN\skin-ai-project\ai\data\processed\skin_type\train\dry\dry_train_01217.jpg,dry,train
C:\DATN\skin-ai-project\ai\data\processed\skin_type\train\normal\normal_train_01218.jpg,normal,train
C:\DATN\skin-ai-project\ai\data\processed\skin_type\train\normal\normal_train_01219.jpg,normal,train
C:\DATN\skin-ai-project\ai\data\processed\skin_type\train\normal\normal_train_01220.jpg,normal,train
C:\DATN\skin-ai-project\ai\data\processed\skin_type\train\dry\dry_train_01221.jpg,dry,train
C:\DATN\skin-ai-project\ai\data\processed\skin_type\train\normal\normal_train_01222.jpg,normal,train
C:\DATN\skin-ai-project\ai\data\processed\skin_type\train\normal\normal_train_01223.jpg,normal,train
C:\DATN\skin-ai-project\ai\data\processed\skin_type\train\oily\oily_train_01224.jpg,oily,train
C:\DATN\skin-ai-project\ai\data\processed\skin_type\train\normal\normal_train_01225.jpg,normal,train
C:\DATN\skin-ai-project\ai\data\processed\skin_type\train\oily\oily_train_01226.jpg,oily,train
C:\DATN\skin-ai-project\ai\data\processed\skin_type\train\oily\oily_train_01227.jpg,oily,train
C:\DATN\skin-ai-project\ai\data\processed\skin_type\train\dry\dry_train_01228.jpg,dry,train
C:\DATN\skin-ai-project\ai\data\processed\skin_type\train\normal\normal_train_01229.jpg,normal,train
C:\DATN\skin-ai-project\ai\data\processed\skin_type\train\normal\normal_train_01230.jpg,normal,train
C:\DATN\skin-ai-project\ai\data\processed\skin_type\train\dry\dry_train_01231.jpg,dry,train
C:\DATN\skin-ai-project\ai\data\processed\skin_type\train\normal\normal_train_01232.jpg,normal,train
C:\DATN\skin-ai-project\ai\data\processed\skin_type\train\normal\normal_train_01233.jpg,normal,train
C:\DATN\skin-ai-project\ai\data\processed\skin_type\train\normal\normal_train_01234.jpg,normal,train
C:\DATN\skin-ai-project\ai\data\processed\skin_type\train\normal\normal_train_01235.jpg,normal,train
C:\DATN\skin-ai-project\ai\data\processed\skin_type\train\normal\normal_train_01236.jpg,normal,train
C:\DATN\skin-ai-project\ai\data\processed\skin_type\train\oily\oily_train_01237.jpg,oily,train
C:\DATN\skin-ai-project\ai\data\processed\skin_type\train\normal\normal_train_01238.jpg,normal,train
C:\DATN\skin-ai-project\ai\data\processed\skin_type\train\normal\normal_train_01239.jpg,normal,train
C:\DATN\skin-ai-project\ai\data\processed\skin_type\train\oily\oily_train_01240.jpg,oily,train
C:\DATN\skin-ai-project\ai\data\processed\skin_type\train\normal\normal_train_01241.jpg,normal,train
C:\DATN\skin-ai-project\ai\data\processed\skin_type\train\normal\normal_train_01242.jpg,normal,train
C:\DATN\skin-ai-project\ai\data\processed\skin_type\train\oily\oily_train_01243.jpg,oily,train
C:\DATN\skin-ai-project\ai\data\processed\skin_type\train\dry\dry_train_01244.jpg,dry,train
C:\DATN\skin-ai-project\ai\data\processed\skin_type\train\normal\normal_train_01245.jpg,normal,train
C:\DATN\skin-ai-project\ai\data\processed\skin_type\train\dry\dry_train_01246.jpg,dry,train
C:\DATN\skin-ai-project\ai\data\processed\skin_type\train\normal\normal_train_01247.jpg,normal,train
C:\DATN\skin-ai-project\ai\data\processed\skin_type\train\oily\oily_train_01248.jpg,oily,train
C:\DATN\skin-ai-project\ai\data\processed\skin_type\train\normal\normal_train_01249.jpg,normal,train
C:\DATN\skin-ai-project\ai\data\processed\skin_type\train\normal\normal_train_01250.jpg,normal,train
C:\DATN\skin-ai-project\ai\data\processed\skin_type\train\normal\normal_train_01251.jpg,normal,train
C:\DATN\skin-ai-project\ai\data\processed\skin_type\train\normal\normal_train_01252.jpg,normal,train
C:\DATN\skin-ai-project\ai\data\processed\skin_type\train\normal\normal_train_01253.jpg,normal,train
C:\DATN\skin-ai-project\ai\data\processed\skin_type\train\dry\dry_train_01254.jpg,dry,train
C:\DATN\skin-ai-project\ai\data\processed\skin_type\train\oily\oily_train_01255.jpg,oily,train
C:\DATN\skin-ai-project\ai\data\processed\skin_type\train\normal\normal_train_01256.jpg,normal,train
C:\DATN\skin-ai-project\ai\data\processed\skin_type\train\normal\normal_train_01257.jpg,normal,train
C:\DATN\skin-ai-project\ai\data\processed\skin_type\train\normal\normal_train_01258.jpg,normal,train
C:\DATN\skin-ai-project\ai\data\processed\skin_type\train\oily\oily_train_01259.jpg,oily,train
C:\DATN\skin-ai-project\ai\data\processed\skin_type\train\dry\dry_train_01260.jpg,dry,train
C:\DATN\skin-ai-project\ai\data\processed\skin_type\train\normal\normal_train_01261.jpg,normal,train
C:\DATN\skin-ai-project\ai\data\processed\skin_type\train\normal\normal_train_01262.jpg,normal,train
C:\DATN\skin-ai-project\ai\data\processed\skin_type\train\normal\normal_train_01263.jpg,normal,train
C:\DATN\skin-ai-project\ai\data\processed\skin_type\train\normal\normal_train_01264.jpg,normal,train
C:\DATN\skin-ai-project\ai\data\processed\skin_type\train\normal\normal_train_01265.jpg,normal,train
C:\DATN\skin-ai-project\ai\data\processed\skin_type\train\normal\normal_train_01266.jpg,normal,train
C:\DATN\skin-ai-project\ai\data\processed\skin_type\train\dry\dry_train_01267.jpg,dry,train
C:\DATN\skin-ai-project\ai\data\processed\skin_type\train\normal\normal_train_01268.jpg,normal,train
C:\DATN\skin-ai-project\ai\data\processed\skin_type\train\normal\normal_train_01269.jpg,normal,train
C:\DATN\skin-ai-project\ai\data\processed\skin_type\train\normal\normal_train_01270.jpg,normal,train
C:\DATN\skin-ai-project\ai\data\processed\skin_type\train\normal\normal_train_01271.jpg,normal,train
C:\DATN\skin-ai-project\ai\data\processed\skin_type\train\normal\normal_train_01272.jpg,normal,train
C:\DATN\skin-ai-project\ai\data\processed\skin_type\train\normal\normal_train_01273.jpg,normal,train
C:\DATN\skin-ai-project\ai\data\processed\skin_type\train\normal\normal_train_01274.jpg,normal,train
C:\DATN\skin-ai-project\ai\data\processed\skin_type\train\dry\dry_train_01275.jpg,dry,train
C:\DATN\skin-ai-project\ai\data\processed\skin_type\train\normal\normal_train_01276.jpg,normal,train
C:\DATN\skin-ai-project\ai\data\processed\skin_type\train\normal\normal_train_01277.jpg,normal,train
C:\DATN\skin-ai-project\ai\data\processed\skin_type\train\dry\dry_train_01278.jpg,dry,train
C:\DATN\skin-ai-project\ai\data\processed\skin_type\train\normal\normal_train_01279.jpg,normal,train
C:\DATN\skin-ai-project\ai\data\processed\skin_type\train\oily\oily_train_01280.jpg,oily,train
C:\DATN\skin-ai-project\ai\data\processed\skin_type\train\normal\normal_train_01281.jpg,normal,train
C:\DATN\skin-ai-project\ai\data\processed\skin_type\train\normal\normal_train_01282.jpg,normal,train
C:\DATN\skin-ai-project\ai\data\processed\skin_type\train\normal\normal_train_01283.jpg,normal,train
C:\DATN\skin-ai-project\ai\data\processed\skin_type\train\oily\oily_train_01284.jpg,oily,train
C:\DATN\skin-ai-project\ai\data\processed\skin_type\train\oily\oily_train_01285.jpg,oily,train
C:\DATN\skin-ai-project\ai\data\processed\skin_type\train\normal\normal_train_01286.jpg,normal,train
C:\DATN\skin-ai-project\ai\data\processed\skin_type\train\normal\normal_train_01287.jpg,normal,train
C:\DATN\skin-ai-project\ai\data\processed\skin_type\train\normal\normal_train_01288.jpg,normal,train
C:\DATN\skin-ai-project\ai\data\processed\skin_type\train\normal\normal_train_01289.jpg,normal,train
C:\DATN\skin-ai-project\ai\data\processed\skin_type\train\normal\normal_train_01290.jpg,normal,train
C:\DATN\skin-ai-project\ai\data\processed\skin_type\train\dry\dry_train_01291.jpg,dry,train
C:\DATN\skin-ai-project\ai\data\processed\skin_type\train\normal\normal_train_01292.jpg,normal,train
C:\DATN\skin-ai-project\ai\data\processed\skin_type\train\dry\dry_train_01293.jpg,dry,train
C:\DATN\skin-ai-project\ai\data\processed\skin_type\train\normal\normal_train_01294.jpg,normal,train
C:\DATN\skin-ai-project\ai\data\processed\skin_type\train\oily\oily_train_01295.jpg,oily,train
C:\DATN\skin-ai-project\ai\data\processed\skin_type\train\oily\oily_train_01296.jpg,oily,train
C:\DATN\skin-ai-project\ai\data\processed\skin_type\train\normal\normal_train_01297.jpg,normal,train
C:\DATN\skin-ai-project\ai\data\processed\skin_type\train\normal\normal_train_01298.jpg,normal,train
C:\DATN\skin-ai-project\ai\data\processed\skin_type\train\oily\oily_train_01299.jpg,oily,train
C:\DATN\skin-ai-project\ai\data\processed\skin_type\train\normal\normal_train_01300.jpg,normal,train
C:\DATN\skin-ai-project\ai\data\processed\skin_type\train\normal\normal_train_01301.jpg,normal,train
C:\DATN\skin-ai-project\ai\data\processed\skin_type\train\normal\normal_train_01302.jpg,normal,train
C:\DATN\skin-ai-project\ai\data\processed\skin_type\train\normal\normal_train_01303.jpg,normal,train
C:\DATN\skin-ai-project\ai\data\processed\skin_type\train\dry\dry_train_01304.jpg,dry,train
C:\DATN\skin-ai-project\ai\data\processed\skin_type\train\oily\oily_train_01305.jpg,oily,train
C:\DATN\skin-ai-project\ai\data\processed\skin_type\train\oily\oily_train_01306.jpg,oily,train
C:\DATN\skin-ai-project\ai\data\processed\skin_type\train\normal\normal_train_01307.jpg,normal,train
C:\DATN\skin-ai-project\ai\data\processed\skin_type\train\normal\normal_train_01308.jpg,normal,train
C:\DATN\skin-ai-project\ai\data\processed\skin_type\train\normal\normal_train_01309.jpg,normal,train
C:\DATN\skin-ai-project\ai\data\processed\skin_type\train\dry\dry_train_01310.jpg,dry,train
C:\DATN\skin-ai-project\ai\data\processed\skin_type\train\normal\normal_train_01311.jpg,normal,train
C:\DATN\skin-ai-project\ai\data\processed\skin_type\train\oily\oily_train_01312.jpg,oily,train
C:\DATN\skin-ai-project\ai\data\processed\skin_type\train\dry\dry_train_01313.jpg,dry,train
C:\DATN\skin-ai-project\ai\data\processed\skin_type\train\dry\dry_train_01314.jpg,dry,train
C:\DATN\skin-ai-project\ai\data\processed\skin_type\train\oily\oily_train_01315.jpg,oily,train
C:\DATN\skin-ai-project\ai\data\processed\skin_type\train\normal\normal_train_01316.jpg,normal,train
C:\DATN\skin-ai-project\ai\data\processed\skin_type\train\oily\oily_train_01317.jpg,oily,train
C:\DATN\skin-ai-project\ai\data\processed\skin_type\train\oily\oily_train_01318.jpg,oily,train
C:\DATN\skin-ai-project\ai\data\processed\skin_type\train\dry\dry_train_01319.jpg,dry,train
C:\DATN\skin-ai-project\ai\data\processed\skin_type\train\dry\dry_train_01320.jpg,dry,train
C:\DATN\skin-ai-project\ai\data\processed\skin_type\train\oily\oily_train_01321.jpg,oily,train
C:\DATN\skin-ai-project\ai\data\processed\skin_type\train\normal\normal_train_01322.jpg,normal,train
C:\DATN\skin-ai-project\ai\data\processed\skin_type\train\oily\oily_train_01323.jpg,oily,train
C:\DATN\skin-ai-project\ai\data\processed\skin_type\train\normal\normal_train_01324.jpg,normal,train
C:\DATN\skin-ai-project\ai\data\processed\skin_type\train\oily\oily_train_01325.jpg,oily,train
C:\DATN\skin-ai-project\ai\data\processed\skin_type\train\normal\normal_train_01326.jpg,normal,train
C:\DATN\skin-ai-project\ai\data\processed\skin_type\train\normal\normal_train_01327.jpg,normal,train
C:\DATN\skin-ai-project\ai\data\processed\skin_type\train\normal\normal_train_01328.jpg,normal,train
C:\DATN\skin-ai-project\ai\data\processed\skin_type\train\normal\normal_train_01329.jpg,normal,train
C:\DATN\skin-ai-project\ai\data\processed\skin_type\train\normal\normal_train_01330.jpg,normal,train
C:\DATN\skin-ai-project\ai\data\processed\skin_type\train\normal\normal_train_01331.jpg,normal,train
C:\DATN\skin-ai-project\ai\data\processed\skin_type\train\oily\oily_train_01332.jpg,oily,train
C:\DATN\skin-ai-project\ai\data\processed\skin_type\train\oily\oily_train_01333.jpg,oily,train
C:\DATN\skin-ai-project\ai\data\processed\skin_type\train\normal\normal_train_01334.jpg,normal,train
C:\DATN\skin-ai-project\ai\data\processed\skin_type\train\dry\dry_train_01335.jpg,dry,train
C:\DATN\skin-ai-project\ai\data\processed\skin_type\train\oily\oily_train_01336.jpg,oily,train
C:\DATN\skin-ai-project\ai\data\processed\skin_type\train\normal\normal_train_01337.jpg,normal,train
C:\DATN\skin-ai-project\ai\data\processed\skin_type\train\oily\oily_train_01338.jpg,oily,train
C:\DATN\skin-ai-project\ai\data\processed\skin_type\train\normal\normal_train_01339.jpg,normal,train
C:\DATN\skin-ai-project\ai\data\processed\skin_type\train\normal\normal_train_01340.jpg,normal,train
C:\DATN\skin-ai-project\ai\data\processed\skin_type\train\normal\normal_train_01341.jpg,normal,train
C:\DATN\skin-ai-project\ai\data\processed\skin_type\train\normal\normal_train_01342.jpg,normal,train
C:\DATN\skin-ai-project\ai\data\processed\skin_type\train\dry\dry_train_01343.jpg,dry,train
C:\DATN\skin-ai-project\ai\data\processed\skin_type\train\normal\normal_train_01344.jpg,normal,train
C:\DATN\skin-ai-project\ai\data\processed\skin_type\train\oily\oily_train_01345.jpg,oily,train
C:\DATN\skin-ai-project\ai\data\processed\skin_type\train\normal\normal_train_01346.jpg,normal,train
C:\DATN\skin-ai-project\ai\data\processed\skin_type\train\normal\normal_train_01347.jpg,normal,train
C:\DATN\skin-ai-project\ai\data\processed\skin_type\train\dry\dry_train_01348.jpg,dry,train
C:\DATN\skin-ai-project\ai\data\processed\skin_type\train\dry\dry_train_01349.jpg,dry,train
C:\DATN\skin-ai-project\ai\data\processed\skin_type\train\normal\normal_train_01350.jpg,normal,train
C:\DATN\skin-ai-project\ai\data\processed\skin_type\train\normal\normal_train_01351.jpg,normal,train
C:\DATN\skin-ai-project\ai\data\processed\skin_type\train\normal\normal_train_01352.jpg,normal,train
C:\DATN\skin-ai-project\ai\data\processed\skin_type\train\normal\normal_train_01353.jpg,normal,train
C:\DATN\skin-ai-project\ai\data\processed\skin_type\train\normal\normal_train_01354.jpg,normal,train
C:\DATN\skin-ai-project\ai\data\processed\skin_type\train\oily\oily_train_01355.jpg,oily,train
C:\DATN\skin-ai-project\ai\data\processed\skin_type\train\dry\dry_train_01356.jpg,dry,train
C:\DATN\skin-ai-project\ai\data\processed\skin_type\train\dry\dry_train_01357.jpg,dry,train
C:\DATN\skin-ai-project\ai\data\processed\skin_type\train\normal\normal_train_01358.jpg,normal,train
C:\DATN\skin-ai-project\ai\data\processed\skin_type\train\dry\dry_train_01359.jpg,dry,train
C:\DATN\skin-ai-project\ai\data\processed\skin_type\train\oily\oily_train_01360.jpg,oily,train
C:\DATN\skin-ai-project\ai\data\processed\skin_type\train\normal\normal_train_01361.jpg,normal,train
C:\DATN\skin-ai-project\ai\data\processed\skin_type\train\dry\dry_train_01362.jpg,dry,train
C:\DATN\skin-ai-project\ai\data\processed\skin_type\train\normal\normal_train_01363.jpg,normal,train
C:\DATN\skin-ai-project\ai\data\processed\skin_type\train\dry\dry_train_01364.jpg,dry,train
C:\DATN\skin-ai-project\ai\data\processed\skin_type\train\normal\normal_train_01365.jpg,normal,train
C:\DATN\skin-ai-project\ai\data\processed\skin_type\train\dry\dry_train_01366.jpg,dry,train
C:\DATN\skin-ai-project\ai\data\processed\skin_type\train\normal\normal_train_01367.jpg,normal,train
C:\DATN\skin-ai-project\ai\data\processed\skin_type\train\normal\normal_train_01368.jpg,normal,train
C:\DATN\skin-ai-project\ai\data\processed\skin_type\train\dry\dry_train_01369.jpg,dry,train
C:\DATN\skin-ai-project\ai\data\processed\skin_type\train\normal\normal_train_01370.jpg,normal,train
C:\DATN\skin-ai-project\ai\data\processed\skin_type\train\normal\normal_train_01371.jpg,normal,train
C:\DATN\skin-ai-project\ai\data\processed\skin_type\train\oily\oily_train_01372.jpg,oily,train
C:\DATN\skin-ai-project\ai\data\processed\skin_type\train\normal\normal_train_01373.jpg,normal,train
C:\DATN\skin-ai-project\ai\data\processed\skin_type\train\normal\normal_train_01374.jpg,normal,train
C:\DATN\skin-ai-project\ai\data\processed\skin_type\train\normal\normal_train_01375.jpg,normal,train
C:\DATN\skin-ai-project\ai\data\processed\skin_type\train\oily\oily_train_01376.jpg,oily,train
C:\DATN\skin-ai-project\ai\data\processed\skin_type\train\oily\oily_train_01377.jpg,oily,train
C:\DATN\skin-ai-project\ai\data\processed\skin_type\train\dry\dry_train_01378.jpg,dry,train
C:\DATN\skin-ai-project\ai\data\processed\skin_type\train\normal\normal_train_01379.jpg,normal,train
C:\DATN\skin-ai-project\ai\data\processed\skin_type\train\dry\dry_train_01380.jpg,dry,train
C:\DATN\skin-ai-project\ai\data\processed\skin_type\train\normal\normal_train_01381.jpg,normal,train
C:\DATN\skin-ai-project\ai\data\processed\skin_type\train\dry\dry_train_01382.jpg,dry,train
C:\DATN\skin-ai-project\ai\data\processed\skin_type\train\oily\oily_train_01383.jpg,oily,train
C:\DATN\skin-ai-project\ai\data\processed\skin_type\train\oily\oily_train_01384.jpg,oily,train
C:\DATN\skin-ai-project\ai\data\processed\skin_type\train\normal\normal_train_01385.jpg,normal,train
C:\DATN\skin-ai-project\ai\data\processed\skin_type\train\dry\dry_train_01386.jpg,dry,train
C:\DATN\skin-ai-project\ai\data\processed\skin_type\train\oily\oily_train_01387.jpg,oily,train
C:\DATN\skin-ai-project\ai\data\processed\skin_type\train\oily\oily_train_01388.jpg,oily,train
C:\DATN\skin-ai-project\ai\data\processed\skin_type\train\oily\oily_train_01389.jpg,oily,train
C:\DATN\skin-ai-project\ai\data\processed\skin_type\train\normal\normal_train_01390.jpg,normal,train
C:\DATN\skin-ai-project\ai\data\processed\skin_type\train\dry\dry_train_01391.jpg,dry,train
C:\DATN\skin-ai-project\ai\data\processed\skin_type\train\normal\normal_train_01392.jpg,normal,train
C:\DATN\skin-ai-project\ai\data\processed\skin_type\train\oily\oily_train_01393.jpg,oily,train
C:\DATN\skin-ai-project\ai\data\processed\skin_type\train\dry\dry_train_01394.jpg,dry,train
C:\DATN\skin-ai-project\ai\data\processed\skin_type\train\oily\oily_train_01395.jpg,oily,train
C:\DATN\skin-ai-project\ai\data\processed\skin_type\train\normal\normal_train_01396.jpg,normal,train
C:\DATN\skin-ai-project\ai\data\processed\skin_type\train\normal\normal_train_01397.jpg,normal,train
C:\DATN\skin-ai-project\ai\data\processed\skin_type\train\normal\normal_train_01398.jpg,normal,train
C:\DATN\skin-ai-project\ai\data\processed\skin_type\train\normal\normal_train_01399.jpg,normal,train
C:\DATN\skin-ai-project\ai\data\processed\skin_type\train\normal\normal_train_01400.jpg,normal,train
C:\DATN\skin-ai-project\ai\data\processed\skin_type\train\normal\normal_train_01401.jpg,normal,train
C:\DATN\skin-ai-project\ai\data\processed\skin_type\train\oily\oily_train_01402.jpg,oily,train
C:\DATN\skin-ai-project\ai\data\processed\skin_type\train\normal\normal_train_01403.jpg,normal,train
C:\DATN\skin-ai-project\ai\data\processed\skin_type\train\dry\dry_train_01404.jpg,dry,train
C:\DATN\skin-ai-project\ai\data\processed\skin_type\train\normal\normal_train_01405.jpg,normal,train
C:\DATN\skin-ai-project\ai\data\processed\skin_type\train\normal\normal_train_01406.jpg,normal,train
C:\DATN\skin-ai-project\ai\data\processed\skin_type\train\normal\normal_train_01407.jpg,normal,train
C:\DATN\skin-ai-project\ai\data\processed\skin_type\train\dry\dry_train_01408.jpg,dry,train
C:\DATN\skin-ai-project\ai\data\processed\skin_type\train\normal\normal_train_01409.jpg,normal,train
C:\DATN\skin-ai-project\ai\data\processed\skin_type\train\oily\oily_train_01410.jpg,oily,train
C:\DATN\skin-ai-project\ai\data\processed\skin_type\train\normal\normal_train_01411.jpg,normal,train
C:\DATN\skin-ai-project\ai\data\processed\skin_type\train\oily\oily_train_01412.jpg,oily,train
C:\DATN\skin-ai-project\ai\data\processed\skin_type\train\dry\dry_train_01413.jpg,dry,train
C:\DATN\skin-ai-project\ai\data\processed\skin_type\train\dry\dry_train_01414.jpg,dry,train
C:\DATN\skin-ai-project\ai\data\processed\skin_type\train\normal\normal_train_01415.jpg,normal,train
C:\DATN\skin-ai-project\ai\data\processed\skin_type\train\normal\normal_train_01416.jpg,normal,train
C:\DATN\skin-ai-project\ai\data\processed\skin_type\train\oily\oily_train_01417.jpg,oily,train
C:\DATN\skin-ai-project\ai\data\processed\skin_type\train\normal\normal_train_01418.jpg,normal,train
C:\DATN\skin-ai-project\ai\data\processed\skin_type\train\oily\oily_train_01419.jpg,oily,train
C:\DATN\skin-ai-project\ai\data\processed\skin_type\train\normal\normal_train_01420.jpg,normal,train
C:\DATN\skin-ai-project\ai\data\processed\skin_type\train\normal\normal_train_01421.jpg,normal,train
C:\DATN\skin-ai-project\ai\data\processed\skin_type\train\normal\normal_train_01422.jpg,normal,train
C:\DATN\skin-ai-project\ai\data\processed\skin_type\train\normal\normal_train_01423.jpg,normal,train
C:\DATN\skin-ai-project\ai\data\processed\skin_type\train\oily\oily_train_01424.jpg,oily,train
C:\DATN\skin-ai-project\ai\data\processed\skin_type\train\normal\normal_train_01425.jpg,normal,train
C:\DATN\skin-ai-project\ai\data\processed\skin_type\train\oily\oily_train_01426.jpg,oily,train
C:\DATN\skin-ai-project\ai\data\processed\skin_type\train\normal\normal_train_01427.jpg,normal,train
C:\DATN\skin-ai-project\ai\data\processed\skin_type\train\normal\normal_train_01428.jpg,normal,train
C:\DATN\skin-ai-project\ai\data\processed\skin_type\train\oily\oily_train_01429.jpg,oily,train
C:\DATN\skin-ai-project\ai\data\processed\skin_type\train\normal\normal_train_01430.jpg,normal,train
C:\DATN\skin-ai-project\ai\data\processed\skin_type\train\normal\normal_train_01431.jpg,normal,train
C:\DATN\skin-ai-project\ai\data\processed\skin_type\train\normal\normal_train_01432.jpg,normal,train
C:\DATN\skin-ai-project\ai\data\processed\skin_type\train\oily\oily_train_01433.jpg,oily,train
C:\DATN\skin-ai-project\ai\data\processed\skin_type\train\normal\normal_train_01434.jpg,normal,train
C:\DATN\skin-ai-project\ai\data\processed\skin_type\train\dry\dry_train_01435.jpg,dry,train
C:\DATN\skin-ai-project\ai\data\processed\skin_type\train\normal\normal_train_01436.jpg,normal,train
C:\DATN\skin-ai-project\ai\data\processed\skin_type\train\dry\dry_train_01437.jpg,dry,train
C:\DATN\skin-ai-project\ai\data\processed\skin_type\train\normal\normal_train_01438.jpg,normal,train
C:\DATN\skin-ai-project\ai\data\processed\skin_type\train\oily\oily_train_01439.jpg,oily,train
C:\DATN\skin-ai-project\ai\data\processed\skin_type\train\normal\normal_train_01440.jpg,normal,train
C:\DATN\skin-ai-project\ai\data\processed\skin_type\train\oily\oily_train_01441.jpg,oily,train
C:\DATN\skin-ai-project\ai\data\processed\skin_type\train\dry\dry_train_01442.jpg,dry,train
C:\DATN\skin-ai-project\ai\data\processed\skin_type\train\oily\oily_train_01443.jpg,oily,train
C:\DATN\skin-ai-project\ai\data\processed\skin_type\train\dry\dry_train_01444.jpg,dry,train
C:\DATN\skin-ai-project\ai\data\processed\skin_type\train\normal\normal_train_01445.jpg,normal,train
C:\DATN\skin-ai-project\ai\data\processed\skin_type\train\normal\normal_train_01446.jpg,normal,train
C:\DATN\skin-ai-project\ai\data\processed\skin_type\train\dry\dry_train_01447.jpg,dry,train
C:\DATN\skin-ai-project\ai\data\processed\skin_type\train\normal\normal_train_01448.jpg,normal,train
C:\DATN\skin-ai-project\ai\data\processed\skin_type\train\normal\normal_train_01449.jpg,normal,train
C:\DATN\skin-ai-project\ai\data\processed\skin_type\train\oily\oily_train_01450.jpg,oily,train
C:\DATN\skin-ai-project\ai\data\processed\skin_type\train\dry\dry_train_01451.jpg,dry,train
C:\DATN\skin-ai-project\ai\data\processed\skin_type\train\normal\normal_train_01452.jpg,normal,train
C:\DATN\skin-ai-project\ai\data\processed\skin_type\train\normal\normal_train_01453.jpg,normal,train
C:\DATN\skin-ai-project\ai\data\processed\skin_type\train\oily\oily_train_01454.jpg,oily,train
C:\DATN\skin-ai-project\ai\data\processed\skin_type\train\oily\oily_train_01455.jpg,oily,train
C:\DATN\skin-ai-project\ai\data\processed\skin_type\train\normal\normal_train_01456.jpg,normal,train
C:\DATN\skin-ai-project\ai\data\processed\skin_type\train\oily\oily_train_01457.jpg,oily,train
C:\DATN\skin-ai-project\ai\data\processed\skin_type\train\oily\oily_train_01458.jpg,oily,train
C:\DATN\skin-ai-project\ai\data\processed\skin_type\train\normal\normal_train_01459.jpg,normal,train
C:\DATN\skin-ai-project\ai\data\processed\skin_type\train\dry\dry_train_01460.jpg,dry,train
C:\DATN\skin-ai-project\ai\data\processed\skin_type\train\oily\oily_train_01461.jpg,oily,train
C:\DATN\skin-ai-project\ai\data\processed\skin_type\train\oily\oily_train_01462.jpg,oily,train
C:\DATN\skin-ai-project\ai\data\processed\skin_type\train\normal\normal_train_01463.jpg,normal,train
C:\DATN\skin-ai-project\ai\data\processed\skin_type\train\normal\normal_train_01464.jpg,normal,train
C:\DATN\skin-ai-project\ai\data\processed\skin_type\train\oily\oily_train_01465.jpg,oily,train
C:\DATN\skin-ai-project\ai\data\processed\skin_type\train\dry\dry_train_01466.jpg,dry,train
C:\DATN\skin-ai-project\ai\data\processed\skin_type\train\dry\dry_train_01467.jpg,dry,train
C:\DATN\skin-ai-project\ai\data\processed\skin_type\train\normal\normal_train_01468.jpg,normal,train
C:\DATN\skin-ai-project\ai\data\processed\skin_type\train\normal\normal_train_01469.jpg,normal,train
C:\DATN\skin-ai-project\ai\data\processed\skin_type\train\normal\normal_train_01470.jpg,normal,train
C:\DATN\skin-ai-project\ai\data\processed\skin_type\train\normal\normal_train_01471.jpg,normal,train
C:\DATN\skin-ai-project\ai\data\processed\skin_type\train\dry\dry_train_01472.jpg,dry,train
C:\DATN\skin-ai-project\ai\data\processed\skin_type\train\normal\normal_train_01473.jpg,normal,train
C:\DATN\skin-ai-project\ai\data\processed\skin_type\train\normal\normal_train_01474.jpg,normal,train
C:\DATN\skin-ai-project\ai\data\processed\skin_type\train\normal\normal_train_01475.jpg,normal,train
C:\DATN\skin-ai-project\ai\data\processed\skin_type\train\normal\normal_train_01476.jpg,normal,train
C:\DATN\skin-ai-project\ai\data\processed\skin_type\train\oily\oily_train_01477.jpg,oily,train
C:\DATN\skin-ai-project\ai\data\processed\skin_type\train\normal\normal_train_01478.jpg,normal,train
C:\DATN\skin-ai-project\ai\data\processed\skin_type\train\dry\dry_train_01479.jpg,dry,train
C:\DATN\skin-ai-project\ai\data\processed\skin_type\train\normal\normal_train_01480.jpg,normal,train
C:\DATN\skin-ai-project\ai\data\processed\skin_type\train\normal\normal_train_01481.jpg,normal,train
C:\DATN\skin-ai-project\ai\data\processed\skin_type\train\oily\oily_train_01482.jpg,oily,train
C:\DATN\skin-ai-project\ai\data\processed\skin_type\train\normal\normal_train_01483.jpg,normal,train
C:\DATN\skin-ai-project\ai\data\processed\skin_type\train\normal\normal_train_01484.jpg,normal,train
C:\DATN\skin-ai-project\ai\data\processed\skin_type\train\dry\dry_train_01485.jpg,dry,train
C:\DATN\skin-ai-project\ai\data\processed\skin_type\train\normal\normal_train_01486.jpg,normal,train
C:\DATN\skin-ai-project\ai\data\processed\skin_type\train\normal\normal_train_01487.jpg,normal,train
C:\DATN\skin-ai-project\ai\data\processed\skin_type\train\oily\oily_train_01488.jpg,oily,train
C:\DATN\skin-ai-project\ai\data\processed\skin_type\train\dry\dry_train_01489.jpg,dry,train
C:\DATN\skin-ai-project\ai\data\processed\skin_type\train\oily\oily_train_01490.jpg,oily,train
C:\DATN\skin-ai-project\ai\data\processed\skin_type\train\dry\dry_train_01491.jpg,dry,train
C:\DATN\skin-ai-project\ai\data\processed\skin_type\train\normal\normal_train_01492.jpg,normal,train
C:\DATN\skin-ai-project\ai\data\processed\skin_type\train\dry\dry_train_01493.jpg,dry,train
C:\DATN\skin-ai-project\ai\data\processed\skin_type\train\normal\normal_train_01494.jpg,normal,train
C:\DATN\skin-ai-project\ai\data\processed\skin_type\train\dry\dry_train_01495.jpg,dry,train
C:\DATN\skin-ai-project\ai\data\processed\skin_type\train\normal\normal_train_01496.jpg,normal,train
C:\DATN\skin-ai-project\ai\data\processed\skin_type\train\normal\normal_train_01497.jpg,normal,train
C:\DATN\skin-ai-project\ai\data\processed\skin_type\train\normal\normal_train_01498.jpg,normal,train
C:\DATN\skin-ai-project\ai\data\processed\skin_type\train\normal\normal_train_01499.jpg,normal,train
C:\DATN\skin-ai-project\ai\data\processed\skin_type\train\oily\oily_train_01500.jpg,oily,train
C:\DATN\skin-ai-project\ai\data\processed\skin_type\train\dry\dry_train_01501.jpg,dry,train
C:\DATN\skin-ai-project\ai\data\processed\skin_type\train\normal\normal_train_01502.jpg,normal,train
C:\DATN\skin-ai-project\ai\data\processed\skin_type\train\dry\dry_train_01503.jpg,dry,train
C:\DATN\skin-ai-project\ai\data\processed\skin_type\train\dry\dry_train_01504.jpg,dry,train
C:\DATN\skin-ai-project\ai\data\processed\skin_type\train\normal\normal_train_01505.jpg,normal,train
C:\DATN\skin-ai-project\ai\data\processed\skin_type\train\oily\oily_train_01506.jpg,oily,train
C:\DATN\skin-ai-project\ai\data\processed\skin_type\train\oily\oily_train_01507.jpg,oily,train
C:\DATN\skin-ai-project\ai\data\processed\skin_type\train\normal\normal_train_01508.jpg,normal,train
C:\DATN\skin-ai-project\ai\data\processed\skin_type\train\normal\normal_train_01509.jpg,normal,train
C:\DATN\skin-ai-project\ai\data\processed\skin_type\train\normal\normal_train_01510.jpg,normal,train
C:\DATN\skin-ai-project\ai\data\processed\skin_type\train\normal\normal_train_01511.jpg,normal,train
C:\DATN\skin-ai-project\ai\data\processed\skin_type\train\normal\normal_train_01512.jpg,normal,train
C:\DATN\skin-ai-project\ai\data\processed\skin_type\train\normal\normal_train_01513.jpg,normal,train
C:\DATN\skin-ai-project\ai\data\processed\skin_type\train\normal\normal_train_01514.jpg,normal,train
C:\DATN\skin-ai-project\ai\data\processed\skin_type\train\normal\normal_train_01515.jpg,normal,train
C:\DATN\skin-ai-project\ai\data\processed\skin_type\train\normal\normal_train_01516.jpg,normal,train
C:\DATN\skin-ai-project\ai\data\processed\skin_type\train\normal\normal_train_01517.jpg,normal,train
C:\DATN\skin-ai-project\ai\data\processed\skin_type\train\normal\normal_train_01518.jpg,normal,train
C:\DATN\skin-ai-project\ai\data\processed\skin_type\train\oily\oily_train_01519.jpg,oily,train
C:\DATN\skin-ai-project\ai\data\processed\skin_type\train\oily\oily_train_01520.jpg,oily,train
C:\DATN\skin-ai-project\ai\data\processed\skin_type\train\normal\normal_train_01521.jpg,normal,train
C:\DATN\skin-ai-project\ai\data\processed\skin_type\train\oily\oily_train_01522.jpg,oily,train
C:\DATN\skin-ai-project\ai\data\processed\skin_type\train\normal\normal_train_01523.jpg,normal,train
C:\DATN\skin-ai-project\ai\data\processed\skin_type\train\normal\normal_train_01524.jpg,normal,train
C:\DATN\skin-ai-project\ai\data\processed\skin_type\train\normal\normal_train_01525.jpg,normal,train
C:\DATN\skin-ai-project\ai\data\processed\skin_type\train\oily\oily_train_01526.jpg,oily,train
C:\DATN\skin-ai-project\ai\data\processed\skin_type\train\oily\oily_train_01527.jpg,oily,train
C:\DATN\skin-ai-project\ai\data\processed\skin_type\train\normal\normal_train_01528.jpg,normal,train
C:\DATN\skin-ai-project\ai\data\processed\skin_type\train\normal\normal_train_01529.jpg,normal,train
C:\DATN\skin-ai-project\ai\data\processed\skin_type\train\normal\normal_train_01530.jpg,normal,train
C:\DATN\skin-ai-project\ai\data\processed\skin_type\train\normal\normal_train_01531.jpg,normal,train
C:\DATN\skin-ai-project\ai\data\processed\skin_type\train\normal\normal_train_01532.jpg,normal,train
C:\DATN\skin-ai-project\ai\data\processed\skin_type\train\normal\normal_train_01533.jpg,normal,train
C:\DATN\skin-ai-project\ai\data\processed\skin_type\train\normal\normal_train_01534.jpg,normal,train
C:\DATN\skin-ai-project\ai\data\processed\skin_type\train\normal\normal_train_01535.jpg,normal,train
C:\DATN\skin-ai-project\ai\data\processed\skin_type\train\oily\oily_train_01536.jpg,oily,train
C:\DATN\skin-ai-project\ai\data\processed\skin_type\train\normal\normal_train_01537.jpg,normal,train
C:\DATN\skin-ai-project\ai\data\processed\skin_type\train\dry\dry_train_01538.jpg,dry,train
C:\DATN\skin-ai-project\ai\data\processed\skin_type\train\oily\oily_train_01539.jpg,oily,train
C:\DATN\skin-ai-project\ai\data\processed\skin_type\train\oily\oily_train_01540.jpg,oily,train
C:\DATN\skin-ai-project\ai\data\processed\skin_type\train\oily\oily_train_01541.jpg,oily,train
C:\DATN\skin-ai-project\ai\data\processed\skin_type\train\normal\normal_train_01542.jpg,normal,train
C:\DATN\skin-ai-project\ai\data\processed\skin_type\train\normal\normal_train_01543.jpg,normal,train
C:\DATN\skin-ai-project\ai\data\processed\skin_type\train\normal\normal_train_01544.jpg,normal,train
C:\DATN\skin-ai-project\ai\data\processed\skin_type\train\oily\oily_train_01545.jpg,oily,train
C:\DATN\skin-ai-project\ai\data\processed\skin_type\train\dry\dry_train_01546.jpg,dry,train
C:\DATN\skin-ai-project\ai\data\processed\skin_type\train\normal\normal_train_01547.jpg,normal,train
C:\DATN\skin-ai-project\ai\data\processed\skin_type\train\oily\oily_train_01548.jpg,oily,train
C:\DATN\skin-ai-project\ai\data\processed\skin_type\train\oily\oily_train_01549.jpg,oily,train
C:\DATN\skin-ai-project\ai\data\processed\skin_type\train\normal\normal_train_01550.jpg,normal,train
C:\DATN\skin-ai-project\ai\data\processed\skin_type\train\normal\normal_train_01551.jpg,normal,train
C:\DATN\skin-ai-project\ai\data\processed\skin_type\train\dry\dry_train_01552.jpg,dry,train
C:\DATN\skin-ai-project\ai\data\processed\skin_type\train\oily\oily_train_01553.jpg,oily,train
C:\DATN\skin-ai-project\ai\data\processed\skin_type\train\normal\normal_train_01554.jpg,normal,train
C:\DATN\skin-ai-project\ai\data\processed\skin_type\train\oily\oily_train_01555.jpg,oily,train
C:\DATN\skin-ai-project\ai\data\processed\skin_type\train\normal\normal_train_01556.jpg,normal,train
C:\DATN\skin-ai-project\ai\data\processed\skin_type\train\dry\dry_train_01557.jpg,dry,train
C:\DATN\skin-ai-project\ai\data\processed\skin_type\train\dry\dry_train_01558.jpg,dry,train
C:\DATN\skin-ai-project\ai\data\processed\skin_type\train\oily\oily_train_01559.jpg,oily,train
C:\DATN\skin-ai-project\ai\data\processed\skin_type\train\normal\normal_train_01560.jpg,normal,train
C:\DATN\skin-ai-project\ai\data\processed\skin_type\train\dry\dry_train_01561.jpg,dry,train
C:\DATN\skin-ai-project\ai\data\processed\skin_type\train\normal\normal_train_01562.jpg,normal,train
C:\DATN\skin-ai-project\ai\data\processed\skin_type\train\normal\normal_train_01563.jpg,normal,train
C:\DATN\skin-ai-project\ai\data\processed\skin_type\train\oily\oily_train_01564.jpg,oily,train
C:\DATN\skin-ai-project\ai\data\processed\skin_type\train\normal\normal_train_01565.jpg,normal,train
C:\DATN\skin-ai-project\ai\data\processed\skin_type\train\normal\normal_train_01566.jpg,normal,train
C:\DATN\skin-ai-project\ai\data\processed\skin_type\train\oily\oily_train_01567.jpg,oily,train
C:\DATN\skin-ai-project\ai\data\processed\skin_type\train\oily\oily_train_01568.jpg,oily,train
C:\DATN\skin-ai-project\ai\data\processed\skin_type\train\normal\normal_train_01569.jpg,normal,train
C:\DATN\skin-ai-project\ai\data\processed\skin_type\train\normal\normal_train_01570.jpg,normal,train
C:\DATN\skin-ai-project\ai\data\processed\skin_type\train\normal\normal_train_01571.jpg,normal,train
C:\DATN\skin-ai-project\ai\data\processed\skin_type\train\oily\oily_train_01572.jpg,oily,train
C:\DATN\skin-ai-project\ai\data\processed\skin_type\train\oily\oily_train_01573.jpg,oily,train
C:\DATN\skin-ai-project\ai\data\processed\skin_type\train\normal\normal_train_01574.jpg,normal,train
C:\DATN\skin-ai-project\ai\data\processed\skin_type\train\normal\normal_train_01575.jpg,normal,train
C:\DATN\skin-ai-project\ai\data\processed\skin_type\train\normal\normal_train_01576.jpg,normal,train
C:\DATN\skin-ai-project\ai\data\processed\skin_type\train\normal\normal_train_01577.jpg,normal,train
C:\DATN\skin-ai-project\ai\data\processed\skin_type\train\normal\normal_train_01578.jpg,normal,train
C:\DATN\skin-ai-project\ai\data\processed\skin_type\train\normal\normal_train_01579.jpg,normal,train
C:\DATN\skin-ai-project\ai\data\processed\skin_type\train\dry\dry_train_01580.jpg,dry,train
C:\DATN\skin-ai-project\ai\data\processed\skin_type\train\normal\normal_train_01581.jpg,normal,train
C:\DATN\skin-ai-project\ai\data\processed\skin_type\train\normal\normal_train_01582.jpg,normal,train
C:\DATN\skin-ai-project\ai\data\processed\skin_type\train\normal\normal_train_01583.jpg,normal,train
C:\DATN\skin-ai-project\ai\data\processed\skin_type\train\normal\normal_train_01584.jpg,normal,train
C:\DATN\skin-ai-project\ai\data\processed\skin_type\train\dry\dry_train_01585.jpg,dry,train
C:\DATN\skin-ai-project\ai\data\processed\skin_type\train\oily\oily_train_01586.jpg,oily,train
C:\DATN\skin-ai-project\ai\data\processed\skin_type\train\dry\dry_train_01587.jpg,dry,train
C:\DATN\skin-ai-project\ai\data\processed\skin_type\train\normal\normal_train_01588.jpg,normal,train
C:\DATN\skin-ai-project\ai\data\processed\skin_type\train\dry\dry_train_01589.jpg,dry,train
C:\DATN\skin-ai-project\ai\data\processed\skin_type\train\normal\normal_train_01590.jpg,normal,train
C:\DATN\skin-ai-project\ai\data\processed\skin_type\train\oily\oily_train_01591.jpg,oily,train
C:\DATN\skin-ai-project\ai\data\processed\skin_type\train\normal\normal_train_01592.jpg,normal,train
C:\DATN\skin-ai-project\ai\data\processed\skin_type\train\normal\normal_train_01593.jpg,normal,train
C:\DATN\skin-ai-project\ai\data\processed\skin_type\train\dry\dry_train_01594.jpg,dry,train
C:\DATN\skin-ai-project\ai\data\processed\skin_type\train\normal\normal_train_01595.jpg,normal,train
C:\DATN\skin-ai-project\ai\data\processed\skin_type\train\oily\oily_train_01596.jpg,oily,train
C:\DATN\skin-ai-project\ai\data\processed\skin_type\train\normal\normal_train_01597.jpg,normal,train
C:\DATN\skin-ai-project\ai\data\processed\skin_type\train\normal\normal_train_01598.jpg,normal,train
C:\DATN\skin-ai-project\ai\data\processed\skin_type\train\dry\dry_train_01599.jpg,dry,train
C:\DATN\skin-ai-project\ai\data\processed\skin_type\train\normal\normal_train_01600.jpg,normal,train
C:\DATN\skin-ai-project\ai\data\processed\skin_type\train\normal\normal_train_01601.jpg,normal,train
C:\DATN\skin-ai-project\ai\data\processed\skin_type\train\normal\normal_train_01602.jpg,normal,train
C:\DATN\skin-ai-project\ai\data\processed\skin_type\train\normal\normal_train_01603.jpg,normal,train
C:\DATN\skin-ai-project\ai\data\processed\skin_type\train\normal\normal_train_01604.jpg,normal,train
C:\DATN\skin-ai-project\ai\data\processed\skin_type\train\normal\normal_train_01605.jpg,normal,train
C:\DATN\skin-ai-project\ai\data\processed\skin_type\train\normal\normal_train_01606.jpg,normal,train
C:\DATN\skin-ai-project\ai\data\processed\skin_type\train\normal\normal_train_01607.jpg,normal,train
C:\DATN\skin-ai-project\ai\data\processed\skin_type\train\dry\dry_train_01608.jpg,dry,train
C:\DATN\skin-ai-project\ai\data\processed\skin_type\train\normal\normal_train_01609.jpg,normal,train
C:\DATN\skin-ai-project\ai\data\processed\skin_type\train\normal\normal_train_01610.jpg,normal,train
C:\DATN\skin-ai-project\ai\data\processed\skin_type\train\dry\dry_train_01611.jpg,dry,train
C:\DATN\skin-ai-project\ai\data\processed\skin_type\train\normal\normal_train_01612.jpg,normal,train
C:\DATN\skin-ai-project\ai\data\processed\skin_type\train\normal\normal_train_01613.jpg,normal,train
C:\DATN\skin-ai-project\ai\data\processed\skin_type\train\oily\oily_train_01614.jpg,oily,train
C:\DATN\skin-ai-project\ai\data\processed\skin_type\train\normal\normal_train_01615.jpg,normal,train
C:\DATN\skin-ai-project\ai\data\processed\skin_type\train\oily\oily_train_01616.jpg,oily,train
C:\DATN\skin-ai-project\ai\data\processed\skin_type\train\normal\normal_train_01617.jpg,normal,train
C:\DATN\skin-ai-project\ai\data\processed\skin_type\train\normal\normal_train_01618.jpg,normal,train
C:\DATN\skin-ai-project\ai\data\processed\skin_type\train\normal\normal_train_01619.jpg,normal,train
C:\DATN\skin-ai-project\ai\data\processed\skin_type\train\normal\normal_train_01620.jpg,normal,train
C:\DATN\skin-ai-project\ai\data\processed\skin_type\train\normal\normal_train_01621.jpg,normal,train
C:\DATN\skin-ai-project\ai\data\processed\skin_type\train\dry\dry_train_01622.jpg,dry,train
C:\DATN\skin-ai-project\ai\data\processed\skin_type\train\oily\oily_train_01623.jpg,oily,train
C:\DATN\skin-ai-project\ai\data\processed\skin_type\train\normal\normal_train_01624.jpg,normal,train
C:\DATN\skin-ai-project\ai\data\processed\skin_type\train\dry\dry_train_01625.jpg,dry,train
C:\DATN\skin-ai-project\ai\data\processed\skin_type\train\oily\oily_train_01626.jpg,oily,train
C:\DATN\skin-ai-project\ai\data\processed\skin_type\train\normal\normal_train_01627.jpg,normal,train
C:\DATN\skin-ai-project\ai\data\processed\skin_type\train\normal\normal_train_01628.jpg,normal,train
C:\DATN\skin-ai-project\ai\data\processed\skin_type\train\normal\normal_train_01629.jpg,normal,train
C:\DATN\skin-ai-project\ai\data\processed\skin_type\train\dry\dry_train_01630.jpg,dry,train
C:\DATN\skin-ai-project\ai\data\processed\skin_type\train\normal\normal_train_01631.jpg,normal,train
C:\DATN\skin-ai-project\ai\data\processed\skin_type\train\normal\normal_train_01632.jpg,normal,train
C:\DATN\skin-ai-project\ai\data\processed\skin_type\train\normal\normal_train_01633.jpg,normal,train
C:\DATN\skin-ai-project\ai\data\processed\skin_type\train\oily\oily_train_01634.jpg,oily,train
C:\DATN\skin-ai-project\ai\data\processed\skin_type\train\normal\normal_train_01635.jpg,normal,train
C:\DATN\skin-ai-project\ai\data\processed\skin_type\train\normal\normal_train_01636.jpg,normal,train
C:\DATN\skin-ai-project\ai\data\processed\skin_type\train\dry\dry_train_01637.jpg,dry,train
C:\DATN\skin-ai-project\ai\data\processed\skin_type\train\dry\dry_train_01638.jpg,dry,train
C:\DATN\skin-ai-project\ai\data\processed\skin_type\train\normal\normal_train_01639.jpg,normal,train
C:\DATN\skin-ai-project\ai\data\processed\skin_type\train\normal\normal_train_01640.jpg,normal,train
C:\DATN\skin-ai-project\ai\data\processed\skin_type\train\normal\normal_train_01641.jpg,normal,train
C:\DATN\skin-ai-project\ai\data\processed\skin_type\train\oily\oily_train_01642.jpg,oily,train
C:\DATN\skin-ai-project\ai\data\processed\skin_type\train\dry\dry_train_01643.jpg,dry,train
C:\DATN\skin-ai-project\ai\data\processed\skin_type\train\normal\normal_train_01644.jpg,normal,train
C:\DATN\skin-ai-project\ai\data\processed\skin_type\train\oily\oily_train_01645.jpg,oily,train
C:\DATN\skin-ai-project\ai\data\processed\skin_type\train\normal\normal_train_01646.jpg,normal,train
C:\DATN\skin-ai-project\ai\data\processed\skin_type\train\normal\normal_train_01647.jpg,normal,train
C:\DATN\skin-ai-project\ai\data\processed\skin_type\train\dry\dry_train_01648.jpg,dry,train
C:\DATN\skin-ai-project\ai\data\processed\skin_type\train\oily\oily_train_01649.jpg,oily,train
C:\DATN\skin-ai-project\ai\data\processed\skin_type\train\oily\oily_train_01650.jpg,oily,train
C:\DATN\skin-ai-project\ai\data\processed\skin_type\train\normal\normal_train_01651.jpg,normal,train
C:\DATN\skin-ai-project\ai\data\processed\skin_type\train\normal\normal_train_01652.jpg,normal,train
C:\DATN\skin-ai-project\ai\data\processed\skin_type\train\normal\normal_train_01653.jpg,normal,train
C:\DATN\skin-ai-project\ai\data\processed\skin_type\train\normal\normal_train_01654.jpg,normal,train
C:\DATN\skin-ai-project\ai\data\processed\skin_type\train\normal\normal_train_01655.jpg,normal,train
C:\DATN\skin-ai-project\ai\data\processed\skin_type\train\normal\normal_train_01656.jpg,normal,train
C:\DATN\skin-ai-project\ai\data\processed\skin_type\train\normal\normal_train_01657.jpg,normal,train
C:\DATN\skin-ai-project\ai\data\processed\skin_type\train\dry\dry_train_01658.jpg,dry,train
C:\DATN\skin-ai-project\ai\data\processed\skin_type\train\normal\normal_train_01659.jpg,normal,train
C:\DATN\skin-ai-project\ai\data\processed\skin_type\train\dry\dry_train_01660.jpg,dry,train
C:\DATN\skin-ai-project\ai\data\processed\skin_type\train\normal\normal_train_01661.jpg,normal,train
C:\DATN\skin-ai-project\ai\data\processed\skin_type\train\normal\normal_train_01662.jpg,normal,train
C:\DATN\skin-ai-project\ai\data\processed\skin_type\train\oily\oily_train_01663.jpg,oily,train
C:\DATN\skin-ai-project\ai\data\processed\skin_type\train\oily\oily_train_01664.jpg,oily,train
C:\DATN\skin-ai-project\ai\data\processed\skin_type\train\normal\normal_train_01665.jpg,normal,train
C:\DATN\skin-ai-project\ai\data\processed\skin_type\train\oily\oily_train_01666.jpg,oily,train
C:\DATN\skin-ai-project\ai\data\processed\skin_type\train\normal\normal_train_01667.jpg,normal,train
C:\DATN\skin-ai-project\ai\data\processed\skin_type\train\normal\normal_train_01668.jpg,normal,train
C:\DATN\skin-ai-project\ai\data\processed\skin_type\train\normal\normal_train_01669.jpg,normal,train
C:\DATN\skin-ai-project\ai\data\processed\skin_type\train\oily\oily_train_01670.jpg,oily,train
C:\DATN\skin-ai-project\ai\data\processed\skin_type\train\normal\normal_train_01671.jpg,normal,train
C:\DATN\skin-ai-project\ai\data\processed\skin_type\train\normal\normal_train_01672.jpg,normal,train
C:\DATN\skin-ai-project\ai\data\processed\skin_type\train\normal\normal_train_01673.jpg,normal,train
C:\DATN\skin-ai-project\ai\data\processed\skin_type\train\dry\dry_train_01674.jpg,dry,train
C:\DATN\skin-ai-project\ai\data\processed\skin_type\train\oily\oily_train_01675.jpg,oily,train
C:\DATN\skin-ai-project\ai\data\processed\skin_type\train\dry\dry_train_01676.jpg,dry,train
C:\DATN\skin-ai-project\ai\data\processed\skin_type\train\normal\normal_train_01677.jpg,normal,train
C:\DATN\skin-ai-project\ai\data\processed\skin_type\train\dry\dry_train_01678.jpg,dry,train
C:\DATN\skin-ai-project\ai\data\processed\skin_type\train\normal\normal_train_01679.jpg,normal,train
C:\DATN\skin-ai-project\ai\data\processed\skin_type\train\oily\oily_train_01680.jpg,oily,train
C:\DATN\skin-ai-project\ai\data\processed\skin_type\train\dry\dry_train_01681.jpg,dry,train
C:\DATN\skin-ai-project\ai\data\processed\skin_type\train\normal\normal_train_01682.jpg,normal,train
C:\DATN\skin-ai-project\ai\data\processed\skin_type\train\oily\oily_train_01683.jpg,oily,train
C:\DATN\skin-ai-project\ai\data\processed\skin_type\train\normal\normal_train_01684.jpg,normal,train
C:\DATN\skin-ai-project\ai\data\processed\skin_type\train\oily\oily_train_01685.jpg,oily,train
C:\DATN\skin-ai-project\ai\data\processed\skin_type\train\normal\normal_train_01686.jpg,normal,train
C:\DATN\skin-ai-project\ai\data\processed\skin_type\train\dry\dry_train_01687.jpg,dry,train
C:\DATN\skin-ai-project\ai\data\processed\skin_type\train\normal\normal_train_01688.jpg,normal,train
C:\DATN\skin-ai-project\ai\data\processed\skin_type\train\normal\normal_train_01689.jpg,normal,train
C:\DATN\skin-ai-project\ai\data\processed\skin_type\train\dry\dry_train_01690.jpg,dry,train
C:\DATN\skin-ai-project\ai\data\processed\skin_type\train\normal\normal_train_01691.jpg,normal,train
C:\DATN\skin-ai-project\ai\data\processed\skin_type\train\oily\oily_train_01692.jpg,oily,train
C:\DATN\skin-ai-project\ai\data\processed\skin_type\train\normal\normal_train_01693.jpg,normal,train
C:\DATN\skin-ai-project\ai\data\processed\skin_type\train\normal\normal_train_01694.jpg,normal,train
C:\DATN\skin-ai-project\ai\data\processed\skin_type\train\normal\normal_train_01695.jpg,normal,train
C:\DATN\skin-ai-project\ai\data\processed\skin_type\train\dry\dry_train_01696.jpg,dry,train
C:\DATN\skin-ai-project\ai\data\processed\skin_type\train\dry\dry_train_01697.jpg,dry,train
C:\DATN\skin-ai-project\ai\data\processed\skin_type\train\normal\normal_train_01698.jpg,normal,train
C:\DATN\skin-ai-project\ai\data\processed\skin_type\train\oily\oily_train_01699.jpg,oily,train
C:\DATN\skin-ai-project\ai\data\processed\skin_type\train\dry\dry_train_01700.jpg,dry,train
C:\DATN\skin-ai-project\ai\data\processed\skin_type\train\dry\dry_train_01701.jpg,dry,train
C:\DATN\skin-ai-project\ai\data\processed\skin_type\train\dry\dry_train_01702.jpg,dry,train
C:\DATN\skin-ai-project\ai\data\processed\skin_type\train\dry\dry_train_01703.jpg,dry,train
C:\DATN\skin-ai-project\ai\data\processed\skin_type\train\normal\normal_train_01704.jpg,normal,train
C:\DATN\skin-ai-project\ai\data\processed\skin_type\train\normal\normal_train_01705.jpg,normal,train
C:\DATN\skin-ai-project\ai\data\processed\skin_type\train\normal\normal_train_01706.jpg,normal,train
C:\DATN\skin-ai-project\ai\data\processed\skin_type\train\dry\dry_train_01707.jpg,dry,train
C:\DATN\skin-ai-project\ai\data\processed\skin_type\train\normal\normal_train_01708.jpg,normal,train
C:\DATN\skin-ai-project\ai\data\processed\skin_type\train\normal\normal_train_01709.jpg,normal,train
C:\DATN\skin-ai-project\ai\data\processed\skin_type\train\dry\dry_train_01710.jpg,dry,train
C:\DATN\skin-ai-project\ai\data\processed\skin_type\train\dry\dry_train_01711.jpg,dry,train
C:\DATN\skin-ai-project\ai\data\processed\skin_type\train\normal\normal_train_01712.jpg,normal,train
C:\DATN\skin-ai-project\ai\data\processed\skin_type\train\oily\oily_train_01713.jpg,oily,train
C:\DATN\skin-ai-project\ai\data\processed\skin_type\train\normal\normal_train_01714.jpg,normal,train
C:\DATN\skin-ai-project\ai\data\processed\skin_type\train\normal\normal_train_01715.jpg,normal,train
C:\DATN\skin-ai-project\ai\data\processed\skin_type\train\normal\normal_train_01716.jpg,normal,train
C:\DATN\skin-ai-project\ai\data\processed\skin_type\train\normal\normal_train_01717.jpg,normal,train
C:\DATN\skin-ai-project\ai\data\processed\skin_type\train\normal\normal_train_01718.jpg,normal,train
C:\DATN\skin-ai-project\ai\data\processed\skin_type\train\normal\normal_train_01719.jpg,normal,train
C:\DATN\skin-ai-project\ai\data\processed\skin_type\train\normal\normal_train_01720.jpg,normal,train
C:\DATN\skin-ai-project\ai\data\processed\skin_type\train\normal\normal_train_01721.jpg,normal,train
C:\DATN\skin-ai-project\ai\data\processed\skin_type\train\dry\dry_train_01722.jpg,dry,train
C:\DATN\skin-ai-project\ai\data\processed\skin_type\train\normal\normal_train_01723.jpg,normal,train
C:\DATN\skin-ai-project\ai\data\processed\skin_type\train\oily\oily_train_01724.jpg,oily,train
C:\DATN\skin-ai-project\ai\data\processed\skin_type\train\normal\normal_train_01725.jpg,normal,train
C:\DATN\skin-ai-project\ai\data\processed\skin_type\train\oily\oily_train_01726.jpg,oily,train
C:\DATN\skin-ai-project\ai\data\processed\skin_type\train\oily\oily_train_01727.jpg,oily,train
C:\DATN\skin-ai-project\ai\data\processed\skin_type\train\normal\normal_train_01728.jpg,normal,train
C:\DATN\skin-ai-project\ai\data\processed\skin_type\train\normal\normal_train_01729.jpg,normal,train
C:\DATN\skin-ai-project\ai\data\processed\skin_type\train\oily\oily_train_01730.jpg,oily,train
C:\DATN\skin-ai-project\ai\data\processed\skin_type\train\oily\oily_train_01731.jpg,oily,train
C:\DATN\skin-ai-project\ai\data\processed\skin_type\train\normal\normal_train_01732.jpg,normal,train
C:\DATN\skin-ai-project\ai\data\processed\skin_type\train\oily\oily_train_01733.jpg,oily,train
C:\DATN\skin-ai-project\ai\data\processed\skin_type\train\normal\normal_train_01734.jpg,normal,train
C:\DATN\skin-ai-project\ai\data\processed\skin_type\train\oily\oily_train_01735.jpg,oily,train
C:\DATN\skin-ai-project\ai\data\processed\skin_type\train\oily\oily_train_01736.jpg,oily,train
C:\DATN\skin-ai-project\ai\data\processed\skin_type\train\normal\normal_train_01737.jpg,normal,train
C:\DATN\skin-ai-project\ai\data\processed\skin_type\train\normal\normal_train_01738.jpg,normal,train
C:\DATN\skin-ai-project\ai\data\processed\skin_type\train\normal\normal_train_01739.jpg,normal,train
C:\DATN\skin-ai-project\ai\data\processed\skin_type\train\oily\oily_train_01740.jpg,oily,train
C:\DATN\skin-ai-project\ai\data\processed\skin_type\train\normal\normal_train_01741.jpg,normal,train
C:\DATN\skin-ai-project\ai\data\processed\skin_type\train\normal\normal_train_01742.jpg,normal,train
C:\DATN\skin-ai-project\ai\data\processed\skin_type\train\dry\dry_train_01743.jpg,dry,train
C:\DATN\skin-ai-project\ai\data\processed\skin_type\train\dry\dry_train_01744.jpg,dry,train
C:\DATN\skin-ai-project\ai\data\processed\skin_type\train\normal\normal_train_01745.jpg,normal,train
C:\DATN\skin-ai-project\ai\data\processed\skin_type\train\normal\normal_train_01746.jpg,normal,train
C:\DATN\skin-ai-project\ai\data\processed\skin_type\train\normal\normal_train_01747.jpg,normal,train
C:\DATN\skin-ai-project\ai\data\processed\skin_type\train\normal\normal_train_01748.jpg,normal,train
C:\DATN\skin-ai-project\ai\data\processed\skin_type\train\normal\normal_train_01749.jpg,normal,train
C:\DATN\skin-ai-project\ai\data\processed\skin_type\train\normal\normal_train_01750.jpg,normal,train
C:\DATN\skin-ai-project\ai\data\processed\skin_type\train\oily\oily_train_01751.jpg,oily,train
C:\DATN\skin-ai-project\ai\data\processed\skin_type\train\normal\normal_train_01752.jpg,normal,train
C:\DATN\skin-ai-project\ai\data\processed\skin_type\train\normal\normal_train_01753.jpg,normal,train
C:\DATN\skin-ai-project\ai\data\processed\skin_type\train\dry\dry_train_01754.jpg,dry,train
C:\DATN\skin-ai-project\ai\data\processed\skin_type\train\dry\dry_train_01755.jpg,dry,train
C:\DATN\skin-ai-project\ai\data\processed\skin_type\train\normal\normal_train_01756.jpg,normal,train
C:\DATN\skin-ai-project\ai\data\processed\skin_type\train\normal\normal_train_01757.jpg,normal,train
C:\DATN\skin-ai-project\ai\data\processed\skin_type\train\normal\normal_train_01758.jpg,normal,train
C:\DATN\skin-ai-project\ai\data\processed\skin_type\train\normal\normal_train_01759.jpg,normal,train
C:\DATN\skin-ai-project\ai\data\processed\skin_type\train\oily\oily_train_01760.jpg,oily,train
C:\DATN\skin-ai-project\ai\data\processed\skin_type\train\normal\normal_train_01761.jpg,normal,train
C:\DATN\skin-ai-project\ai\data\processed\skin_type\train\normal\normal_train_01762.jpg,normal,train
C:\DATN\skin-ai-project\ai\data\processed\skin_type\train\dry\dry_train_01763.jpg,dry,train
C:\DATN\skin-ai-project\ai\data\processed\skin_type\train\oily\oily_train_01764.jpg,oily,train
C:\DATN\skin-ai-project\ai\data\processed\skin_type\train\normal\normal_train_01765.jpg,normal,train
C:\DATN\skin-ai-project\ai\data\processed\skin_type\train\normal\normal_train_01766.jpg,normal,train
C:\DATN\skin-ai-project\ai\data\processed\skin_type\train\normal\normal_train_01767.jpg,normal,train
C:\DATN\skin-ai-project\ai\data\processed\skin_type\train\normal\normal_train_01768.jpg,normal,train
C:\DATN\skin-ai-project\ai\data\processed\skin_type\train\normal\normal_train_01769.jpg,normal,train
C:\DATN\skin-ai-project\ai\data\processed\skin_type\train\normal\normal_train_01770.jpg,normal,train
C:\DATN\skin-ai-project\ai\data\processed\skin_type\train\oily\oily_train_01771.jpg,oily,train
C:\DATN\skin-ai-project\ai\data\processed\skin_type\train\normal\normal_train_01772.jpg,normal,train
C:\DATN\skin-ai-project\ai\data\processed\skin_type\train\normal\normal_train_01773.jpg,normal,train
C:\DATN\skin-ai-project\ai\data\processed\skin_type\train\normal\normal_train_01774.jpg,normal,train
C:\DATN\skin-ai-project\ai\data\processed\skin_type\train\normal\normal_train_01775.jpg,normal,train
C:\DATN\skin-ai-project\ai\data\processed\skin_type\train\dry\dry_train_01776.jpg,dry,train
C:\DATN\skin-ai-project\ai\data\processed\skin_type\train\normal\normal_train_01777.jpg,normal,train
C:\DATN\skin-ai-project\ai\data\processed\skin_type\train\oily\oily_train_01778.jpg,oily,train
C:\DATN\skin-ai-project\ai\data\processed\skin_type\train\normal\normal_train_01779.jpg,normal,train
C:\DATN\skin-ai-project\ai\data\processed\skin_type\train\normal\normal_train_01780.jpg,normal,train
C:\DATN\skin-ai-project\ai\data\processed\skin_type\train\normal\normal_train_01781.jpg,normal,train
C:\DATN\skin-ai-project\ai\data\processed\skin_type\train\normal\normal_train_01782.jpg,normal,train
C:\DATN\skin-ai-project\ai\data\processed\skin_type\train\normal\normal_train_01783.jpg,normal,train
C:\DATN\skin-ai-project\ai\data\processed\skin_type\train\normal\normal_train_01784.jpg,normal,train
C:\DATN\skin-ai-project\ai\data\processed\skin_type\train\normal\normal_train_01785.jpg,normal,train
C:\DATN\skin-ai-project\ai\data\processed\skin_type\train\normal\normal_train_01786.jpg,normal,train
C:\DATN\skin-ai-project\ai\data\processed\skin_type\train\normal\normal_train_01787.jpg,normal,train
C:\DATN\skin-ai-project\ai\data\processed\skin_type\train\normal\normal_train_01788.jpg,normal,train
C:\DATN\skin-ai-project\ai\data\processed\skin_type\train\normal\normal_train_01789.jpg,normal,train
C:\DATN\skin-ai-project\ai\data\processed\skin_type\train\oily\oily_train_01790.jpg,oily,train
C:\DATN\skin-ai-project\ai\data\processed\skin_type\train\dry\dry_train_01791.jpg,dry,train
C:\DATN\skin-ai-project\ai\data\processed\skin_type\train\normal\normal_train_01792.jpg,normal,train
C:\DATN\skin-ai-project\ai\data\processed\skin_type\train\normal\normal_train_01793.jpg,normal,train
C:\DATN\skin-ai-project\ai\data\processed\skin_type\train\normal\normal_train_01794.jpg,normal,train
C:\DATN\skin-ai-project\ai\data\processed\skin_type\train\normal\normal_train_01795.jpg,normal,train
C:\DATN\skin-ai-project\ai\data\processed\skin_type\train\dry\dry_train_01796.jpg,dry,train
C:\DATN\skin-ai-project\ai\data\processed\skin_type\train\normal\normal_train_01797.jpg,normal,train
C:\DATN\skin-ai-project\ai\data\processed\skin_type\train\normal\normal_train_01798.jpg,normal,train
C:\DATN\skin-ai-project\ai\data\processed\skin_type\train\oily\oily_train_01799.jpg,oily,train
C:\DATN\skin-ai-project\ai\data\processed\skin_type\train\normal\normal_train_01800.jpg,normal,train
C:\DATN\skin-ai-project\ai\data\processed\skin_type\train\normal\normal_train_01801.jpg,normal,train
C:\DATN\skin-ai-project\ai\data\processed\skin_type\train\oily\oily_train_01802.jpg,oily,train
C:\DATN\skin-ai-project\ai\data\processed\skin_type\train\normal\normal_train_01803.jpg,normal,train
C:\DATN\skin-ai-project\ai\data\processed\skin_type\train\normal\normal_train_01804.jpg,normal,train
C:\DATN\skin-ai-project\ai\data\processed\skin_type\train\normal\normal_train_01805.jpg,normal,train
C:\DATN\skin-ai-project\ai\data\processed\skin_type\train\oily\oily_train_01806.jpg,oily,train
C:\DATN\skin-ai-project\ai\data\processed\skin_type\train\normal\normal_train_01807.jpg,normal,train
C:\DATN\skin-ai-project\ai\data\processed\skin_type\train\oily\oily_train_01808.jpg,oily,train
C:\DATN\skin-ai-project\ai\data\processed\skin_type\train\normal\normal_train_01809.jpg,normal,train
C:\DATN\skin-ai-project\ai\data\processed\skin_type\train\normal\normal_train_01810.jpg,normal,train
C:\DATN\skin-ai-project\ai\data\processed\skin_type\train\dry\dry_train_01811.jpg,dry,train
C:\DATN\skin-ai-project\ai\data\processed\skin_type\train\normal\normal_train_01812.jpg,normal,train
C:\DATN\skin-ai-project\ai\data\processed\skin_type\train\normal\normal_train_01813.jpg,normal,train
C:\DATN\skin-ai-project\ai\data\processed\skin_type\train\normal\normal_train_01814.jpg,normal,train
C:\DATN\skin-ai-project\ai\data\processed\skin_type\train\normal\normal_train_01815.jpg,normal,train
C:\DATN\skin-ai-project\ai\data\processed\skin_type\train\dry\dry_train_01816.jpg,dry,train
C:\DATN\skin-ai-project\ai\data\processed\skin_type\train\normal\normal_train_01817.jpg,normal,train
C:\DATN\skin-ai-project\ai\data\processed\skin_type\train\oily\oily_train_01818.jpg,oily,train
C:\DATN\skin-ai-project\ai\data\processed\skin_type\train\oily\oily_train_01819.jpg,oily,train
C:\DATN\skin-ai-project\ai\data\processed\skin_type\train\normal\normal_train_01820.jpg,normal,train
C:\DATN\skin-ai-project\ai\data\processed\skin_type\train\dry\dry_train_01821.jpg,dry,train
C:\DATN\skin-ai-project\ai\data\processed\skin_type\train\normal\normal_train_01822.jpg,normal,train
C:\DATN\skin-ai-project\ai\data\processed\skin_type\train\normal\normal_train_01823.jpg,normal,train
C:\DATN\skin-ai-project\ai\data\processed\skin_type\train\normal\normal_train_01824.jpg,normal,train
C:\DATN\skin-ai-project\ai\data\processed\skin_type\train\dry\dry_train_01825.jpg,dry,train
C:\DATN\skin-ai-project\ai\data\processed\skin_type\train\normal\normal_train_01826.jpg,normal,train
C:\DATN\skin-ai-project\ai\data\processed\skin_type\train\normal\normal_train_01827.jpg,normal,train
C:\DATN\skin-ai-project\ai\data\processed\skin_type\train\oily\oily_train_01828.jpg,oily,train
C:\DATN\skin-ai-project\ai\data\processed\skin_type\train\oily\oily_train_01829.jpg,oily,train
C:\DATN\skin-ai-project\ai\data\processed\skin_type\train\oily\oily_train_01830.jpg,oily,train
C:\DATN\skin-ai-project\ai\data\processed\skin_type\train\dry\dry_train_01831.jpg,dry,train
C:\DATN\skin-ai-project\ai\data\processed\skin_type\train\normal\normal_train_01832.jpg,normal,train
C:\DATN\skin-ai-project\ai\data\processed\skin_type\train\oily\oily_train_01833.jpg,oily,train
C:\DATN\skin-ai-project\ai\data\processed\skin_type\train\oily\oily_train_01834.jpg,oily,train
C:\DATN\skin-ai-project\ai\data\processed\skin_type\train\normal\normal_train_01835.jpg,normal,train
C:\DATN\skin-ai-project\ai\data\processed\skin_type\train\normal\normal_train_01836.jpg,normal,train
C:\DATN\skin-ai-project\ai\data\processed\skin_type\train\dry\dry_train_01837.jpg,dry,train
C:\DATN\skin-ai-project\ai\data\processed\skin_type\train\dry\dry_train_01838.jpg,dry,train
C:\DATN\skin-ai-project\ai\data\processed\skin_type\train\oily\oily_train_01839.jpg,oily,train
C:\DATN\skin-ai-project\ai\data\processed\skin_type\train\normal\normal_train_01840.jpg,normal,train
C:\DATN\skin-ai-project\ai\data\processed\skin_type\train\normal\normal_train_01841.jpg,normal,train
C:\DATN\skin-ai-project\ai\data\processed\skin_type\train\normal\normal_train_01842.jpg,normal,train
C:\DATN\skin-ai-project\ai\data\processed\skin_type\train\oily\oily_train_01843.jpg,oily,train
C:\DATN\skin-ai-project\ai\data\processed\skin_type\train\normal\normal_train_01844.jpg,normal,train
C:\DATN\skin-ai-project\ai\data\processed\skin_type\train\normal\normal_train_01845.jpg,normal,train
C:\DATN\skin-ai-project\ai\data\processed\skin_type\train\dry\dry_train_01846.jpg,dry,train
C:\DATN\skin-ai-project\ai\data\processed\skin_type\train\normal\normal_train_01847.jpg,normal,train
C:\DATN\skin-ai-project\ai\data\processed\skin_type\train\oily\oily_train_01848.jpg,oily,train
C:\DATN\skin-ai-project\ai\data\processed\skin_type\train\normal\normal_train_01849.jpg,normal,train
C:\DATN\skin-ai-project\ai\data\processed\skin_type\train\normal\normal_train_01850.jpg,normal,train
C:\DATN\skin-ai-project\ai\data\processed\skin_type\train\normal\normal_train_01851.jpg,normal,train
C:\DATN\skin-ai-project\ai\data\processed\skin_type\train\dry\dry_train_01852.jpg,dry,train
C:\DATN\skin-ai-project\ai\data\processed\skin_type\train\dry\dry_train_01853.jpg,dry,train
C:\DATN\skin-ai-project\ai\data\processed\skin_type\train\dry\dry_train_01854.jpg,dry,train
C:\DATN\skin-ai-project\ai\data\processed\skin_type\train\normal\normal_train_01855.jpg,normal,train
C:\DATN\skin-ai-project\ai\data\processed\skin_type\train\normal\normal_train_01856.jpg,normal,train
C:\DATN\skin-ai-project\ai\data\processed\skin_type\train\normal\normal_train_01857.jpg,normal,train
C:\DATN\skin-ai-project\ai\data\processed\skin_type\train\normal\normal_train_01858.jpg,normal,train
C:\DATN\skin-ai-project\ai\data\processed\skin_type\train\oily\oily_train_01859.jpg,oily,train
C:\DATN\skin-ai-project\ai\data\processed\skin_type\train\normal\normal_train_01860.jpg,normal,train
C:\DATN\skin-ai-project\ai\data\processed\skin_type\train\normal\normal_train_01861.jpg,normal,train
C:\DATN\skin-ai-project\ai\data\processed\skin_type\train\normal\normal_train_01862.jpg,normal,train
C:\DATN\skin-ai-project\ai\data\processed\skin_type\train\dry\dry_train_01863.jpg,dry,train
C:\DATN\skin-ai-project\ai\data\processed\skin_type\train\normal\normal_train_01864.jpg,normal,train
C:\DATN\skin-ai-project\ai\data\processed\skin_type\train\dry\dry_train_01865.jpg,dry,train
C:\DATN\skin-ai-project\ai\data\processed\skin_type\train\dry\dry_train_01866.jpg,dry,train
C:\DATN\skin-ai-project\ai\data\processed\skin_type\train\normal\normal_train_01867.jpg,normal,train
C:\DATN\skin-ai-project\ai\data\processed\skin_type\train\dry\dry_train_01868.jpg,dry,train
C:\DATN\skin-ai-project\ai\data\processed\skin_type\train\normal\normal_train_01869.jpg,normal,train
C:\DATN\skin-ai-project\ai\data\processed\skin_type\train\normal\normal_train_01870.jpg,normal,train
C:\DATN\skin-ai-project\ai\data\processed\skin_type\train\normal\normal_train_01871.jpg,normal,train
C:\DATN\skin-ai-project\ai\data\processed\skin_type\train\normal\normal_train_01872.jpg,normal,train
C:\DATN\skin-ai-project\ai\data\processed\skin_type\train\oily\oily_train_01873.jpg,oily,train
C:\DATN\skin-ai-project\ai\data\processed\skin_type\train\normal\normal_train_01874.jpg,normal,train
C:\DATN\skin-ai-project\ai\data\processed\skin_type\train\oily\oily_train_01875.jpg,oily,train
C:\DATN\skin-ai-project\ai\data\processed\skin_type\train\normal\normal_train_01876.jpg,normal,train
C:\DATN\skin-ai-project\ai\data\processed\skin_type\train\normal\normal_train_01877.jpg,normal,train
C:\DATN\skin-ai-project\ai\data\processed\skin_type\train\normal\normal_train_01878.jpg,normal,train
C:\DATN\skin-ai-project\ai\data\processed\skin_type\train\normal\normal_train_01879.jpg,normal,train
C:\DATN\skin-ai-project\ai\data\processed\skin_type\train\normal\normal_train_01880.jpg,normal,train
C:\DATN\skin-ai-project\ai\data\processed\skin_type\train\normal\normal_train_01881.jpg,normal,train
C:\DATN\skin-ai-project\ai\data\processed\skin_type\train\oily\oily_train_01882.jpg,oily,train
C:\DATN\skin-ai-project\ai\data\processed\skin_type\train\normal\normal_train_01883.jpg,normal,train
C:\DATN\skin-ai-project\ai\data\processed\skin_type\train\dry\dry_train_01884.jpg,dry,train
C:\DATN\skin-ai-project\ai\data\processed\skin_type\train\normal\normal_train_01885.jpg,normal,train
C:\DATN\skin-ai-project\ai\data\processed\skin_type\train\dry\dry_train_01886.jpg,dry,train
C:\DATN\skin-ai-project\ai\data\processed\skin_type\train\oily\oily_train_01887.jpg,oily,train
C:\DATN\skin-ai-project\ai\data\processed\skin_type\train\normal\normal_train_01888.jpg,normal,train
C:\DATN\skin-ai-project\ai\data\processed\skin_type\train\normal\normal_train_01889.jpg,normal,train
C:\DATN\skin-ai-project\ai\data\processed\skin_type\train\normal\normal_train_01890.jpg,normal,train
C:\DATN\skin-ai-project\ai\data\processed\skin_type\train\normal\normal_train_01891.jpg,normal,train
C:\DATN\skin-ai-project\ai\data\processed\skin_type\train\oily\oily_train_01892.jpg,oily,train
C:\DATN\skin-ai-project\ai\data\processed\skin_type\train\normal\normal_train_01893.jpg,normal,train
C:\DATN\skin-ai-project\ai\data\processed\skin_type\train\dry\dry_train_01894.jpg,dry,train
C:\DATN\skin-ai-project\ai\data\processed\skin_type\train\normal\normal_train_01895.jpg,normal,train
C:\DATN\skin-ai-project\ai\data\processed\skin_type\train\dry\dry_train_01896.jpg,dry,train
C:\DATN\skin-ai-project\ai\data\processed\skin_type\train\normal\normal_train_01897.jpg,normal,train
C:\DATN\skin-ai-project\ai\data\processed\skin_type\train\normal\normal_train_01898.jpg,normal,train
C:\DATN\skin-ai-project\ai\data\processed\skin_type\train\oily\oily_train_01899.jpg,oily,train
C:\DATN\skin-ai-project\ai\data\processed\skin_type\train\oily\oily_train_01900.jpg,oily,train
C:\DATN\skin-ai-project\ai\data\processed\skin_type\train\normal\normal_train_01901.jpg,normal,train
C:\DATN\skin-ai-project\ai\data\processed\skin_type\train\normal\normal_train_01902.jpg,normal,train
C:\DATN\skin-ai-project\ai\data\processed\skin_type\train\normal\normal_train_01903.jpg,normal,train
C:\DATN\skin-ai-project\ai\data\processed\skin_type\train\oily\oily_train_01904.jpg,oily,train
C:\DATN\skin-ai-project\ai\data\processed\skin_type\train\normal\normal_train_01905.jpg,normal,train
C:\DATN\skin-ai-project\ai\data\processed\skin_type\train\dry\dry_train_01906.jpg,dry,train
C:\DATN\skin-ai-project\ai\data\processed\skin_type\train\oily\oily_train_01907.jpg,oily,train
C:\DATN\skin-ai-project\ai\data\processed\skin_type\train\normal\normal_train_01908.jpg,normal,train
C:\DATN\skin-ai-project\ai\data\processed\skin_type\train\normal\normal_train_01909.jpg,normal,train
C:\DATN\skin-ai-project\ai\data\processed\skin_type\train\normal\normal_train_01910.jpg,normal,train
C:\DATN\skin-ai-project\ai\data\processed\skin_type\train\normal\normal_train_01911.jpg,normal,train
C:\DATN\skin-ai-project\ai\data\processed\skin_type\train\normal\normal_train_01912.jpg,normal,train
C:\DATN\skin-ai-project\ai\data\processed\skin_type\train\normal\normal_train_01913.jpg,normal,train
C:\DATN\skin-ai-project\ai\data\processed\skin_type\train\normal\normal_train_01914.jpg,normal,train
C:\DATN\skin-ai-project\ai\data\processed\skin_type\train\normal\normal_train_01915.jpg,normal,train
C:\DATN\skin-ai-project\ai\data\processed\skin_type\train\normal\normal_train_01916.jpg,normal,train
C:\DATN\skin-ai-project\ai\data\processed\skin_type\train\oily\oily_train_01917.jpg,oily,train
C:\DATN\skin-ai-project\ai\data\processed\skin_type\train\oily\oily_train_01918.jpg,oily,train
C:\DATN\skin-ai-project\ai\data\processed\skin_type\train\normal\normal_train_01919.jpg,normal,train
C:\DATN\skin-ai-project\ai\data\processed\skin_type\train\oily\oily_train_01920.jpg,oily,train
C:\DATN\skin-ai-project\ai\data\processed\skin_type\train\oily\oily_train_01921.jpg,oily,train
C:\DATN\skin-ai-project\ai\data\processed\skin_type\train\normal\normal_train_01922.jpg,normal,train
C:\DATN\skin-ai-project\ai\data\processed\skin_type\train\oily\oily_train_01923.jpg,oily,train
C:\DATN\skin-ai-project\ai\data\processed\skin_type\train\oily\oily_train_01924.jpg,oily,train
C:\DATN\skin-ai-project\ai\data\processed\skin_type\train\normal\normal_train_01925.jpg,normal,train
C:\DATN\skin-ai-project\ai\data\processed\skin_type\train\normal\normal_train_01926.jpg,normal,train
C:\DATN\skin-ai-project\ai\data\processed\skin_type\train\dry\dry_train_01927.jpg,dry,train
C:\DATN\skin-ai-project\ai\data\processed\skin_type\train\oily\oily_train_01928.jpg,oily,train
C:\DATN\skin-ai-project\ai\data\processed\skin_type\train\dry\dry_train_01929.jpg,dry,train
C:\DATN\skin-ai-project\ai\data\processed\skin_type\train\oily\oily_train_01930.jpg,oily,train
C:\DATN\skin-ai-project\ai\data\processed\skin_type\train\oily\oily_train_01931.jpg,oily,train
C:\DATN\skin-ai-project\ai\data\processed\skin_type\train\oily\oily_train_01932.jpg,oily,train
C:\DATN\skin-ai-project\ai\data\processed\skin_type\train\normal\normal_train_01933.jpg,normal,train
C:\DATN\skin-ai-project\ai\data\processed\skin_type\train\normal\normal_train_01934.jpg,normal,train
C:\DATN\skin-ai-project\ai\data\processed\skin_type\train\oily\oily_train_01935.jpg,oily,train
C:\DATN\skin-ai-project\ai\data\processed\skin_type\train\dry\dry_train_01936.jpg,dry,train
C:\DATN\skin-ai-project\ai\data\processed\skin_type\train\normal\normal_train_01937.jpg,normal,train
C:\DATN\skin-ai-project\ai\data\processed\skin_type\train\normal\normal_train_01938.jpg,normal,train
C:\DATN\skin-ai-project\ai\data\processed\skin_type\train\oily\oily_train_01939.jpg,oily,train
C:\DATN\skin-ai-project\ai\data\processed\skin_type\train\normal\normal_train_01940.jpg,normal,train
C:\DATN\skin-ai-project\ai\data\processed\skin_type\train\normal\normal_train_01941.jpg,normal,train
C:\DATN\skin-ai-project\ai\data\processed\skin_type\train\normal\normal_train_01942.jpg,normal,train
C:\DATN\skin-ai-project\ai\data\processed\skin_type\train\dry\dry_train_01943.jpg,dry,train
C:\DATN\skin-ai-project\ai\data\processed\skin_type\train\normal\normal_train_01944.jpg,normal,train
C:\DATN\skin-ai-project\ai\data\processed\skin_type\train\normal\normal_train_01945.jpg,normal,train
C:\DATN\skin-ai-project\ai\data\processed\skin_type\train\normal\normal_train_01946.jpg,normal,train
C:\DATN\skin-ai-project\ai\data\processed\skin_type\train\oily\oily_train_01947.jpg,oily,train
C:\DATN\skin-ai-project\ai\data\processed\skin_type\train\normal\normal_train_01948.jpg,normal,train
C:\DATN\skin-ai-project\ai\data\processed\skin_type\train\normal\normal_train_01949.jpg,normal,train
C:\DATN\skin-ai-project\ai\data\processed\skin_type\train\normal\normal_train_01950.jpg,normal,train
C:\DATN\skin-ai-project\ai\data\processed\skin_type\train\normal\normal_train_01951.jpg,normal,train
C:\DATN\skin-ai-project\ai\data\processed\skin_type\train\normal\normal_train_01952.jpg,normal,train
C:\DATN\skin-ai-project\ai\data\processed\skin_type\train\normal\normal_train_01953.jpg,normal,train
C:\DATN\skin-ai-project\ai\data\processed\skin_type\train\oily\oily_train_01954.jpg,oily,train
C:\DATN\skin-ai-project\ai\data\processed\skin_type\train\normal\normal_train_01955.jpg,normal,train
C:\DATN\skin-ai-project\ai\data\processed\skin_type\train\oily\oily_train_01956.jpg,oily,train
C:\DATN\skin-ai-project\ai\data\processed\skin_type\train\normal\normal_train_01957.jpg,normal,train
C:\DATN\skin-ai-project\ai\data\processed\skin_type\train\normal\normal_train_01958.jpg,normal,train
C:\DATN\skin-ai-project\ai\data\processed\skin_type\train\oily\oily_train_01959.jpg,oily,train
C:\DATN\skin-ai-project\ai\data\processed\skin_type\train\normal\normal_train_01960.jpg,normal,train
C:\DATN\skin-ai-project\ai\data\processed\skin_type\train\normal\normal_train_01961.jpg,normal,train
C:\DATN\skin-ai-project\ai\data\processed\skin_type\train\normal\normal_train_01962.jpg,normal,train
C:\DATN\skin-ai-project\ai\data\processed\skin_type\train\normal\normal_train_01963.jpg,normal,train
C:\DATN\skin-ai-project\ai\data\processed\skin_type\train\dry\dry_train_01964.jpg,dry,train
C:\DATN\skin-ai-project\ai\data\processed\skin_type\train\dry\dry_train_01965.jpg,dry,train
C:\DATN\skin-ai-project\ai\data\processed\skin_type\train\normal\normal_train_01966.jpg,normal,train
C:\DATN\skin-ai-project\ai\data\processed\skin_type\train\normal\normal_train_01967.jpg,normal,train
C:\DATN\skin-ai-project\ai\data\processed\skin_type\train\normal\normal_train_01968.jpg,normal,train
C:\DATN\skin-ai-project\ai\data\processed\skin_type\train\normal\normal_train_01969.jpg,normal,train
C:\DATN\skin-ai-project\ai\data\processed\skin_type\train\normal\normal_train_01970.jpg,normal,train
C:\DATN\skin-ai-project\ai\data\processed\skin_type\train\normal\normal_train_01971.jpg,normal,train
C:\DATN\skin-ai-project\ai\data\processed\skin_type\train\oily\oily_train_01972.jpg,oily,train
C:\DATN\skin-ai-project\ai\data\processed\skin_type\train\dry\dry_train_01973.jpg,dry,train
C:\DATN\skin-ai-project\ai\data\processed\skin_type\train\normal\normal_train_01974.jpg,normal,train
C:\DATN\skin-ai-project\ai\data\processed\skin_type\train\oily\oily_train_01975.jpg,oily,train
C:\DATN\skin-ai-project\ai\data\processed\skin_type\train\oily\oily_train_01976.jpg,oily,train
C:\DATN\skin-ai-project\ai\data\processed\skin_type\train\normal\normal_train_01977.jpg,normal,train
C:\DATN\skin-ai-project\ai\data\processed\skin_type\train\normal\normal_train_01978.jpg,normal,train
C:\DATN\skin-ai-project\ai\data\processed\skin_type\train\oily\oily_train_01979.jpg,oily,train
C:\DATN\skin-ai-project\ai\data\processed\skin_type\train\normal\normal_train_01980.jpg,normal,train
C:\DATN\skin-ai-project\ai\data\processed\skin_type\train\normal\normal_train_01981.jpg,normal,train
C:\DATN\skin-ai-project\ai\data\processed\skin_type\train\normal\normal_train_01982.jpg,normal,train
C:\DATN\skin-ai-project\ai\data\processed\skin_type\train\dry\dry_train_01983.jpg,dry,train
C:\DATN\skin-ai-project\ai\data\processed\skin_type\train\normal\normal_train_01984.jpg,normal,train
C:\DATN\skin-ai-project\ai\data\processed\skin_type\train\oily\oily_train_01985.jpg,oily,train
C:\DATN\skin-ai-project\ai\data\processed\skin_type\train\oily\oily_train_01986.jpg,oily,train
C:\DATN\skin-ai-project\ai\data\processed\skin_type\train\normal\normal_train_01987.jpg,normal,train
C:\DATN\skin-ai-project\ai\data\processed\skin_type\train\normal\normal_train_01988.jpg,normal,train
C:\DATN\skin-ai-project\ai\data\processed\skin_type\train\dry\dry_train_01989.jpg,dry,train
C:\DATN\skin-ai-project\ai\data\processed\skin_type\train\normal\normal_train_01990.jpg,normal,train
C:\DATN\skin-ai-project\ai\data\processed\skin_type\train\oily\oily_train_01991.jpg,oily,train
C:\DATN\skin-ai-project\ai\data\processed\skin_type\train\normal\normal_train_01992.jpg,normal,train
C:\DATN\skin-ai-project\ai\data\processed\skin_type\train\normal\normal_train_01993.jpg,normal,train
C:\DATN\skin-ai-project\ai\data\processed\skin_type\train\oily\oily_train_01994.jpg,oily,train
C:\DATN\skin-ai-project\ai\data\processed\skin_type\train\dry\dry_train_01995.jpg,dry,train
C:\DATN\skin-ai-project\ai\data\processed\skin_type\train\dry\dry_train_01996.jpg,dry,train
C:\DATN\skin-ai-project\ai\data\processed\skin_type\train\normal\normal_train_01997.jpg,normal,train
C:\DATN\skin-ai-project\ai\data\processed\skin_type\train\dry\dry_train_01998.jpg,dry,train
C:\DATN\skin-ai-project\ai\data\processed\skin_type\train\normal\normal_train_01999.jpg,normal,train
C:\DATN\skin-ai-project\ai\data\processed\skin_type\train\normal\normal_train_02000.jpg,normal,train
C:\DATN\skin-ai-project\ai\data\processed\skin_type\train\dry\dry_train_02001.jpg,dry,train
C:\DATN\skin-ai-project\ai\data\processed\skin_type\train\normal\normal_train_02002.jpg,normal,train
C:\DATN\skin-ai-project\ai\data\processed\skin_type\train\oily\oily_train_02003.jpg,oily,train
C:\DATN\skin-ai-project\ai\data\processed\skin_type\train\normal\normal_train_02004.jpg,normal,train
C:\DATN\skin-ai-project\ai\data\processed\skin_type\train\normal\normal_train_02005.jpg,normal,train
C:\DATN\skin-ai-project\ai\data\processed\skin_type\train\dry\dry_train_02006.jpg,dry,train
C:\DATN\skin-ai-project\ai\data\processed\skin_type\train\oily\oily_train_02007.jpg,oily,train
C:\DATN\skin-ai-project\ai\data\processed\skin_type\train\oily\oily_train_02008.jpg,oily,train
C:\DATN\skin-ai-project\ai\data\processed\skin_type\train\dry\dry_train_02009.jpg,dry,train
C:\DATN\skin-ai-project\ai\data\processed\skin_type\train\normal\normal_train_02010.jpg,normal,train
C:\DATN\skin-ai-project\ai\data\processed\skin_type\train\normal\normal_train_02011.jpg,normal,train
C:\DATN\skin-ai-project\ai\data\processed\skin_type\train\normal\normal_train_02012.jpg,normal,train
C:\DATN\skin-ai-project\ai\data\processed\skin_type\train\normal\normal_train_02013.jpg,normal,train
C:\DATN\skin-ai-project\ai\data\processed\skin_type\train\normal\normal_train_02014.jpg,normal,train
C:\DATN\skin-ai-project\ai\data\processed\skin_type\train\normal\normal_train_02015.jpg,normal,train
C:\DATN\skin-ai-project\ai\data\processed\skin_type\train\normal\normal_train_02016.jpg,normal,train
C:\DATN\skin-ai-project\ai\data\processed\skin_type\train\normal\normal_train_02017.jpg,normal,train
C:\DATN\skin-ai-project\ai\data\processed\skin_type\train\normal\normal_train_02018.jpg,normal,train
C:\DATN\skin-ai-project\ai\data\processed\skin_type\train\normal\normal_train_02019.jpg,normal,train
C:\DATN\skin-ai-project\ai\data\processed\skin_type\train\dry\dry_train_02020.jpg,dry,train
C:\DATN\skin-ai-project\ai\data\processed\skin_type\train\dry\dry_train_02021.jpg,dry,train
C:\DATN\skin-ai-project\ai\data\processed\skin_type\train\normal\normal_train_02022.jpg,normal,train
C:\DATN\skin-ai-project\ai\data\processed\skin_type\train\dry\dry_train_02023.jpg,dry,train
C:\DATN\skin-ai-project\ai\data\processed\skin_type\train\oily\oily_train_02024.jpg,oily,train
C:\DATN\skin-ai-project\ai\data\processed\skin_type\train\dry\dry_train_02025.jpg,dry,train
C:\DATN\skin-ai-project\ai\data\processed\skin_type\train\normal\normal_train_02026.jpg,normal,train
C:\DATN\skin-ai-project\ai\data\processed\skin_type\train\normal\normal_train_02027.jpg,normal,train
C:\DATN\skin-ai-project\ai\data\processed\skin_type\train\dry\dry_train_02028.jpg,dry,train
C:\DATN\skin-ai-project\ai\data\processed\skin_type\train\dry\dry_train_02029.jpg,dry,train
C:\DATN\skin-ai-project\ai\data\processed\skin_type\train\normal\normal_train_02030.jpg,normal,train
C:\DATN\skin-ai-project\ai\data\processed\skin_type\train\normal\normal_train_02031.jpg,normal,train
C:\DATN\skin-ai-project\ai\data\processed\skin_type\train\normal\normal_train_02032.jpg,normal,train
C:\DATN\skin-ai-project\ai\data\processed\skin_type\train\dry\dry_train_02033.jpg,dry,train
C:\DATN\skin-ai-project\ai\data\processed\skin_type\train\normal\normal_train_02034.jpg,normal,train
C:\DATN\skin-ai-project\ai\data\processed\skin_type\train\normal\normal_train_02035.jpg,normal,train
C:\DATN\skin-ai-project\ai\data\processed\skin_type\train\normal\normal_train_02036.jpg,normal,train
C:\DATN\skin-ai-project\ai\data\processed\skin_type\train\dry\dry_train_02037.jpg,dry,train
C:\DATN\skin-ai-project\ai\data\processed\skin_type\train\normal\normal_train_02038.jpg,normal,train
C:\DATN\skin-ai-project\ai\data\processed\skin_type\train\normal\normal_train_02039.jpg,normal,train
C:\DATN\skin-ai-project\ai\data\processed\skin_type\train\dry\dry_train_02040.jpg,dry,train
C:\DATN\skin-ai-project\ai\data\processed\skin_type\train\normal\normal_train_02041.jpg,normal,train
C:\DATN\skin-ai-project\ai\data\processed\skin_type\train\normal\normal_train_02042.jpg,normal,train
C:\DATN\skin-ai-project\ai\data\processed\skin_type\train\normal\normal_train_02043.jpg,normal,train
C:\DATN\skin-ai-project\ai\data\processed\skin_type\train\dry\dry_train_02044.jpg,dry,train
C:\DATN\skin-ai-project\ai\data\processed\skin_type\train\oily\oily_train_02045.jpg,oily,train
C:\DATN\skin-ai-project\ai\data\processed\skin_type\train\dry\dry_train_02046.jpg,dry,train
C:\DATN\skin-ai-project\ai\data\processed\skin_type\train\normal\normal_train_02047.jpg,normal,train
C:\DATN\skin-ai-project\ai\data\processed\skin_type\train\normal\normal_train_02048.jpg,normal,train
C:\DATN\skin-ai-project\ai\data\processed\skin_type\train\normal\normal_train_02049.jpg,normal,train
C:\DATN\skin-ai-project\ai\data\processed\skin_type\train\oily\oily_train_02050.jpg,oily,train
C:\DATN\skin-ai-project\ai\data\processed\skin_type\train\oily\oily_train_02051.jpg,oily,train
C:\DATN\skin-ai-project\ai\data\processed\skin_type\train\normal\normal_train_02052.jpg,normal,train
C:\DATN\skin-ai-project\ai\data\processed\skin_type\train\normal\normal_train_02053.jpg,normal,train
C:\DATN\skin-ai-project\ai\data\processed\skin_type\train\normal\normal_train_02054.jpg,normal,train
C:\DATN\skin-ai-project\ai\data\processed\skin_type\train\normal\normal_train_02055.jpg,normal,train
C:\DATN\skin-ai-project\ai\data\processed\skin_type\train\dry\dry_train_02056.jpg,dry,train
C:\DATN\skin-ai-project\ai\data\processed\skin_type\train\normal\normal_train_02057.jpg,normal,train
C:\DATN\skin-ai-project\ai\data\processed\skin_type\train\normal\normal_train_02058.jpg,normal,train
C:\DATN\skin-ai-project\ai\data\processed\skin_type\train\oily\oily_train_02059.jpg,oily,train
C:\DATN\skin-ai-project\ai\data\processed\skin_type\train\dry\dry_train_02060.jpg,dry,train
C:\DATN\skin-ai-project\ai\data\processed\skin_type\train\normal\normal_train_02061.jpg,normal,train
C:\DATN\skin-ai-project\ai\data\processed\skin_type\train\normal\normal_train_02062.jpg,normal,train
C:\DATN\skin-ai-project\ai\data\processed\skin_type\train\normal\normal_train_02063.jpg,normal,train
C:\DATN\skin-ai-project\ai\data\processed\skin_type\train\oily\oily_train_02064.jpg,oily,train
C:\DATN\skin-ai-project\ai\data\processed\skin_type\train\normal\normal_train_02065.jpg,normal,train
C:\DATN\skin-ai-project\ai\data\processed\skin_type\train\dry\dry_train_02066.jpg,dry,train
C:\DATN\skin-ai-project\ai\data\processed\skin_type\train\oily\oily_train_02067.jpg,oily,train
C:\DATN\skin-ai-project\ai\data\processed\skin_type\train\normal\normal_train_02068.jpg,normal,train
C:\DATN\skin-ai-project\ai\data\processed\skin_type\train\normal\normal_train_02069.jpg,normal,train
C:\DATN\skin-ai-project\ai\data\processed\skin_type\train\oily\oily_train_02070.jpg,oily,train
C:\DATN\skin-ai-project\ai\data\processed\skin_type\train\dry\dry_train_02071.jpg,dry,train
C:\DATN\skin-ai-project\ai\data\processed\skin_type\train\normal\normal_train_02072.jpg,normal,train
C:\DATN\skin-ai-project\ai\data\processed\skin_type\train\dry\dry_train_02073.jpg,dry,train
C:\DATN\skin-ai-project\ai\data\processed\skin_type\train\dry\dry_train_02074.jpg,dry,train
C:\DATN\skin-ai-project\ai\data\processed\skin_type\train\normal\normal_train_02075.jpg,normal,train
C:\DATN\skin-ai-project\ai\data\processed\skin_type\train\normal\normal_train_02076.jpg,normal,train
C:\DATN\skin-ai-project\ai\data\processed\skin_type\train\normal\normal_train_02077.jpg,normal,train
C:\DATN\skin-ai-project\ai\data\processed\skin_type\train\oily\oily_train_02078.jpg,oily,train
C:\DATN\skin-ai-project\ai\data\processed\skin_type\train\normal\normal_train_02079.jpg,normal,train
C:\DATN\skin-ai-project\ai\data\processed\skin_type\train\normal\normal_train_02080.jpg,normal,train
C:\DATN\skin-ai-project\ai\data\processed\skin_type\train\dry\dry_train_02081.jpg,dry,train
C:\DATN\skin-ai-project\ai\data\processed\skin_type\train\normal\normal_train_02082.jpg,normal,train
C:\DATN\skin-ai-project\ai\data\processed\skin_type\train\normal\normal_train_02083.jpg,normal,train
C:\DATN\skin-ai-project\ai\data\processed\skin_type\train\oily\oily_train_02084.jpg,oily,train
C:\DATN\skin-ai-project\ai\data\processed\skin_type\train\dry\dry_train_02085.jpg,dry,train
C:\DATN\skin-ai-project\ai\data\processed\skin_type\train\normal\normal_train_02086.jpg,normal,train
C:\DATN\skin-ai-project\ai\data\processed\skin_type\train\normal\normal_train_02087.jpg,normal,train
C:\DATN\skin-ai-project\ai\data\processed\skin_type\train\normal\normal_train_02088.jpg,normal,train
C:\DATN\skin-ai-project\ai\data\processed\skin_type\train\normal\normal_train_02089.jpg,normal,train
C:\DATN\skin-ai-project\ai\data\processed\skin_type\train\normal\normal_train_02090.jpg,normal,train
C:\DATN\skin-ai-project\ai\data\processed\skin_type\train\oily\oily_train_02091.jpg,oily,train
C:\DATN\skin-ai-project\ai\data\processed\skin_type\train\normal\normal_train_02092.jpg,normal,train
C:\DATN\skin-ai-project\ai\data\processed\skin_type\train\normal\normal_train_02093.jpg,normal,train
C:\DATN\skin-ai-project\ai\data\processed\skin_type\train\oily\oily_train_02094.jpg,oily,train
C:\DATN\skin-ai-project\ai\data\processed\skin_type\train\normal\normal_train_02095.jpg,normal,train
C:\DATN\skin-ai-project\ai\data\processed\skin_type\train\normal\normal_train_02096.jpg,normal,train
C:\DATN\skin-ai-project\ai\data\processed\skin_type\train\oily\oily_train_02097.jpg,oily,train
C:\DATN\skin-ai-project\ai\data\processed\skin_type\train\dry\dry_train_02098.jpg,dry,train
C:\DATN\skin-ai-project\ai\data\processed\skin_type\train\normal\normal_train_02099.jpg,normal,train
C:\DATN\skin-ai-project\ai\data\processed\skin_type\train\normal\normal_train_02100.jpg,normal,train
C:\DATN\skin-ai-project\ai\data\processed\skin_type\train\normal\normal_train_02101.jpg,normal,train
C:\DATN\skin-ai-project\ai\data\processed\skin_type\train\normal\normal_train_02102.jpg,normal,train
C:\DATN\skin-ai-project\ai\data\processed\skin_type\train\oily\oily_train_02103.jpg,oily,train
C:\DATN\skin-ai-project\ai\data\processed\skin_type\train\normal\normal_train_02104.jpg,normal,train
C:\DATN\skin-ai-project\ai\data\processed\skin_type\train\normal\normal_train_02105.jpg,normal,train
C:\DATN\skin-ai-project\ai\data\processed\skin_type\train\normal\normal_train_02106.jpg,normal,train
C:\DATN\skin-ai-project\ai\data\processed\skin_type\train\normal\normal_train_02107.jpg,normal,train
C:\DATN\skin-ai-project\ai\data\processed\skin_type\train\normal\normal_train_02108.jpg,normal,train
C:\DATN\skin-ai-project\ai\data\processed\skin_type\train\normal\normal_train_02109.jpg,normal,train
C:\DATN\skin-ai-project\ai\data\processed\skin_type\train\dry\dry_train_02110.jpg,dry,train
C:\DATN\skin-ai-project\ai\data\processed\skin_type\train\normal\normal_train_02111.jpg,normal,train
C:\DATN\skin-ai-project\ai\data\processed\skin_type\train\normal\normal_train_02112.jpg,normal,train
C:\DATN\skin-ai-project\ai\data\processed\skin_type\train\normal\normal_train_02113.jpg,normal,train
C:\DATN\skin-ai-project\ai\data\processed\skin_type\train\dry\dry_train_02114.jpg,dry,train
C:\DATN\skin-ai-project\ai\data\processed\skin_type\train\normal\normal_train_02115.jpg,normal,train
C:\DATN\skin-ai-project\ai\data\processed\skin_type\train\normal\normal_train_02116.jpg,normal,train
C:\DATN\skin-ai-project\ai\data\processed\skin_type\train\oily\oily_train_02117.jpg,oily,train
C:\DATN\skin-ai-project\ai\data\processed\skin_type\train\normal\normal_train_02118.jpg,normal,train
C:\DATN\skin-ai-project\ai\data\processed\skin_type\train\normal\normal_train_02119.jpg,normal,train
C:\DATN\skin-ai-project\ai\data\processed\skin_type\train\oily\oily_train_02120.jpg,oily,train
C:\DATN\skin-ai-project\ai\data\processed\skin_type\train\normal\normal_train_02121.jpg,normal,train
C:\DATN\skin-ai-project\ai\data\processed\skin_type\train\normal\normal_train_02122.jpg,normal,train
C:\DATN\skin-ai-project\ai\data\processed\skin_type\train\normal\normal_train_02123.jpg,normal,train
C:\DATN\skin-ai-project\ai\data\processed\skin_type\train\oily\oily_train_02124.jpg,oily,train
C:\DATN\skin-ai-project\ai\data\processed\skin_type\train\normal\normal_train_02125.jpg,normal,train
C:\DATN\skin-ai-project\ai\data\processed\skin_type\train\normal\normal_train_02126.jpg,normal,train
C:\DATN\skin-ai-project\ai\data\processed\skin_type\train\dry\dry_train_02127.jpg,dry,train
C:\DATN\skin-ai-project\ai\data\processed\skin_type\train\oily\oily_train_02128.jpg,oily,train
C:\DATN\skin-ai-project\ai\data\processed\skin_type\train\dry\dry_train_02129.jpg,dry,train
C:\DATN\skin-ai-project\ai\data\processed\skin_type\train\normal\normal_train_02130.jpg,normal,train
C:\DATN\skin-ai-project\ai\data\processed\skin_type\train\dry\dry_train_02131.jpg,dry,train
C:\DATN\skin-ai-project\ai\data\processed\skin_type\train\normal\normal_train_02132.jpg,normal,train
C:\DATN\skin-ai-project\ai\data\processed\skin_type\train\normal\normal_train_02133.jpg,normal,train
C:\DATN\skin-ai-project\ai\data\processed\skin_type\train\normal\normal_train_02134.jpg,normal,train
C:\DATN\skin-ai-project\ai\data\processed\skin_type\train\oily\oily_train_02135.jpg,oily,train
C:\DATN\skin-ai-project\ai\data\processed\skin_type\train\oily\oily_train_02136.jpg,oily,train
C:\DATN\skin-ai-project\ai\data\processed\skin_type\train\normal\normal_train_02137.jpg,normal,train
C:\DATN\skin-ai-project\ai\data\processed\skin_type\train\oily\oily_train_02138.jpg,oily,train
C:\DATN\skin-ai-project\ai\data\processed\skin_type\train\oily\oily_train_02139.jpg,oily,train
C:\DATN\skin-ai-project\ai\data\processed\skin_type\train\dry\dry_train_02140.jpg,dry,train
C:\DATN\skin-ai-project\ai\data\processed\skin_type\train\dry\dry_train_02141.jpg,dry,train
C:\DATN\skin-ai-project\ai\data\processed\skin_type\train\oily\oily_train_02142.jpg,oily,train
C:\DATN\skin-ai-project\ai\data\processed\skin_type\train\normal\normal_train_02143.jpg,normal,train
C:\DATN\skin-ai-project\ai\data\processed\skin_type\train\normal\normal_train_02144.jpg,normal,train
C:\DATN\skin-ai-project\ai\data\processed\skin_type\train\normal\normal_train_02145.jpg,normal,train
C:\DATN\skin-ai-project\ai\data\processed\skin_type\train\dry\dry_train_02146.jpg,dry,train
C:\DATN\skin-ai-project\ai\data\processed\skin_type\train\normal\normal_train_02147.jpg,normal,train
C:\DATN\skin-ai-project\ai\data\processed\skin_type\train\dry\dry_train_02148.jpg,dry,train
C:\DATN\skin-ai-project\ai\data\processed\skin_type\train\normal\normal_train_02149.jpg,normal,train
C:\DATN\skin-ai-project\ai\data\processed\skin_type\train\normal\normal_train_02150.jpg,normal,train
C:\DATN\skin-ai-project\ai\data\processed\skin_type\train\normal\normal_train_02151.jpg,normal,train
C:\DATN\skin-ai-project\ai\data\processed\skin_type\train\normal\normal_train_02152.jpg,normal,train
C:\DATN\skin-ai-project\ai\data\processed\skin_type\train\normal\normal_train_02153.jpg,normal,train
C:\DATN\skin-ai-project\ai\data\processed\skin_type\train\normal\normal_train_02154.jpg,normal,train
C:\DATN\skin-ai-project\ai\data\processed\skin_type\train\normal\normal_train_02155.jpg,normal,train
C:\DATN\skin-ai-project\ai\data\processed\skin_type\train\normal\normal_train_02156.jpg,normal,train
C:\DATN\skin-ai-project\ai\data\processed\skin_type\train\normal\normal_train_02157.jpg,normal,train
C:\DATN\skin-ai-project\ai\data\processed\skin_type\train\normal\normal_train_02158.jpg,normal,train
C:\DATN\skin-ai-project\ai\data\processed\skin_type\train\normal\normal_train_02159.jpg,normal,train
C:\DATN\skin-ai-project\ai\data\processed\skin_type\train\normal\normal_train_02160.jpg,normal,train
C:\DATN\skin-ai-project\ai\data\processed\skin_type\train\normal\normal_train_02161.jpg,normal,train
C:\DATN\skin-ai-project\ai\data\processed\skin_type\train\normal\normal_train_02162.jpg,normal,train
C:\DATN\skin-ai-project\ai\data\processed\skin_type\train\oily\oily_train_02163.jpg,oily,train
C:\DATN\skin-ai-project\ai\data\processed\skin_type\train\oily\oily_train_02164.jpg,oily,train
C:\DATN\skin-ai-project\ai\data\processed\skin_type\train\normal\normal_train_02165.jpg,normal,train
C:\DATN\skin-ai-project\ai\data\processed\skin_type\train\normal\normal_train_02166.jpg,normal,train
C:\DATN\skin-ai-project\ai\data\processed\skin_type\train\normal\normal_train_02167.jpg,normal,train
C:\DATN\skin-ai-project\ai\data\processed\skin_type\train\normal\normal_train_02168.jpg,normal,train
C:\DATN\skin-ai-project\ai\data\processed\skin_type\train\normal\normal_train_02169.jpg,normal,train
C:\DATN\skin-ai-project\ai\data\processed\skin_type\train\dry\dry_train_02170.jpg,dry,train
C:\DATN\skin-ai-project\ai\data\processed\skin_type\train\oily\oily_train_02171.jpg,oily,train
C:\DATN\skin-ai-project\ai\data\processed\skin_type\train\normal\normal_train_02172.jpg,normal,train
C:\DATN\skin-ai-project\ai\data\processed\skin_type\train\normal\normal_train_02173.jpg,normal,train
C:\DATN\skin-ai-project\ai\data\processed\skin_type\train\dry\dry_train_02174.jpg,dry,train
C:\DATN\skin-ai-project\ai\data\processed\skin_type\train\oily\oily_train_02175.jpg,oily,train
C:\DATN\skin-ai-project\ai\data\processed\skin_type\train\normal\normal_train_02176.jpg,normal,train
C:\DATN\skin-ai-project\ai\data\processed\skin_type\train\normal\normal_train_02177.jpg,normal,train
C:\DATN\skin-ai-project\ai\data\processed\skin_type\train\oily\oily_train_02178.jpg,oily,train
C:\DATN\skin-ai-project\ai\data\processed\skin_type\train\normal\normal_train_02179.jpg,normal,train
C:\DATN\skin-ai-project\ai\data\processed\skin_type\train\normal\normal_train_02180.jpg,normal,train
C:\DATN\skin-ai-project\ai\data\processed\skin_type\train\normal\normal_train_02181.jpg,normal,train
C:\DATN\skin-ai-project\ai\data\processed\skin_type\train\oily\oily_train_02182.jpg,oily,train
C:\DATN\skin-ai-project\ai\data\processed\skin_type\train\normal\normal_train_02183.jpg,normal,train
C:\DATN\skin-ai-project\ai\data\processed\skin_type\train\dry\dry_train_02184.jpg,dry,train
C:\DATN\skin-ai-project\ai\data\processed\skin_type\train\normal\normal_train_02185.jpg,normal,train
C:\DATN\skin-ai-project\ai\data\processed\skin_type\train\normal\normal_train_02186.jpg,normal,train
C:\DATN\skin-ai-project\ai\data\processed\skin_type\train\normal\normal_train_02187.jpg,normal,train
C:\DATN\skin-ai-project\ai\data\processed\skin_type\train\normal\normal_train_02188.jpg,normal,train
C:\DATN\skin-ai-project\ai\data\processed\skin_type\train\oily\oily_train_02189.jpg,oily,train
C:\DATN\skin-ai-project\ai\data\processed\skin_type\train\dry\dry_train_02190.jpg,dry,train
C:\DATN\skin-ai-project\ai\data\processed\skin_type\train\normal\normal_train_02191.jpg,normal,train
C:\DATN\skin-ai-project\ai\data\processed\skin_type\train\normal\normal_train_02192.jpg,normal,train
C:\DATN\skin-ai-project\ai\data\processed\skin_type\train\normal\normal_train_02193.jpg,normal,train
C:\DATN\skin-ai-project\ai\data\processed\skin_type\train\normal\normal_train_02194.jpg,normal,train
C:\DATN\skin-ai-project\ai\data\processed\skin_type\train\normal\normal_train_02195.jpg,normal,train
C:\DATN\skin-ai-project\ai\data\processed\skin_type\train\normal\normal_train_02196.jpg,normal,train
C:\DATN\skin-ai-project\ai\data\processed\skin_type\train\normal\normal_train_02197.jpg,normal,train
C:\DATN\skin-ai-project\ai\data\processed\skin_type\train\dry\dry_train_02198.jpg,dry,train
C:\DATN\skin-ai-project\ai\data\processed\skin_type\train\normal\normal_train_02199.jpg,normal,train
C:\DATN\skin-ai-project\ai\data\processed\skin_type\train\normal\normal_train_02200.jpg,normal,train
C:\DATN\skin-ai-project\ai\data\processed\skin_type\train\normal\normal_train_02201.jpg,normal,train
C:\DATN\skin-ai-project\ai\data\processed\skin_type\train\normal\normal_train_02202.jpg,normal,train
C:\DATN\skin-ai-project\ai\data\processed\skin_type\train\normal\normal_train_02203.jpg,normal,train
C:\DATN\skin-ai-project\ai\data\processed\skin_type\train\oily\oily_train_02204.jpg,oily,train
C:\DATN\skin-ai-project\ai\data\processed\skin_type\train\dry\dry_train_02205.jpg,dry,train
C:\DATN\skin-ai-project\ai\data\processed\skin_type\train\dry\dry_train_02206.jpg,dry,train
C:\DATN\skin-ai-project\ai\data\processed\skin_type\train\normal\normal_train_02207.jpg,normal,train
C:\DATN\skin-ai-project\ai\data\processed\skin_type\train\normal\normal_train_02208.jpg,normal,train
C:\DATN\skin-ai-project\ai\data\processed\skin_type\train\normal\normal_train_02209.jpg,normal,train
C:\DATN\skin-ai-project\ai\data\processed\skin_type\train\dry\dry_train_02210.jpg,dry,train
C:\DATN\skin-ai-project\ai\data\processed\skin_type\train\normal\normal_train_02211.jpg,normal,train
C:\DATN\skin-ai-project\ai\data\processed\skin_type\train\oily\oily_train_02212.jpg,oily,train
C:\DATN\skin-ai-project\ai\data\processed\skin_type\train\normal\normal_train_02213.jpg,normal,train
C:\DATN\skin-ai-project\ai\data\processed\skin_type\train\oily\oily_train_02214.jpg,oily,train
C:\DATN\skin-ai-project\ai\data\processed\skin_type\train\normal\normal_train_02215.jpg,normal,train
C:\DATN\skin-ai-project\ai\data\processed\skin_type\train\normal\normal_train_02216.jpg,normal,train
C:\DATN\skin-ai-project\ai\data\processed\skin_type\train\normal\normal_train_02217.jpg,normal,train
C:\DATN\skin-ai-project\ai\data\processed\skin_type\train\normal\normal_train_02218.jpg,normal,train
C:\DATN\skin-ai-project\ai\data\processed\skin_type\train\normal\normal_train_02219.jpg,normal,train
C:\DATN\skin-ai-project\ai\data\processed\skin_type\train\oily\oily_train_02220.jpg,oily,train
C:\DATN\skin-ai-project\ai\data\processed\skin_type\train\normal\normal_train_02221.jpg,normal,train
C:\DATN\skin-ai-project\ai\data\processed\skin_type\train\normal\normal_train_02222.jpg,normal,train
C:\DATN\skin-ai-project\ai\data\processed\skin_type\train\oily\oily_train_02223.jpg,oily,train
C:\DATN\skin-ai-project\ai\data\processed\skin_type\train\dry\dry_train_02224.jpg,dry,train
C:\DATN\skin-ai-project\ai\data\processed\skin_type\train\normal\normal_train_02225.jpg,normal,train
C:\DATN\skin-ai-project\ai\data\processed\skin_type\train\oily\oily_train_02226.jpg,oily,train
C:\DATN\skin-ai-project\ai\data\processed\skin_type\train\normal\normal_train_02227.jpg,normal,train
C:\DATN\skin-ai-project\ai\data\processed\skin_type\train\dry\dry_train_02228.jpg,dry,train
C:\DATN\skin-ai-project\ai\data\processed\skin_type\train\oily\oily_train_02229.jpg,oily,train
C:\DATN\skin-ai-project\ai\data\processed\skin_type\train\normal\normal_train_02230.jpg,normal,train
C:\DATN\skin-ai-project\ai\data\processed\skin_type\train\normal\normal_train_02231.jpg,normal,train
C:\DATN\skin-ai-project\ai\data\processed\skin_type\train\normal\normal_train_02232.jpg,normal,train
C:\DATN\skin-ai-project\ai\data\processed\skin_type\train\dry\dry_train_02233.jpg,dry,train
C:\DATN\skin-ai-project\ai\data\processed\skin_type\train\normal\normal_train_02234.jpg,normal,train
C:\DATN\skin-ai-project\ai\data\processed\skin_type\train\dry\dry_train_02235.jpg,dry,train
C:\DATN\skin-ai-project\ai\data\processed\skin_type\train\normal\normal_train_02236.jpg,normal,train
C:\DATN\skin-ai-project\ai\data\processed\skin_type\train\normal\normal_train_02237.jpg,normal,train
C:\DATN\skin-ai-project\ai\data\processed\skin_type\train\normal\normal_train_02238.jpg,normal,train
C:\DATN\skin-ai-project\ai\data\processed\skin_type\train\normal\normal_train_02239.jpg,normal,train
C:\DATN\skin-ai-project\ai\data\processed\skin_type\train\oily\oily_train_02240.jpg,oily,train
C:\DATN\skin-ai-project\ai\data\processed\skin_type\train\normal\normal_train_02241.jpg,normal,train
C:\DATN\skin-ai-project\ai\data\processed\skin_type\train\normal\normal_train_02242.jpg,normal,train
C:\DATN\skin-ai-project\ai\data\processed\skin_type\train\normal\normal_train_02243.jpg,normal,train
C:\DATN\skin-ai-project\ai\data\processed\skin_type\train\oily\oily_train_02244.jpg,oily,train
C:\DATN\skin-ai-project\ai\data\processed\skin_type\train\dry\dry_train_02245.jpg,dry,train
C:\DATN\skin-ai-project\ai\data\processed\skin_type\train\oily\oily_train_02246.jpg,oily,train
C:\DATN\skin-ai-project\ai\data\processed\skin_type\train\dry\dry_train_02247.jpg,dry,train
C:\DATN\skin-ai-project\ai\data\processed\skin_type\train\oily\oily_train_02248.jpg,oily,train
C:\DATN\skin-ai-project\ai\data\processed\skin_type\train\normal\normal_train_02249.jpg,normal,train
C:\DATN\skin-ai-project\ai\data\processed\skin_type\train\dry\dry_train_02250.jpg,dry,train
C:\DATN\skin-ai-project\ai\data\processed\skin_type\train\normal\normal_train_02251.jpg,normal,train
C:\DATN\skin-ai-project\ai\data\processed\skin_type\train\normal\normal_train_02252.jpg,normal,train
C:\DATN\skin-ai-project\ai\data\processed\skin_type\train\normal\normal_train_02253.jpg,normal,train
C:\DATN\skin-ai-project\ai\data\processed\skin_type\train\normal\normal_train_02254.jpg,normal,train
C:\DATN\skin-ai-project\ai\data\processed\skin_type\train\normal\normal_train_02255.jpg,normal,train
C:\DATN\skin-ai-project\ai\data\processed\skin_type\train\normal\normal_train_02256.jpg,normal,train
C:\DATN\skin-ai-project\ai\data\processed\skin_type\train\normal\normal_train_02257.jpg,normal,train
C:\DATN\skin-ai-project\ai\data\processed\skin_type\train\normal\normal_train_02258.jpg,normal,train
C:\DATN\skin-ai-project\ai\data\processed\skin_type\train\dry\dry_train_02259.jpg,dry,train
C:\DATN\skin-ai-project\ai\data\processed\skin_type\train\normal\normal_train_02260.jpg,normal,train
C:\DATN\skin-ai-project\ai\data\processed\skin_type\train\normal\normal_train_02261.jpg,normal,train
C:\DATN\skin-ai-project\ai\data\processed\skin_type\train\dry\dry_train_02262.jpg,dry,train
C:\DATN\skin-ai-project\ai\data\processed\skin_type\train\normal\normal_train_02263.jpg,normal,train
C:\DATN\skin-ai-project\ai\data\processed\skin_type\train\normal\normal_train_02264.jpg,normal,train
C:\DATN\skin-ai-project\ai\data\processed\skin_type\train\normal\normal_train_02265.jpg,normal,train
C:\DATN\skin-ai-project\ai\data\processed\skin_type\train\oily\oily_train_02266.jpg,oily,train
C:\DATN\skin-ai-project\ai\data\processed\skin_type\train\dry\dry_train_02267.jpg,dry,train
C:\DATN\skin-ai-project\ai\data\processed\skin_type\train\normal\normal_train_02268.jpg,normal,train
C:\DATN\skin-ai-project\ai\data\processed\skin_type\train\normal\normal_train_02269.jpg,normal,train
C:\DATN\skin-ai-project\ai\data\processed\skin_type\train\normal\normal_train_02270.jpg,normal,train
C:\DATN\skin-ai-project\ai\data\processed\skin_type\train\normal\normal_train_02271.jpg,normal,train
C:\DATN\skin-ai-project\ai\data\processed\skin_type\train\normal\normal_train_02272.jpg,normal,train
C:\DATN\skin-ai-project\ai\data\processed\skin_type\train\normal\normal_train_02273.jpg,normal,train
C:\DATN\skin-ai-project\ai\data\processed\skin_type\train\normal\normal_train_02274.jpg,normal,train
C:\DATN\skin-ai-project\ai\data\processed\skin_type\train\normal\normal_train_02275.jpg,normal,train
C:\DATN\skin-ai-project\ai\data\processed\skin_type\train\normal\normal_train_02276.jpg,normal,train
C:\DATN\skin-ai-project\ai\data\processed\skin_type\train\normal\normal_train_02277.jpg,normal,train
C:\DATN\skin-ai-project\ai\data\processed\skin_type\train\normal\normal_train_02278.jpg,normal,train
C:\DATN\skin-ai-project\ai\data\processed\skin_type\train\normal\normal_train_02279.jpg,normal,train
C:\DATN\skin-ai-project\ai\data\processed\skin_type\train\oily\oily_train_02280.jpg,oily,train
C:\DATN\skin-ai-project\ai\data\processed\skin_type\train\normal\normal_train_02281.jpg,normal,train
C:\DATN\skin-ai-project\ai\data\processed\skin_type\train\normal\normal_train_02282.jpg,normal,train
C:\DATN\skin-ai-project\ai\data\processed\skin_type\train\normal\normal_train_02283.jpg,normal,train
C:\DATN\skin-ai-project\ai\data\processed\skin_type\train\normal\normal_train_02284.jpg,normal,train
C:\DATN\skin-ai-project\ai\data\processed\skin_type\train\normal\normal_train_02285.jpg,normal,train
C:\DATN\skin-ai-project\ai\data\processed\skin_type\train\normal\normal_train_02286.jpg,normal,train
C:\DATN\skin-ai-project\ai\data\processed\skin_type\train\oily\oily_train_02287.jpg,oily,train
C:\DATN\skin-ai-project\ai\data\processed\skin_type\train\oily\oily_train_02288.jpg,oily,train
C:\DATN\skin-ai-project\ai\data\processed\skin_type\train\normal\normal_train_02289.jpg,normal,train
C:\DATN\skin-ai-project\ai\data\processed\skin_type\train\oily\oily_train_02290.jpg,oily,train
C:\DATN\skin-ai-project\ai\data\processed\skin_type\train\normal\normal_train_02291.jpg,normal,train
C:\DATN\skin-ai-project\ai\data\processed\skin_type\train\oily\oily_train_02292.jpg,oily,train
C:\DATN\skin-ai-project\ai\data\processed\skin_type\train\oily\oily_train_02293.jpg,oily,train
C:\DATN\skin-ai-project\ai\data\processed\skin_type\train\oily\oily_train_02294.jpg,oily,train
C:\DATN\skin-ai-project\ai\data\processed\skin_type\train\normal\normal_train_02295.jpg,normal,train
C:\DATN\skin-ai-project\ai\data\processed\skin_type\train\normal\normal_train_02296.jpg,normal,train
C:\DATN\skin-ai-project\ai\data\processed\skin_type\train\normal\normal_train_02297.jpg,normal,train
C:\DATN\skin-ai-project\ai\data\processed\skin_type\train\dry\dry_train_02298.jpg,dry,train
C:\DATN\skin-ai-project\ai\data\processed\skin_type\train\dry\dry_train_02299.jpg,dry,train
C:\DATN\skin-ai-project\ai\data\processed\skin_type\train\normal\normal_train_02300.jpg,normal,train
C:\DATN\skin-ai-project\ai\data\processed\skin_type\train\oily\oily_train_02301.jpg,oily,train
C:\DATN\skin-ai-project\ai\data\processed\skin_type\train\oily\oily_train_02302.jpg,oily,train
C:\DATN\skin-ai-project\ai\data\processed\skin_type\train\normal\normal_train_02303.jpg,normal,train
C:\DATN\skin-ai-project\ai\data\processed\skin_type\train\normal\normal_train_02304.jpg,normal,train
C:\DATN\skin-ai-project\ai\data\processed\skin_type\train\normal\normal_train_02305.jpg,normal,train
C:\DATN\skin-ai-project\ai\data\processed\skin_type\train\oily\oily_train_02306.jpg,oily,train
C:\DATN\skin-ai-project\ai\data\processed\skin_type\train\normal\normal_train_02307.jpg,normal,train
C:\DATN\skin-ai-project\ai\data\processed\skin_type\train\normal\normal_train_02308.jpg,normal,train
C:\DATN\skin-ai-project\ai\data\processed\skin_type\train\dry\dry_train_02309.jpg,dry,train
C:\DATN\skin-ai-project\ai\data\processed\skin_type\train\oily\oily_train_02310.jpg,oily,train
C:\DATN\skin-ai-project\ai\data\processed\skin_type\train\oily\oily_train_02311.jpg,oily,train
C:\DATN\skin-ai-project\ai\data\processed\skin_type\train\normal\normal_train_02312.jpg,normal,train
C:\DATN\skin-ai-project\ai\data\processed\skin_type\train\normal\normal_train_02313.jpg,normal,train
C:\DATN\skin-ai-project\ai\data\processed\skin_type\train\oily\oily_train_02314.jpg,oily,train
C:\DATN\skin-ai-project\ai\data\processed\skin_type\train\normal\normal_train_02315.jpg,normal,train
C:\DATN\skin-ai-project\ai\data\processed\skin_type\train\dry\dry_train_02316.jpg,dry,train
C:\DATN\skin-ai-project\ai\data\processed\skin_type\train\oily\oily_train_02317.jpg,oily,train
C:\DATN\skin-ai-project\ai\data\processed\skin_type\train\dry\dry_train_02318.jpg,dry,train
C:\DATN\skin-ai-project\ai\data\processed\skin_type\train\normal\normal_train_02319.jpg,normal,train
C:\DATN\skin-ai-project\ai\data\processed\skin_type\train\normal\normal_train_02320.jpg,normal,train
C:\DATN\skin-ai-project\ai\data\processed\skin_type\train\normal\normal_train_02321.jpg,normal,train
C:\DATN\skin-ai-project\ai\data\processed\skin_type\train\normal\normal_train_02322.jpg,normal,train
C:\DATN\skin-ai-project\ai\data\processed\skin_type\train\oily\oily_train_02323.jpg,oily,train
C:\DATN\skin-ai-project\ai\data\processed\skin_type\train\dry\dry_train_02324.jpg,dry,train
C:\DATN\skin-ai-project\ai\data\processed\skin_type\train\normal\normal_train_02325.jpg,normal,train
C:\DATN\skin-ai-project\ai\data\processed\skin_type\train\normal\normal_train_02326.jpg,normal,train
C:\DATN\skin-ai-project\ai\data\processed\skin_type\train\normal\normal_train_02327.jpg,normal,train
C:\DATN\skin-ai-project\ai\data\processed\skin_type\train\dry\dry_train_02328.jpg,dry,train
C:\DATN\skin-ai-project\ai\data\processed\skin_type\train\normal\normal_train_02329.jpg,normal,train
C:\DATN\skin-ai-project\ai\data\processed\skin_type\train\oily\oily_train_02330.jpg,oily,train
C:\DATN\skin-ai-project\ai\data\processed\skin_type\train\dry\dry_train_02331.jpg,dry,train
C:\DATN\skin-ai-project\ai\data\processed\skin_type\train\dry\dry_train_02332.jpg,dry,train
C:\DATN\skin-ai-project\ai\data\processed\skin_type\train\normal\normal_train_02333.jpg,normal,train
C:\DATN\skin-ai-project\ai\data\processed\skin_type\train\oily\oily_train_02334.jpg,oily,train
C:\DATN\skin-ai-project\ai\data\processed\skin_type\train\normal\normal_train_02335.jpg,normal,train
C:\DATN\skin-ai-project\ai\data\processed\skin_type\train\normal\normal_train_02336.jpg,normal,train
C:\DATN\skin-ai-project\ai\data\processed\skin_type\train\oily\oily_train_02337.jpg,oily,train
C:\DATN\skin-ai-project\ai\data\processed\skin_type\train\oily\oily_train_02338.jpg,oily,train
C:\DATN\skin-ai-project\ai\data\processed\skin_type\train\oily\oily_train_02339.jpg,oily,train
C:\DATN\skin-ai-project\ai\data\processed\skin_type\train\normal\normal_train_02340.jpg,normal,train
C:\DATN\skin-ai-project\ai\data\processed\skin_type\train\normal\normal_train_02341.jpg,normal,train
C:\DATN\skin-ai-project\ai\data\processed\skin_type\train\oily\oily_train_02342.jpg,oily,train
C:\DATN\skin-ai-project\ai\data\processed\skin_type\train\oily\oily_train_02343.jpg,oily,train
C:\DATN\skin-ai-project\ai\data\processed\skin_type\train\oily\oily_train_02344.jpg,oily,train
C:\DATN\skin-ai-project\ai\data\processed\skin_type\train\oily\oily_train_02345.jpg,oily,train
C:\DATN\skin-ai-project\ai\data\processed\skin_type\train\normal\normal_train_02346.jpg,normal,train
C:\DATN\skin-ai-project\ai\data\processed\skin_type\train\dry\dry_train_02347.jpg,dry,train
C:\DATN\skin-ai-project\ai\data\processed\skin_type\train\normal\normal_train_02348.jpg,normal,train
C:\DATN\skin-ai-project\ai\data\processed\skin_type\train\oily\oily_train_02349.jpg,oily,train
C:\DATN\skin-ai-project\ai\data\processed\skin_type\train\dry\dry_train_02350.jpg,dry,train
C:\DATN\skin-ai-project\ai\data\processed\skin_type\train\oily\oily_train_02351.jpg,oily,train
C:\DATN\skin-ai-project\ai\data\processed\skin_type\train\normal\normal_train_02352.jpg,normal,train
C:\DATN\skin-ai-project\ai\data\processed\skin_type\train\normal\normal_train_02353.jpg,normal,train
C:\DATN\skin-ai-project\ai\data\processed\skin_type\train\oily\oily_train_02354.jpg,oily,train
C:\DATN\skin-ai-project\ai\data\processed\skin_type\train\normal\normal_train_02355.jpg,normal,train
C:\DATN\skin-ai-project\ai\data\processed\skin_type\train\dry\dry_train_02356.jpg,dry,train
C:\DATN\skin-ai-project\ai\data\processed\skin_type\train\normal\normal_train_02357.jpg,normal,train
C:\DATN\skin-ai-project\ai\data\processed\skin_type\train\normal\normal_train_02358.jpg,normal,train
C:\DATN\skin-ai-project\ai\data\processed\skin_type\train\normal\normal_train_02359.jpg,normal,train
C:\DATN\skin-ai-project\ai\data\processed\skin_type\train\normal\normal_train_02360.jpg,normal,train
C:\DATN\skin-ai-project\ai\data\processed\skin_type\train\normal\normal_train_02361.jpg,normal,train
C:\DATN\skin-ai-project\ai\data\processed\skin_type\train\normal\normal_train_02362.jpg,normal,train
C:\DATN\skin-ai-project\ai\data\processed\skin_type\train\oily\oily_train_02363.jpg,oily,train
C:\DATN\skin-ai-project\ai\data\processed\skin_type\train\normal\normal_train_02364.jpg,normal,train
C:\DATN\skin-ai-project\ai\data\processed\skin_type\train\dry\dry_train_02365.jpg,dry,train
C:\DATN\skin-ai-project\ai\data\processed\skin_type\train\oily\oily_train_02366.jpg,oily,train
C:\DATN\skin-ai-project\ai\data\processed\skin_type\train\normal\normal_train_02367.jpg,normal,train
C:\DATN\skin-ai-project\ai\data\processed\skin_type\train\normal\normal_train_02368.jpg,normal,train
C:\DATN\skin-ai-project\ai\data\processed\skin_type\train\oily\oily_train_02369.jpg,oily,train
C:\DATN\skin-ai-project\ai\data\processed\skin_type\train\normal\normal_train_02370.jpg,normal,train
C:\DATN\skin-ai-project\ai\data\processed\skin_type\train\normal\normal_train_02371.jpg,normal,train
C:\DATN\skin-ai-project\ai\data\processed\skin_type\train\oily\oily_train_02372.jpg,oily,train
C:\DATN\skin-ai-project\ai\data\processed\skin_type\train\normal\normal_train_02373.jpg,normal,train
C:\DATN\skin-ai-project\ai\data\processed\skin_type\train\normal\normal_train_02374.jpg,normal,train
C:\DATN\skin-ai-project\ai\data\processed\skin_type\train\dry\dry_train_02375.jpg,dry,train
C:\DATN\skin-ai-project\ai\data\processed\skin_type\train\normal\normal_train_02376.jpg,normal,train
C:\DATN\skin-ai-project\ai\data\processed\skin_type\train\dry\dry_train_02377.jpg,dry,train
C:\DATN\skin-ai-project\ai\data\processed\skin_type\train\dry\dry_train_02378.jpg,dry,train
C:\DATN\skin-ai-project\ai\data\processed\skin_type\train\normal\normal_train_02379.jpg,normal,train
C:\DATN\skin-ai-project\ai\data\processed\skin_type\train\oily\oily_train_02380.jpg,oily,train
C:\DATN\skin-ai-project\ai\data\processed\skin_type\train\normal\normal_train_02381.jpg,normal,train
C:\DATN\skin-ai-project\ai\data\processed\skin_type\train\normal\normal_train_02382.jpg,normal,train
C:\DATN\skin-ai-project\ai\data\processed\skin_type\train\oily\oily_train_02383.jpg,oily,train
C:\DATN\skin-ai-project\ai\data\processed\skin_type\train\normal\normal_train_02384.jpg,normal,train
C:\DATN\skin-ai-project\ai\data\processed\skin_type\train\normal\normal_train_02385.jpg,normal,train
C:\DATN\skin-ai-project\ai\data\processed\skin_type\train\normal\normal_train_02386.jpg,normal,train
C:\DATN\skin-ai-project\ai\data\processed\skin_type\train\normal\normal_train_02387.jpg,normal,train
C:\DATN\skin-ai-project\ai\data\processed\skin_type\train\dry\dry_train_02388.jpg,dry,train
C:\DATN\skin-ai-project\ai\data\processed\skin_type\train\normal\normal_train_02389.jpg,normal,train
C:\DATN\skin-ai-project\ai\data\processed\skin_type\train\normal\normal_train_02390.jpg,normal,train
C:\DATN\skin-ai-project\ai\data\processed\skin_type\train\normal\normal_train_02391.jpg,normal,train
C:\DATN\skin-ai-project\ai\data\processed\skin_type\train\dry\dry_train_02392.jpg,dry,train
C:\DATN\skin-ai-project\ai\data\processed\skin_type\train\dry\dry_train_02393.jpg,dry,train
C:\DATN\skin-ai-project\ai\data\processed\skin_type\train\dry\dry_train_02394.jpg,dry,train
C:\DATN\skin-ai-project\ai\data\processed\skin_type\train\oily\oily_train_02395.jpg,oily,train
C:\DATN\skin-ai-project\ai\data\processed\skin_type\train\dry\dry_train_02396.jpg,dry,train
C:\DATN\skin-ai-project\ai\data\processed\skin_type\train\normal\normal_train_02397.jpg,normal,train
C:\DATN\skin-ai-project\ai\data\processed\skin_type\train\normal\normal_train_02398.jpg,normal,train
C:\DATN\skin-ai-project\ai\data\processed\skin_type\train\normal\normal_train_02399.jpg,normal,train
C:\DATN\skin-ai-project\ai\data\processed\skin_type\train\normal\normal_train_02400.jpg,normal,train
C:\DATN\skin-ai-project\ai\data\processed\skin_type\train\dry\dry_train_02401.jpg,dry,train
C:\DATN\skin-ai-project\ai\data\processed\skin_type\train\normal\normal_train_02402.jpg,normal,train
C:\DATN\skin-ai-project\ai\data\processed\skin_type\train\normal\normal_train_02403.jpg,normal,train
C:\DATN\skin-ai-project\ai\data\processed\skin_type\train\normal\normal_train_02404.jpg,normal,train
C:\DATN\skin-ai-project\ai\data\processed\skin_type\train\normal\normal_train_02405.jpg,normal,train
C:\DATN\skin-ai-project\ai\data\processed\skin_type\train\normal\normal_train_02406.jpg,normal,train
C:\DATN\skin-ai-project\ai\data\processed\skin_type\train\oily\oily_train_02407.jpg,oily,train
C:\DATN\skin-ai-project\ai\data\processed\skin_type\train\normal\normal_train_02408.jpg,normal,train
C:\DATN\skin-ai-project\ai\data\processed\skin_type\train\normal\normal_train_02409.jpg,normal,train
C:\DATN\skin-ai-project\ai\data\processed\skin_type\train\normal\normal_train_02410.jpg,normal,train
C:\DATN\skin-ai-project\ai\data\processed\skin_type\train\normal\normal_train_02411.jpg,normal,train
C:\DATN\skin-ai-project\ai\data\processed\skin_type\train\oily\oily_train_02412.jpg,oily,train
C:\DATN\skin-ai-project\ai\data\processed\skin_type\train\normal\normal_train_02413.jpg,normal,train
C:\DATN\skin-ai-project\ai\data\processed\skin_type\train\oily\oily_train_02414.jpg,oily,train
C:\DATN\skin-ai-project\ai\data\processed\skin_type\train\oily\oily_train_02415.jpg,oily,train
C:\DATN\skin-ai-project\ai\data\processed\skin_type\train\dry\dry_train_02416.jpg,dry,train
C:\DATN\skin-ai-project\ai\data\processed\skin_type\train\dry\dry_train_02417.jpg,dry,train
C:\DATN\skin-ai-project\ai\data\processed\skin_type\train\normal\normal_train_02418.jpg,normal,train
C:\DATN\skin-ai-project\ai\data\processed\skin_type\train\normal\normal_train_02419.jpg,normal,train
C:\DATN\skin-ai-project\ai\data\processed\skin_type\train\normal\normal_train_02420.jpg,normal,train
C:\DATN\skin-ai-project\ai\data\processed\skin_type\train\normal\normal_train_02421.jpg,normal,train
C:\DATN\skin-ai-project\ai\data\processed\skin_type\train\oily\oily_train_02422.jpg,oily,train
C:\DATN\skin-ai-project\ai\data\processed\skin_type\train\normal\normal_train_02423.jpg,normal,train
C:\DATN\skin-ai-project\ai\data\processed\skin_type\train\dry\dry_train_02424.jpg,dry,train
C:\DATN\skin-ai-project\ai\data\processed\skin_type\train\oily\oily_train_02425.jpg,oily,train
C:\DATN\skin-ai-project\ai\data\processed\skin_type\train\oily\oily_train_02426.jpg,oily,train
C:\DATN\skin-ai-project\ai\data\processed\skin_type\train\oily\oily_train_02427.jpg,oily,train
C:\DATN\skin-ai-project\ai\data\processed\skin_type\train\oily\oily_train_02428.jpg,oily,train
C:\DATN\skin-ai-project\ai\data\processed\skin_type\train\normal\normal_train_02429.jpg,normal,train
C:\DATN\skin-ai-project\ai\data\processed\skin_type\train\normal\normal_train_02430.jpg,normal,train
C:\DATN\skin-ai-project\ai\data\processed\skin_type\train\normal\normal_train_02431.jpg,normal,train
C:\DATN\skin-ai-project\ai\data\processed\skin_type\train\normal\normal_train_02432.jpg,normal,train
C:\DATN\skin-ai-project\ai\data\processed\skin_type\train\normal\normal_train_02433.jpg,normal,train
C:\DATN\skin-ai-project\ai\data\processed\skin_type\train\normal\normal_train_02434.jpg,normal,train
C:\DATN\skin-ai-project\ai\data\processed\skin_type\train\oily\oily_train_02435.jpg,oily,train
C:\DATN\skin-ai-project\ai\data\processed\skin_type\train\normal\normal_train_02436.jpg,normal,train
C:\DATN\skin-ai-project\ai\data\processed\skin_type\train\oily\oily_train_02437.jpg,oily,train
C:\DATN\skin-ai-project\ai\data\processed\skin_type\train\normal\normal_train_02438.jpg,normal,train
C:\DATN\skin-ai-project\ai\data\processed\skin_type\train\oily\oily_train_02439.jpg,oily,train
C:\DATN\skin-ai-project\ai\data\processed\skin_type\train\oily\oily_train_02440.jpg,oily,train
C:\DATN\skin-ai-project\ai\data\processed\skin_type\train\normal\normal_train_02441.jpg,normal,train
C:\DATN\skin-ai-project\ai\data\processed\skin_type\train\normal\normal_train_02442.jpg,normal,train
C:\DATN\skin-ai-project\ai\data\processed\skin_type\train\normal\normal_train_02443.jpg,normal,train
C:\DATN\skin-ai-project\ai\data\processed\skin_type\train\oily\oily_train_02444.jpg,oily,train
C:\DATN\skin-ai-project\ai\data\processed\skin_type\train\normal\normal_train_02445.jpg,normal,train
C:\DATN\skin-ai-project\ai\data\processed\skin_type\train\normal\normal_train_02446.jpg,normal,train
C:\DATN\skin-ai-project\ai\data\processed\skin_type\train\normal\normal_train_02447.jpg,normal,train
C:\DATN\skin-ai-project\ai\data\processed\skin_type\train\normal\normal_train_02448.jpg,normal,train
C:\DATN\skin-ai-project\ai\data\processed\skin_type\train\oily\oily_train_02449.jpg,oily,train
C:\DATN\skin-ai-project\ai\data\processed\skin_type\train\normal\normal_train_02450.jpg,normal,train
C:\DATN\skin-ai-project\ai\data\processed\skin_type\train\normal\normal_train_02451.jpg,normal,train
C:\DATN\skin-ai-project\ai\data\processed\skin_type\train\dry\dry_train_02452.jpg,dry,train
C:\DATN\skin-ai-project\ai\data\processed\skin_type\train\normal\normal_train_02453.jpg,normal,train
C:\DATN\skin-ai-project\ai\data\processed\skin_type\train\dry\dry_train_02454.jpg,dry,train
C:\DATN\skin-ai-project\ai\data\processed\skin_type\train\oily\oily_train_02455.jpg,oily,train
C:\DATN\skin-ai-project\ai\data\processed\skin_type\train\normal\normal_train_02456.jpg,normal,train
C:\DATN\skin-ai-project\ai\data\processed\skin_type\train\normal\normal_train_02457.jpg,normal,train
C:\DATN\skin-ai-project\ai\data\processed\skin_type\train\normal\normal_train_02458.jpg,normal,train
C:\DATN\skin-ai-project\ai\data\processed\skin_type\train\normal\normal_train_02459.jpg,normal,train
C:\DATN\skin-ai-project\ai\data\processed\skin_type\train\normal\normal_train_02460.jpg,normal,train
C:\DATN\skin-ai-project\ai\data\processed\skin_type\train\normal\normal_train_02461.jpg,normal,train
C:\DATN\skin-ai-project\ai\data\processed\skin_type\train\dry\dry_train_02462.jpg,dry,train
C:\DATN\skin-ai-project\ai\data\processed\skin_type\train\normal\normal_train_02463.jpg,normal,train
C:\DATN\skin-ai-project\ai\data\processed\skin_type\train\dry\dry_train_02464.jpg,dry,train
C:\DATN\skin-ai-project\ai\data\processed\skin_type\train\normal\normal_train_02465.jpg,normal,train
C:\DATN\skin-ai-project\ai\data\processed\skin_type\train\normal\normal_train_02466.jpg,normal,train
C:\DATN\skin-ai-project\ai\data\processed\skin_type\train\oily\oily_train_02467.jpg,oily,train
C:\DATN\skin-ai-project\ai\data\processed\skin_type\train\oily\oily_train_02468.jpg,oily,train
C:\DATN\skin-ai-project\ai\data\processed\skin_type\train\normal\normal_train_02469.jpg,normal,train
C:\DATN\skin-ai-project\ai\data\processed\skin_type\train\normal\normal_train_02470.jpg,normal,train
C:\DATN\skin-ai-project\ai\data\processed\skin_type\train\dry\dry_train_02471.jpg,dry,train
C:\DATN\skin-ai-project\ai\data\processed\skin_type\train\normal\normal_train_02472.jpg,normal,train
C:\DATN\skin-ai-project\ai\data\processed\skin_type\train\normal\normal_train_02473.jpg,normal,train
C:\DATN\skin-ai-project\ai\data\processed\skin_type\train\oily\oily_train_02474.jpg,oily,train
C:\DATN\skin-ai-project\ai\data\processed\skin_type\train\normal\normal_train_02475.jpg,normal,train
C:\DATN\skin-ai-project\ai\data\processed\skin_type\train\normal\normal_train_02476.jpg,normal,train
C:\DATN\skin-ai-project\ai\data\processed\skin_type\train\normal\normal_train_02477.jpg,normal,train
C:\DATN\skin-ai-project\ai\data\processed\skin_type\train\normal\normal_train_02478.jpg,normal,train
C:\DATN\skin-ai-project\ai\data\processed\skin_type\train\normal\normal_train_02479.jpg,normal,train
C:\DATN\skin-ai-project\ai\data\processed\skin_type\train\normal\normal_train_02480.jpg,normal,train
C:\DATN\skin-ai-project\ai\data\processed\skin_type\train\normal\normal_train_02481.jpg,normal,train
C:\DATN\skin-ai-project\ai\data\processed\skin_type\train\normal\normal_train_02482.jpg,normal,train
C:\DATN\skin-ai-project\ai\data\processed\skin_type\train\oily\oily_train_02483.jpg,oily,train
C:\DATN\skin-ai-project\ai\data\processed\skin_type\train\normal\normal_train_02484.jpg,normal,train
C:\DATN\skin-ai-project\ai\data\processed\skin_type\train\normal\normal_train_02485.jpg,normal,train
C:\DATN\skin-ai-project\ai\data\processed\skin_type\train\normal\normal_train_02486.jpg,normal,train
C:\DATN\skin-ai-project\ai\data\processed\skin_type\train\normal\normal_train_02487.jpg,normal,train
C:\DATN\skin-ai-project\ai\data\processed\skin_type\train\dry\dry_train_02488.jpg,dry,train
C:\DATN\skin-ai-project\ai\data\processed\skin_type\train\normal\normal_train_02489.jpg,normal,train
C:\DATN\skin-ai-project\ai\data\processed\skin_type\train\oily\oily_train_02490.jpg,oily,train
C:\DATN\skin-ai-project\ai\data\processed\skin_type\train\oily\oily_train_02491.jpg,oily,train
C:\DATN\skin-ai-project\ai\data\processed\skin_type\train\oily\oily_train_02492.jpg,oily,train
C:\DATN\skin-ai-project\ai\data\processed\skin_type\train\normal\normal_train_02493.jpg,normal,train
C:\DATN\skin-ai-project\ai\data\processed\skin_type\train\normal\normal_train_02494.jpg,normal,train
C:\DATN\skin-ai-project\ai\data\processed\skin_type\train\normal\normal_train_02495.jpg,normal,train
C:\DATN\skin-ai-project\ai\data\processed\skin_type\train\oily\oily_train_02496.jpg,oily,train
C:\DATN\skin-ai-project\ai\data\processed\skin_type\train\normal\normal_train_02497.jpg,normal,train
C:\DATN\skin-ai-project\ai\data\processed\skin_type\train\normal\normal_train_02498.jpg,normal,train
C:\DATN\skin-ai-project\ai\data\processed\skin_type\train\normal\normal_train_02499.jpg,normal,train
C:\DATN\skin-ai-project\ai\data\processed\skin_type\train\normal\normal_train_02500.jpg,normal,train
C:\DATN\skin-ai-project\ai\data\processed\skin_type\train\normal\normal_train_02501.jpg,normal,train
C:\DATN\skin-ai-project\ai\data\processed\skin_type\train\oily\oily_train_02502.jpg,oily,train
C:\DATN\skin-ai-project\ai\data\processed\skin_type\train\normal\normal_train_02503.jpg,normal,train
C:\DATN\skin-ai-project\ai\data\processed\skin_type\train\oily\oily_train_02504.jpg,oily,train
C:\DATN\skin-ai-project\ai\data\processed\skin_type\train\oily\oily_train_02505.jpg,oily,train
C:\DATN\skin-ai-project\ai\data\processed\skin_type\train\normal\normal_train_02506.jpg,normal,train
C:\DATN\skin-ai-project\ai\data\processed\skin_type\train\normal\normal_train_02507.jpg,normal,train
C:\DATN\skin-ai-project\ai\data\processed\skin_type\train\normal\normal_train_02508.jpg,normal,train
C:\DATN\skin-ai-project\ai\data\processed\skin_type\train\normal\normal_train_02509.jpg,normal,train
C:\DATN\skin-ai-project\ai\data\processed\skin_type\train\normal\normal_train_02510.jpg,normal,train
C:\DATN\skin-ai-project\ai\data\processed\skin_type\train\normal\normal_train_02511.jpg,normal,train
C:\DATN\skin-ai-project\ai\data\processed\skin_type\train\oily\oily_train_02512.jpg,oily,train
C:\DATN\skin-ai-project\ai\data\processed\skin_type\train\normal\normal_train_02513.jpg,normal,train
C:\DATN\skin-ai-project\ai\data\processed\skin_type\train\dry\dry_train_02514.jpg,dry,train
C:\DATN\skin-ai-project\ai\data\processed\skin_type\train\normal\normal_train_02515.jpg,normal,train
C:\DATN\skin-ai-project\ai\data\processed\skin_type\train\normal\normal_train_02516.jpg,normal,train
C:\DATN\skin-ai-project\ai\data\processed\skin_type\train\oily\oily_train_02517.jpg,oily,train
C:\DATN\skin-ai-project\ai\data\processed\skin_type\train\normal\normal_train_02518.jpg,normal,train
C:\DATN\skin-ai-project\ai\data\processed\skin_type\train\oily\oily_train_02519.jpg,oily,train
C:\DATN\skin-ai-project\ai\data\processed\skin_type\train\oily\oily_train_02520.jpg,oily,train
C:\DATN\skin-ai-project\ai\data\processed\skin_type\train\dry\dry_train_02521.jpg,dry,train
C:\DATN\skin-ai-project\ai\data\processed\skin_type\train\dry\dry_train_02522.jpg,dry,train
C:\DATN\skin-ai-project\ai\data\processed\skin_type\train\normal\normal_train_02523.jpg,normal,train
C:\DATN\skin-ai-project\ai\data\processed\skin_type\train\normal\normal_train_02524.jpg,normal,train
C:\DATN\skin-ai-project\ai\data\processed\skin_type\train\normal\normal_train_02525.jpg,normal,train
C:\DATN\skin-ai-project\ai\data\processed\skin_type\train\normal\normal_train_02526.jpg,normal,train
C:\DATN\skin-ai-project\ai\data\processed\skin_type\train\oily\oily_train_02527.jpg,oily,train
C:\DATN\skin-ai-project\ai\data\processed\skin_type\train\normal\normal_train_02528.jpg,normal,train
C:\DATN\skin-ai-project\ai\data\processed\skin_type\train\normal\normal_train_02529.jpg,normal,train
C:\DATN\skin-ai-project\ai\data\processed\skin_type\train\normal\normal_train_02530.jpg,normal,train
C:\DATN\skin-ai-project\ai\data\processed\skin_type\train\oily\oily_train_02531.jpg,oily,train
C:\DATN\skin-ai-project\ai\data\processed\skin_type\train\normal\normal_train_02532.jpg,normal,train
C:\DATN\skin-ai-project\ai\data\processed\skin_type\train\oily\oily_train_02533.jpg,oily,train
C:\DATN\skin-ai-project\ai\data\processed\skin_type\train\normal\normal_train_02534.jpg,normal,train
C:\DATN\skin-ai-project\ai\data\processed\skin_type\train\normal\normal_train_02535.jpg,normal,train
C:\DATN\skin-ai-project\ai\data\processed\skin_type\train\oily\oily_train_02536.jpg,oily,train
C:\DATN\skin-ai-project\ai\data\processed\skin_type\train\normal\normal_train_02537.jpg,normal,train
C:\DATN\skin-ai-project\ai\data\processed\skin_type\train\normal\normal_train_02538.jpg,normal,train
C:\DATN\skin-ai-project\ai\data\processed\skin_type\train\normal\normal_train_02539.jpg,normal,train
C:\DATN\skin-ai-project\ai\data\processed\skin_type\train\oily\oily_train_02540.jpg,oily,train
C:\DATN\skin-ai-project\ai\data\processed\skin_type\train\normal\normal_train_02541.jpg,normal,train
C:\DATN\skin-ai-project\ai\data\processed\skin_type\train\oily\oily_train_02542.jpg,oily,train
C:\DATN\skin-ai-project\ai\data\processed\skin_type\train\normal\normal_train_02543.jpg,normal,train
C:\DATN\skin-ai-project\ai\data\processed\skin_type\train\oily\oily_train_02544.jpg,oily,train
C:\DATN\skin-ai-project\ai\data\processed\skin_type\train\normal\normal_train_02545.jpg,normal,train
C:\DATN\skin-ai-project\ai\data\processed\skin_type\train\oily\oily_train_02546.jpg,oily,train
C:\DATN\skin-ai-project\ai\data\processed\skin_type\train\normal\normal_train_02547.jpg,normal,train
C:\DATN\skin-ai-project\ai\data\processed\skin_type\train\normal\normal_train_02548.jpg,normal,train
C:\DATN\skin-ai-project\ai\data\processed\skin_type\train\normal\normal_train_02549.jpg,normal,train
C:\DATN\skin-ai-project\ai\data\processed\skin_type\train\normal\normal_train_02550.jpg,normal,train
C:\DATN\skin-ai-project\ai\data\processed\skin_type\train\normal\normal_train_02551.jpg,normal,train
C:\DATN\skin-ai-project\ai\data\processed\skin_type\train\normal\normal_train_02552.jpg,normal,train
C:\DATN\skin-ai-project\ai\data\processed\skin_type\train\dry\dry_train_02553.jpg,dry,train
C:\DATN\skin-ai-project\ai\data\processed\skin_type\train\normal\normal_train_02554.jpg,normal,train
C:\DATN\skin-ai-project\ai\data\processed\skin_type\train\oily\oily_train_02555.jpg,oily,train
C:\DATN\skin-ai-project\ai\data\processed\skin_type\train\oily\oily_train_02556.jpg,oily,train
C:\DATN\skin-ai-project\ai\data\processed\skin_type\train\normal\normal_train_02557.jpg,normal,train
C:\DATN\skin-ai-project\ai\data\processed\skin_type\train\oily\oily_train_02558.jpg,oily,train
C:\DATN\skin-ai-project\ai\data\processed\skin_type\train\normal\normal_train_02559.jpg,normal,train
C:\DATN\skin-ai-project\ai\data\processed\skin_type\train\normal\normal_train_02560.jpg,normal,train
C:\DATN\skin-ai-project\ai\data\processed\skin_type\train\dry\dry_train_02561.jpg,dry,train
C:\DATN\skin-ai-project\ai\data\processed\skin_type\train\normal\normal_train_02562.jpg,normal,train
C:\DATN\skin-ai-project\ai\data\processed\skin_type\train\normal\normal_train_02563.jpg,normal,train
C:\DATN\skin-ai-project\ai\data\processed\skin_type\train\normal\normal_train_02564.jpg,normal,train
C:\DATN\skin-ai-project\ai\data\processed\skin_type\train\oily\oily_train_02565.jpg,oily,train
C:\DATN\skin-ai-project\ai\data\processed\skin_type\train\normal\normal_train_02566.jpg,normal,train
C:\DATN\skin-ai-project\ai\data\processed\skin_type\train\normal\normal_train_02567.jpg,normal,train
C:\DATN\skin-ai-project\ai\data\processed\skin_type\train\normal\normal_train_02568.jpg,normal,train
C:\DATN\skin-ai-project\ai\data\processed\skin_type\train\normal\normal_train_02569.jpg,normal,train
C:\DATN\skin-ai-project\ai\data\processed\skin_type\train\normal\normal_train_02570.jpg,normal,train
C:\DATN\skin-ai-project\ai\data\processed\skin_type\train\normal\normal_train_02571.jpg,normal,train
C:\DATN\skin-ai-project\ai\data\processed\skin_type\train\dry\dry_train_02572.jpg,dry,train
C:\DATN\skin-ai-project\ai\data\processed\skin_type\train\normal\normal_train_02573.jpg,normal,train
C:\DATN\skin-ai-project\ai\data\processed\skin_type\train\normal\normal_train_02574.jpg,normal,train
C:\DATN\skin-ai-project\ai\data\processed\skin_type\train\oily\oily_train_02575.jpg,oily,train
C:\DATN\skin-ai-project\ai\data\processed\skin_type\train\oily\oily_train_02576.jpg,oily,train
C:\DATN\skin-ai-project\ai\data\processed\skin_type\train\oily\oily_train_02577.jpg,oily,train
C:\DATN\skin-ai-project\ai\data\processed\skin_type\train\normal\normal_train_02578.jpg,normal,train
C:\DATN\skin-ai-project\ai\data\processed\skin_type\train\oily\oily_train_02579.jpg,oily,train
C:\DATN\skin-ai-project\ai\data\processed\skin_type\train\normal\normal_train_02580.jpg,normal,train
C:\DATN\skin-ai-project\ai\data\processed\skin_type\train\normal\normal_train_02581.jpg,normal,train
C:\DATN\skin-ai-project\ai\data\processed\skin_type\train\oily\oily_train_02582.jpg,oily,train
C:\DATN\skin-ai-project\ai\data\processed\skin_type\train\dry\dry_train_02583.jpg,dry,train
C:\DATN\skin-ai-project\ai\data\processed\skin_type\train\normal\normal_train_02584.jpg,normal,train
C:\DATN\skin-ai-project\ai\data\processed\skin_type\train\normal\normal_train_02585.jpg,normal,train
C:\DATN\skin-ai-project\ai\data\processed\skin_type\train\normal\normal_train_02586.jpg,normal,train
C:\DATN\skin-ai-project\ai\data\processed\skin_type\train\normal\normal_train_02587.jpg,normal,train
C:\DATN\skin-ai-project\ai\data\processed\skin_type\train\oily\oily_train_02588.jpg,oily,train
C:\DATN\skin-ai-project\ai\data\processed\skin_type\train\oily\oily_train_02589.jpg,oily,train
C:\DATN\skin-ai-project\ai\data\processed\skin_type\train\dry\dry_train_02590.jpg,dry,train
C:\DATN\skin-ai-project\ai\data\processed\skin_type\train\dry\dry_train_02591.jpg,dry,train
C:\DATN\skin-ai-project\ai\data\processed\skin_type\train\oily\oily_train_02592.jpg,oily,train
C:\DATN\skin-ai-project\ai\data\processed\skin_type\train\normal\normal_train_02593.jpg,normal,train
C:\DATN\skin-ai-project\ai\data\processed\skin_type\train\normal\normal_train_02594.jpg,normal,train
C:\DATN\skin-ai-project\ai\data\processed\skin_type\train\normal\normal_train_02595.jpg,normal,train
C:\DATN\skin-ai-project\ai\data\processed\skin_type\train\oily\oily_train_02596.jpg,oily,train
C:\DATN\skin-ai-project\ai\data\processed\skin_type\train\oily\oily_train_02597.jpg,oily,train
C:\DATN\skin-ai-project\ai\data\processed\skin_type\train\normal\normal_train_02598.jpg,normal,train
C:\DATN\skin-ai-project\ai\data\processed\skin_type\train\oily\oily_train_02599.jpg,oily,train
C:\DATN\skin-ai-project\ai\data\processed\skin_type\train\normal\normal_train_02600.jpg,normal,train
C:\DATN\skin-ai-project\ai\data\processed\skin_type\train\normal\normal_train_02601.jpg,normal,train
C:\DATN\skin-ai-project\ai\data\processed\skin_type\train\normal\normal_train_02602.jpg,normal,train
C:\DATN\skin-ai-project\ai\data\processed\skin_type\train\oily\oily_train_02603.jpg,oily,train
C:\DATN\skin-ai-project\ai\data\processed\skin_type\train\normal\normal_train_02604.jpg,normal,train
C:\DATN\skin-ai-project\ai\data\processed\skin_type\train\oily\oily_train_02605.jpg,oily,train
C:\DATN\skin-ai-project\ai\data\processed\skin_type\train\dry\dry_train_02606.jpg,dry,train
C:\DATN\skin-ai-project\ai\data\processed\skin_type\train\normal\normal_train_02607.jpg,normal,train
C:\DATN\skin-ai-project\ai\data\processed\skin_type\train\dry\dry_train_02608.jpg,dry,train
C:\DATN\skin-ai-project\ai\data\processed\skin_type\train\normal\normal_train_02609.jpg,normal,train
C:\DATN\skin-ai-project\ai\data\processed\skin_type\train\dry\dry_train_02610.jpg,dry,train
C:\DATN\skin-ai-project\ai\data\processed\skin_type\train\oily\oily_train_02611.jpg,oily,train
C:\DATN\skin-ai-project\ai\data\processed\skin_type\train\oily\oily_train_02612.jpg,oily,train
C:\DATN\skin-ai-project\ai\data\processed\skin_type\train\oily\oily_train_02613.jpg,oily,train
C:\DATN\skin-ai-project\ai\data\processed\skin_type\train\normal\normal_train_02614.jpg,normal,train
C:\DATN\skin-ai-project\ai\data\processed\skin_type\train\normal\normal_train_02615.jpg,normal,train
C:\DATN\skin-ai-project\ai\data\processed\skin_type\train\normal\normal_train_02616.jpg,normal,train
C:\DATN\skin-ai-project\ai\data\processed\skin_type\train\normal\normal_train_02617.jpg,normal,train
C:\DATN\skin-ai-project\ai\data\processed\skin_type\train\normal\normal_train_02618.jpg,normal,train
C:\DATN\skin-ai-project\ai\data\processed\skin_type\train\dry\dry_train_02619.jpg,dry,train
C:\DATN\skin-ai-project\ai\data\processed\skin_type\train\normal\normal_train_02620.jpg,normal,train
C:\DATN\skin-ai-project\ai\data\processed\skin_type\train\dry\dry_train_02621.jpg,dry,train
C:\DATN\skin-ai-project\ai\data\processed\skin_type\train\normal\normal_train_02622.jpg,normal,train
C:\DATN\skin-ai-project\ai\data\processed\skin_type\train\normal\normal_train_02623.jpg,normal,train
C:\DATN\skin-ai-project\ai\data\processed\skin_type\train\normal\normal_train_02624.jpg,normal,train
C:\DATN\skin-ai-project\ai\data\processed\skin_type\train\normal\normal_train_02625.jpg,normal,train
C:\DATN\skin-ai-project\ai\data\processed\skin_type\train\normal\normal_train_02626.jpg,normal,train
C:\DATN\skin-ai-project\ai\data\processed\skin_type\train\normal\normal_train_02627.jpg,normal,train
C:\DATN\skin-ai-project\ai\data\processed\skin_type\train\normal\normal_train_02628.jpg,normal,train
C:\DATN\skin-ai-project\ai\data\processed\skin_type\train\oily\oily_train_02629.jpg,oily,train
C:\DATN\skin-ai-project\ai\data\processed\skin_type\train\oily\oily_train_02630.jpg,oily,train
C:\DATN\skin-ai-project\ai\data\processed\skin_type\train\normal\normal_train_02631.jpg,normal,train
C:\DATN\skin-ai-project\ai\data\processed\skin_type\train\oily\oily_train_02632.jpg,oily,train
C:\DATN\skin-ai-project\ai\data\processed\skin_type\train\oily\oily_train_02633.jpg,oily,train
C:\DATN\skin-ai-project\ai\data\processed\skin_type\train\dry\dry_train_02634.jpg,dry,train
C:\DATN\skin-ai-project\ai\data\processed\skin_type\train\dry\dry_train_02635.jpg,dry,train
C:\DATN\skin-ai-project\ai\data\processed\skin_type\train\oily\oily_train_02636.jpg,oily,train
C:\DATN\skin-ai-project\ai\data\processed\skin_type\train\normal\normal_train_02637.jpg,normal,train
C:\DATN\skin-ai-project\ai\data\processed\skin_type\train\normal\normal_train_02638.jpg,normal,train
C:\DATN\skin-ai-project\ai\data\processed\skin_type\train\normal\normal_train_02639.jpg,normal,train
C:\DATN\skin-ai-project\ai\data\processed\skin_type\train\dry\dry_train_02640.jpg,dry,train
C:\DATN\skin-ai-project\ai\data\processed\skin_type\train\dry\dry_train_02641.jpg,dry,train
C:\DATN\skin-ai-project\ai\data\processed\skin_type\train\normal\normal_train_02642.jpg,normal,train
C:\DATN\skin-ai-project\ai\data\processed\skin_type\train\dry\dry_train_02643.jpg,dry,train
C:\DATN\skin-ai-project\ai\data\processed\skin_type\train\normal\normal_train_02644.jpg,normal,train
C:\DATN\skin-ai-project\ai\data\processed\skin_type\train\oily\oily_train_02645.jpg,oily,train
C:\DATN\skin-ai-project\ai\data\processed\skin_type\train\normal\normal_train_02646.jpg,normal,train
C:\DATN\skin-ai-project\ai\data\processed\skin_type\train\normal\normal_train_02647.jpg,normal,train
C:\DATN\skin-ai-project\ai\data\processed\skin_type\train\oily\oily_train_02648.jpg,oily,train
C:\DATN\skin-ai-project\ai\data\processed\skin_type\train\normal\normal_train_02649.jpg,normal,train
C:\DATN\skin-ai-project\ai\data\processed\skin_type\train\oily\oily_train_02650.jpg,oily,train
C:\DATN\skin-ai-project\ai\data\processed\skin_type\train\normal\normal_train_02651.jpg,normal,train
C:\DATN\skin-ai-project\ai\data\processed\skin_type\train\oily\oily_train_02652.jpg,oily,train
C:\DATN\skin-ai-project\ai\data\processed\skin_type\train\normal\normal_train_02653.jpg,normal,train
C:\DATN\skin-ai-project\ai\data\processed\skin_type\train\normal\normal_train_02654.jpg,normal,train
C:\DATN\skin-ai-project\ai\data\processed\skin_type\train\oily\oily_train_02655.jpg,oily,train
C:\DATN\skin-ai-project\ai\data\processed\skin_type\train\oily\oily_train_02656.jpg,oily,train
C:\DATN\skin-ai-project\ai\data\processed\skin_type\train\oily\oily_train_02657.jpg,oily,train
C:\DATN\skin-ai-project\ai\data\processed\skin_type\train\oily\oily_train_02658.jpg,oily,train
C:\DATN\skin-ai-project\ai\data\processed\skin_type\train\normal\normal_train_02659.jpg,normal,train
C:\DATN\skin-ai-project\ai\data\processed\skin_type\train\oily\oily_train_02660.jpg,oily,train
C:\DATN\skin-ai-project\ai\data\processed\skin_type\train\normal\normal_train_02661.jpg,normal,train
C:\DATN\skin-ai-project\ai\data\processed\skin_type\train\normal\normal_train_02662.jpg,normal,train
C:\DATN\skin-ai-project\ai\data\processed\skin_type\train\normal\normal_train_02663.jpg,normal,train
C:\DATN\skin-ai-project\ai\data\processed\skin_type\train\normal\normal_train_02664.jpg,normal,train
C:\DATN\skin-ai-project\ai\data\processed\skin_type\train\dry\dry_train_02665.jpg,dry,train
C:\DATN\skin-ai-project\ai\data\processed\skin_type\train\normal\normal_train_02666.jpg,normal,train
C:\DATN\skin-ai-project\ai\data\processed\skin_type\train\normal\normal_train_02667.jpg,normal,train
C:\DATN\skin-ai-project\ai\data\processed\skin_type\train\dry\dry_train_02668.jpg,dry,train
C:\DATN\skin-ai-project\ai\data\processed\skin_type\train\normal\normal_train_02669.jpg,normal,train
C:\DATN\skin-ai-project\ai\data\processed\skin_type\train\normal\normal_train_02670.jpg,normal,train
C:\DATN\skin-ai-project\ai\data\processed\skin_type\train\oily\oily_train_02671.jpg,oily,train
C:\DATN\skin-ai-project\ai\data\processed\skin_type\train\dry\dry_train_02672.jpg,dry,train
C:\DATN\skin-ai-project\ai\data\processed\skin_type\train\normal\normal_train_02673.jpg,normal,train
C:\DATN\skin-ai-project\ai\data\processed\skin_type\train\oily\oily_train_02674.jpg,oily,train
C:\DATN\skin-ai-project\ai\data\processed\skin_type\train\dry\dry_train_02675.jpg,dry,train
C:\DATN\skin-ai-project\ai\data\processed\skin_type\train\normal\normal_train_02676.jpg,normal,train
C:\DATN\skin-ai-project\ai\data\processed\skin_type\train\oily\oily_train_02677.jpg,oily,train
C:\DATN\skin-ai-project\ai\data\processed\skin_type\train\normal\normal_train_02678.jpg,normal,train
C:\DATN\skin-ai-project\ai\data\processed\skin_type\train\dry\dry_train_02679.jpg,dry,train
C:\DATN\skin-ai-project\ai\data\processed\skin_type\train\normal\normal_train_02680.jpg,normal,train
C:\DATN\skin-ai-project\ai\data\processed\skin_type\train\oily\oily_train_02681.jpg,oily,train
C:\DATN\skin-ai-project\ai\data\processed\skin_type\train\normal\normal_train_02682.jpg,normal,train
C:\DATN\skin-ai-project\ai\data\processed\skin_type\train\normal\normal_train_02683.jpg,normal,train
C:\DATN\skin-ai-project\ai\data\processed\skin_type\train\normal\normal_train_02684.jpg,normal,train
C:\DATN\skin-ai-project\ai\data\processed\skin_type\train\oily\oily_train_02685.jpg,oily,train
C:\DATN\skin-ai-project\ai\data\processed\skin_type\train\normal\normal_train_02686.jpg,normal,train
C:\DATN\skin-ai-project\ai\data\processed\skin_type\train\normal\normal_train_02687.jpg,normal,train
C:\DATN\skin-ai-project\ai\data\processed\skin_type\train\dry\dry_train_02688.jpg,dry,train
C:\DATN\skin-ai-project\ai\data\processed\skin_type\train\normal\normal_train_02689.jpg,normal,train
C:\DATN\skin-ai-project\ai\data\processed\skin_type\train\normal\normal_train_02690.jpg,normal,train
C:\DATN\skin-ai-project\ai\data\processed\skin_type\train\oily\oily_train_02691.jpg,oily,train
C:\DATN\skin-ai-project\ai\data\processed\skin_type\train\normal\normal_train_02692.jpg,normal,train
C:\DATN\skin-ai-project\ai\data\processed\skin_type\train\oily\oily_train_02693.jpg,oily,train
C:\DATN\skin-ai-project\ai\data\processed\skin_type\train\normal\normal_train_02694.jpg,normal,train
C:\DATN\skin-ai-project\ai\data\processed\skin_type\train\normal\normal_train_02695.jpg,normal,train
C:\DATN\skin-ai-project\ai\data\processed\skin_type\train\oily\oily_train_02696.jpg,oily,train
C:\DATN\skin-ai-project\ai\data\processed\skin_type\train\oily\oily_train_02697.jpg,oily,train
C:\DATN\skin-ai-project\ai\data\processed\skin_type\train\normal\normal_train_02698.jpg,normal,train
C:\DATN\skin-ai-project\ai\data\processed\skin_type\train\normal\normal_train_02699.jpg,normal,train
C:\DATN\skin-ai-project\ai\data\processed\skin_type\train\normal\normal_train_02700.jpg,normal,train
C:\DATN\skin-ai-project\ai\data\processed\skin_type\train\oily\oily_train_02701.jpg,oily,train
C:\DATN\skin-ai-project\ai\data\processed\skin_type\train\dry\dry_train_02702.jpg,dry,train
C:\DATN\skin-ai-project\ai\data\processed\skin_type\train\normal\normal_train_02703.jpg,normal,train
C:\DATN\skin-ai-project\ai\data\processed\skin_type\train\dry\dry_train_02704.jpg,dry,train
C:\DATN\skin-ai-project\ai\data\processed\skin_type\train\normal\normal_train_02705.jpg,normal,train
C:\DATN\skin-ai-project\ai\data\processed\skin_type\train\oily\oily_train_02706.jpg,oily,train
C:\DATN\skin-ai-project\ai\data\processed\skin_type\train\dry\dry_train_02707.jpg,dry,train
C:\DATN\skin-ai-project\ai\data\processed\skin_type\train\normal\normal_train_02708.jpg,normal,train
C:\DATN\skin-ai-project\ai\data\processed\skin_type\train\normal\normal_train_02709.jpg,normal,train
C:\DATN\skin-ai-project\ai\data\processed\skin_type\train\normal\normal_train_02710.jpg,normal,train
C:\DATN\skin-ai-project\ai\data\processed\skin_type\train\normal\normal_train_02711.jpg,normal,train
C:\DATN\skin-ai-project\ai\data\processed\skin_type\train\normal\normal_train_02712.jpg,normal,train
C:\DATN\skin-ai-project\ai\data\processed\skin_type\train\normal\normal_train_02713.jpg,normal,train
C:\DATN\skin-ai-project\ai\data\processed\skin_type\train\dry\dry_train_02714.jpg,dry,train
C:\DATN\skin-ai-project\ai\data\processed\skin_type\train\normal\normal_train_02715.jpg,normal,train
C:\DATN\skin-ai-project\ai\data\processed\skin_type\train\oily\oily_train_02716.jpg,oily,train
C:\DATN\skin-ai-project\ai\data\processed\skin_type\train\oily\oily_train_02717.jpg,oily,train
C:\DATN\skin-ai-project\ai\data\processed\skin_type\train\normal\normal_train_02718.jpg,normal,train
C:\DATN\skin-ai-project\ai\data\processed\skin_type\train\normal\normal_train_02719.jpg,normal,train
C:\DATN\skin-ai-project\ai\data\processed\skin_type\train\normal\normal_train_02720.jpg,normal,train
C:\DATN\skin-ai-project\ai\data\processed\skin_type\train\normal\normal_train_02721.jpg,normal,train
C:\DATN\skin-ai-project\ai\data\processed\skin_type\train\normal\normal_train_02722.jpg,normal,train
C:\DATN\skin-ai-project\ai\data\processed\skin_type\train\normal\normal_train_02723.jpg,normal,train
C:\DATN\skin-ai-project\ai\data\processed\skin_type\train\oily\oily_train_02724.jpg,oily,train
C:\DATN\skin-ai-project\ai\data\processed\skin_type\train\oily\oily_train_02725.jpg,oily,train
C:\DATN\skin-ai-project\ai\data\processed\skin_type\train\normal\normal_train_02726.jpg,normal,train
C:\DATN\skin-ai-project\ai\data\processed\skin_type\train\dry\dry_train_02727.jpg,dry,train
C:\DATN\skin-ai-project\ai\data\processed\skin_type\train\normal\normal_train_02728.jpg,normal,train
C:\DATN\skin-ai-project\ai\data\processed\skin_type\train\normal\normal_train_02729.jpg,normal,train
C:\DATN\skin-ai-project\ai\data\processed\skin_type\train\normal\normal_train_02730.jpg,normal,train
C:\DATN\skin-ai-project\ai\data\processed\skin_type\train\normal\normal_train_02731.jpg,normal,train
C:\DATN\skin-ai-project\ai\data\processed\skin_type\train\normal\normal_train_02732.jpg,normal,train
C:\DATN\skin-ai-project\ai\data\processed\skin_type\train\normal\normal_train_02733.jpg,normal,train
C:\DATN\skin-ai-project\ai\data\processed\skin_type\train\normal\normal_train_02734.jpg,normal,train
C:\DATN\skin-ai-project\ai\data\processed\skin_type\train\oily\oily_train_02735.jpg,oily,train
C:\DATN\skin-ai-project\ai\data\processed\skin_type\train\normal\normal_train_02736.jpg,normal,train
C:\DATN\skin-ai-project\ai\data\processed\skin_type\train\oily\oily_train_02737.jpg,oily,train
C:\DATN\skin-ai-project\ai\data\processed\skin_type\train\oily\oily_train_02738.jpg,oily,train
C:\DATN\skin-ai-project\ai\data\processed\skin_type\train\normal\normal_train_02739.jpg,normal,train
C:\DATN\skin-ai-project\ai\data\processed\skin_type\train\normal\normal_train_02740.jpg,normal,train
C:\DATN\skin-ai-project\ai\data\processed\skin_type\train\normal\normal_train_02741.jpg,normal,train
C:\DATN\skin-ai-project\ai\data\processed\skin_type\train\normal\normal_train_02742.jpg,normal,train
C:\DATN\skin-ai-project\ai\data\processed\skin_type\train\oily\oily_train_02743.jpg,oily,train
C:\DATN\skin-ai-project\ai\data\processed\skin_type\train\normal\normal_train_02744.jpg,normal,train
C:\DATN\skin-ai-project\ai\data\processed\skin_type\train\oily\oily_train_02745.jpg,oily,train
C:\DATN\skin-ai-project\ai\data\processed\skin_type\train\normal\normal_train_02746.jpg,normal,train
C:\DATN\skin-ai-project\ai\data\processed\skin_type\train\normal\normal_train_02747.jpg,normal,train
C:\DATN\skin-ai-project\ai\data\processed\skin_type\train\oily\oily_train_02748.jpg,oily,train
C:\DATN\skin-ai-project\ai\data\processed\skin_type\train\normal\normal_train_02749.jpg,normal,train
C:\DATN\skin-ai-project\ai\data\processed\skin_type\train\normal\normal_train_02750.jpg,normal,train
C:\DATN\skin-ai-project\ai\data\processed\skin_type\train\dry\dry_train_02751.jpg,dry,train
C:\DATN\skin-ai-project\ai\data\processed\skin_type\train\normal\normal_train_02752.jpg,normal,train
C:\DATN\skin-ai-project\ai\data\processed\skin_type\train\normal\normal_train_02753.jpg,normal,train
C:\DATN\skin-ai-project\ai\data\processed\skin_type\train\normal\normal_train_02754.jpg,normal,train
C:\DATN\skin-ai-project\ai\data\processed\skin_type\train\oily\oily_train_02755.jpg,oily,train
C:\DATN\skin-ai-project\ai\data\processed\skin_type\train\oily\oily_train_02756.jpg,oily,train
C:\DATN\skin-ai-project\ai\data\processed\skin_type\train\dry\dry_train_02757.jpg,dry,train
C:\DATN\skin-ai-project\ai\data\processed\skin_type\train\normal\normal_train_02758.jpg,normal,train
C:\DATN\skin-ai-project\ai\data\processed\skin_type\train\oily\oily_train_02759.jpg,oily,train
C:\DATN\skin-ai-project\ai\data\processed\skin_type\train\normal\normal_train_02760.jpg,normal,train
C:\DATN\skin-ai-project\ai\data\processed\skin_type\train\normal\normal_train_02761.jpg,normal,train
C:\DATN\skin-ai-project\ai\data\processed\skin_type\train\normal\normal_train_02762.jpg,normal,train
C:\DATN\skin-ai-project\ai\data\processed\skin_type\train\normal\normal_train_02763.jpg,normal,train
C:\DATN\skin-ai-project\ai\data\processed\skin_type\train\dry\dry_train_02764.jpg,dry,train
C:\DATN\skin-ai-project\ai\data\processed\skin_type\train\normal\normal_train_02765.jpg,normal,train
C:\DATN\skin-ai-project\ai\data\processed\skin_type\train\normal\normal_train_02766.jpg,normal,train
C:\DATN\skin-ai-project\ai\data\processed\skin_type\train\normal\normal_train_02767.jpg,normal,train
C:\DATN\skin-ai-project\ai\data\processed\skin_type\train\dry\dry_train_02768.jpg,dry,train
C:\DATN\skin-ai-project\ai\data\processed\skin_type\train\normal\normal_train_02769.jpg,normal,train
C:\DATN\skin-ai-project\ai\data\processed\skin_type\train\normal\normal_train_02770.jpg,normal,train
C:\DATN\skin-ai-project\ai\data\processed\skin_type\train\oily\oily_train_02771.jpg,oily,train
C:\DATN\skin-ai-project\ai\data\processed\skin_type\train\normal\normal_train_02772.jpg,normal,train
C:\DATN\skin-ai-project\ai\data\processed\skin_type\train\oily\oily_train_02773.jpg,oily,train
C:\DATN\skin-ai-project\ai\data\processed\skin_type\train\oily\oily_train_02774.jpg,oily,train
C:\DATN\skin-ai-project\ai\data\processed\skin_type\train\normal\normal_train_02775.jpg,normal,train
C:\DATN\skin-ai-project\ai\data\processed\skin_type\train\normal\normal_train_02776.jpg,normal,train
C:\DATN\skin-ai-project\ai\data\processed\skin_type\train\normal\normal_train_02777.jpg,normal,train
C:\DATN\skin-ai-project\ai\data\processed\skin_type\train\normal\normal_train_02778.jpg,normal,train
C:\DATN\skin-ai-project\ai\data\processed\skin_type\train\normal\normal_train_02779.jpg,normal,train
C:\DATN\skin-ai-project\ai\data\processed\skin_type\train\dry\dry_train_02780.jpg,dry,train
C:\DATN\skin-ai-project\ai\data\processed\skin_type\train\oily\oily_train_02781.jpg,oily,train
C:\DATN\skin-ai-project\ai\data\processed\skin_type\train\oily\oily_train_02782.jpg,oily,train
C:\DATN\skin-ai-project\ai\data\processed\skin_type\train\normal\normal_train_02783.jpg,normal,train
C:\DATN\skin-ai-project\ai\data\processed\skin_type\train\normal\normal_train_02784.jpg,normal,train
C:\DATN\skin-ai-project\ai\data\processed\skin_type\train\normal\normal_train_02785.jpg,normal,train
C:\DATN\skin-ai-project\ai\data\processed\skin_type\train\normal\normal_train_02786.jpg,normal,train
C:\DATN\skin-ai-project\ai\data\processed\skin_type\train\oily\oily_train_02787.jpg,oily,train
C:\DATN\skin-ai-project\ai\data\processed\skin_type\train\normal\normal_train_02788.jpg,normal,train
C:\DATN\skin-ai-project\ai\data\processed\skin_type\train\normal\normal_train_02789.jpg,normal,train
C:\DATN\skin-ai-project\ai\data\processed\skin_type\train\dry\dry_train_02790.jpg,dry,train
C:\DATN\skin-ai-project\ai\data\processed\skin_type\train\normal\normal_train_02791.jpg,normal,train
C:\DATN\skin-ai-project\ai\data\processed\skin_type\train\normal\normal_train_02792.jpg,normal,train
C:\DATN\skin-ai-project\ai\data\processed\skin_type\train\normal\normal_train_02793.jpg,normal,train
C:\DATN\skin-ai-project\ai\data\processed\skin_type\train\normal\normal_train_02794.jpg,normal,train
C:\DATN\skin-ai-project\ai\data\processed\skin_type\train\oily\oily_train_02795.jpg,oily,train
C:\DATN\skin-ai-project\ai\data\processed\skin_type\train\oily\oily_train_02796.jpg,oily,train
C:\DATN\skin-ai-project\ai\data\processed\skin_type\train\normal\normal_train_02797.jpg,normal,train
C:\DATN\skin-ai-project\ai\data\processed\skin_type\train\normal\normal_train_02798.jpg,normal,train
C:\DATN\skin-ai-project\ai\data\processed\skin_type\train\oily\oily_train_02799.jpg,oily,train
C:\DATN\skin-ai-project\ai\data\processed\skin_type\train\oily\oily_train_02800.jpg,oily,train
C:\DATN\skin-ai-project\ai\data\processed\skin_type\train\normal\normal_train_02801.jpg,normal,train
C:\DATN\skin-ai-project\ai\data\processed\skin_type\train\oily\oily_train_02802.jpg,oily,train
C:\DATN\skin-ai-project\ai\data\processed\skin_type\train\normal\normal_train_02803.jpg,normal,train
C:\DATN\skin-ai-project\ai\data\processed\skin_type\train\oily\oily_train_02804.jpg,oily,train
C:\DATN\skin-ai-project\ai\data\processed\skin_type\train\dry\dry_train_02805.jpg,dry,train
C:\DATN\skin-ai-project\ai\data\processed\skin_type\train\normal\normal_train_02806.jpg,normal,train
C:\DATN\skin-ai-project\ai\data\processed\skin_type\train\normal\normal_train_02807.jpg,normal,train
C:\DATN\skin-ai-project\ai\data\processed\skin_type\train\oily\oily_train_02808.jpg,oily,train
C:\DATN\skin-ai-project\ai\data\processed\skin_type\train\oily\oily_train_02809.jpg,oily,train
C:\DATN\skin-ai-project\ai\data\processed\skin_type\train\normal\normal_train_02810.jpg,normal,train
C:\DATN\skin-ai-project\ai\data\processed\skin_type\train\normal\normal_train_02811.jpg,normal,train
C:\DATN\skin-ai-project\ai\data\processed\skin_type\train\normal\normal_train_02812.jpg,normal,train
C:\DATN\skin-ai-project\ai\data\processed\skin_type\train\normal\normal_train_02813.jpg,normal,train
C:\DATN\skin-ai-project\ai\data\processed\skin_type\train\normal\normal_train_02814.jpg,normal,train
C:\DATN\skin-ai-project\ai\data\processed\skin_type\train\dry\dry_train_02815.jpg,dry,train
C:\DATN\skin-ai-project\ai\data\processed\skin_type\train\normal\normal_train_02816.jpg,normal,train
C:\DATN\skin-ai-project\ai\data\processed\skin_type\train\normal\normal_train_02817.jpg,normal,train
C:\DATN\skin-ai-project\ai\data\processed\skin_type\train\normal\normal_train_02818.jpg,normal,train
C:\DATN\skin-ai-project\ai\data\processed\skin_type\train\normal\normal_train_02819.jpg,normal,train
C:\DATN\skin-ai-project\ai\data\processed\skin_type\train\normal\normal_train_02820.jpg,normal,train
C:\DATN\skin-ai-project\ai\data\processed\skin_type\train\normal\normal_train_02821.jpg,normal,train
C:\DATN\skin-ai-project\ai\data\processed\skin_type\train\oily\oily_train_02822.jpg,oily,train
C:\DATN\skin-ai-project\ai\data\processed\skin_type\train\normal\normal_train_02823.jpg,normal,train
C:\DATN\skin-ai-project\ai\data\processed\skin_type\train\normal\normal_train_02824.jpg,normal,train
C:\DATN\skin-ai-project\ai\data\processed\skin_type\train\dry\dry_train_02825.jpg,dry,train
C:\DATN\skin-ai-project\ai\data\processed\skin_type\train\normal\normal_train_02826.jpg,normal,train
C:\DATN\skin-ai-project\ai\data\processed\skin_type\train\normal\normal_train_02827.jpg,normal,train
C:\DATN\skin-ai-project\ai\data\processed\skin_type\train\normal\normal_train_02828.jpg,normal,train
C:\DATN\skin-ai-project\ai\data\processed\skin_type\train\normal\normal_train_02829.jpg,normal,train
C:\DATN\skin-ai-project\ai\data\processed\skin_type\train\oily\oily_train_02830.jpg,oily,train
C:\DATN\skin-ai-project\ai\data\processed\skin_type\train\normal\normal_train_02831.jpg,normal,train
C:\DATN\skin-ai-project\ai\data\processed\skin_type\train\normal\normal_train_02832.jpg,normal,train
C:\DATN\skin-ai-project\ai\data\processed\skin_type\train\normal\normal_train_02833.jpg,normal,train
C:\DATN\skin-ai-project\ai\data\processed\skin_type\train\oily\oily_train_02834.jpg,oily,train
C:\DATN\skin-ai-project\ai\data\processed\skin_type\train\normal\normal_train_02835.jpg,normal,train
C:\DATN\skin-ai-project\ai\data\processed\skin_type\train\oily\oily_train_02836.jpg,oily,train
C:\DATN\skin-ai-project\ai\data\processed\skin_type\train\normal\normal_train_02837.jpg,normal,train
C:\DATN\skin-ai-project\ai\data\processed\skin_type\train\normal\normal_train_02838.jpg,normal,train
C:\DATN\skin-ai-project\ai\data\processed\skin_type\train\dry\dry_train_02839.jpg,dry,train
C:\DATN\skin-ai-project\ai\data\processed\skin_type\train\normal\normal_train_02840.jpg,normal,train
C:\DATN\skin-ai-project\ai\data\processed\skin_type\train\dry\dry_train_02841.jpg,dry,train
C:\DATN\skin-ai-project\ai\data\processed\skin_type\train\normal\normal_train_02842.jpg,normal,train
C:\DATN\skin-ai-project\ai\data\processed\skin_type\train\normal\normal_train_02843.jpg,normal,train
C:\DATN\skin-ai-project\ai\data\processed\skin_type\train\normal\normal_train_02844.jpg,normal,train
C:\DATN\skin-ai-project\ai\data\processed\skin_type\train\normal\normal_train_02845.jpg,normal,train
C:\DATN\skin-ai-project\ai\data\processed\skin_type\train\oily\oily_train_02846.jpg,oily,train
C:\DATN\skin-ai-project\ai\data\processed\skin_type\train\oily\oily_train_02847.jpg,oily,train
C:\DATN\skin-ai-project\ai\data\processed\skin_type\train\oily\oily_train_02848.jpg,oily,train
C:\DATN\skin-ai-project\ai\data\processed\skin_type\train\normal\normal_train_02849.jpg,normal,train
C:\DATN\skin-ai-project\ai\data\processed\skin_type\train\normal\normal_train_02850.jpg,normal,train
C:\DATN\skin-ai-project\ai\data\processed\skin_type\train\normal\normal_train_02851.jpg,normal,train
C:\DATN\skin-ai-project\ai\data\processed\skin_type\train\normal\normal_train_02852.jpg,normal,train
C:\DATN\skin-ai-project\ai\data\processed\skin_type\train\normal\normal_train_02853.jpg,normal,train
C:\DATN\skin-ai-project\ai\data\processed\skin_type\train\normal\normal_train_02854.jpg,normal,train
C:\DATN\skin-ai-project\ai\data\processed\skin_type\train\normal\normal_train_02855.jpg,normal,train
C:\DATN\skin-ai-project\ai\data\processed\skin_type\train\oily\oily_train_02856.jpg,oily,train
C:\DATN\skin-ai-project\ai\data\processed\skin_type\train\normal\normal_train_02857.jpg,normal,train
C:\DATN\skin-ai-project\ai\data\processed\skin_type\train\dry\dry_train_02858.jpg,dry,train
C:\DATN\skin-ai-project\ai\data\processed\skin_type\train\normal\normal_train_02859.jpg,normal,train
C:\DATN\skin-ai-project\ai\data\processed\skin_type\train\normal\normal_train_02860.jpg,normal,train
C:\DATN\skin-ai-project\ai\data\processed\skin_type\train\normal\normal_train_02861.jpg,normal,train
C:\DATN\skin-ai-project\ai\data\processed\skin_type\train\normal\normal_train_02862.jpg,normal,train
C:\DATN\skin-ai-project\ai\data\processed\skin_type\train\oily\oily_train_02863.jpg,oily,train
C:\DATN\skin-ai-project\ai\data\processed\skin_type\train\oily\oily_train_02864.jpg,oily,train
C:\DATN\skin-ai-project\ai\data\processed\skin_type\train\normal\normal_train_02865.jpg,normal,train
C:\DATN\skin-ai-project\ai\data\processed\skin_type\train\oily\oily_train_02866.jpg,oily,train
C:\DATN\skin-ai-project\ai\data\processed\skin_type\train\normal\normal_train_02867.jpg,normal,train
C:\DATN\skin-ai-project\ai\data\processed\skin_type\train\dry\dry_train_02868.jpg,dry,train
C:\DATN\skin-ai-project\ai\data\processed\skin_type\train\dry\dry_train_02869.jpg,dry,train
C:\DATN\skin-ai-project\ai\data\processed\skin_type\train\normal\normal_train_02870.jpg,normal,train
C:\DATN\skin-ai-project\ai\data\processed\skin_type\train\normal\normal_train_02871.jpg,normal,train
C:\DATN\skin-ai-project\ai\data\processed\skin_type\train\oily\oily_train_02872.jpg,oily,train
C:\DATN\skin-ai-project\ai\data\processed\skin_type\train\dry\dry_train_02873.jpg,dry,train
C:\DATN\skin-ai-project\ai\data\processed\skin_type\train\dry\dry_train_02874.jpg,dry,train
C:\DATN\skin-ai-project\ai\data\processed\skin_type\train\normal\normal_train_02875.jpg,normal,train
C:\DATN\skin-ai-project\ai\data\processed\skin_type\train\normal\normal_train_02876.jpg,normal,train
C:\DATN\skin-ai-project\ai\data\processed\skin_type\train\normal\normal_train_02877.jpg,normal,train
C:\DATN\skin-ai-project\ai\data\processed\skin_type\train\normal\normal_train_02878.jpg,normal,train
C:\DATN\skin-ai-project\ai\data\processed\skin_type\train\normal\normal_train_02879.jpg,normal,train
C:\DATN\skin-ai-project\ai\data\processed\skin_type\train\normal\normal_train_02880.jpg,normal,train
C:\DATN\skin-ai-project\ai\data\processed\skin_type\train\dry\dry_train_02881.jpg,dry,train
C:\DATN\skin-ai-project\ai\data\processed\skin_type\train\dry\dry_train_02882.jpg,dry,train
C:\DATN\skin-ai-project\ai\data\processed\skin_type\train\normal\normal_train_02883.jpg,normal,train
C:\DATN\skin-ai-project\ai\data\processed\skin_type\train\oily\oily_train_02884.jpg,oily,train
C:\DATN\skin-ai-project\ai\data\processed\skin_type\train\oily\oily_train_02885.jpg,oily,train
C:\DATN\skin-ai-project\ai\data\processed\skin_type\train\normal\normal_train_02886.jpg,normal,train
C:\DATN\skin-ai-project\ai\data\processed\skin_type\train\oily\oily_train_02887.jpg,oily,train
C:\DATN\skin-ai-project\ai\data\processed\skin_type\train\normal\normal_train_02888.jpg,normal,train
C:\DATN\skin-ai-project\ai\data\processed\skin_type\train\normal\normal_train_02889.jpg,normal,train
C:\DATN\skin-ai-project\ai\data\processed\skin_type\train\normal\normal_train_02890.jpg,normal,train
C:\DATN\skin-ai-project\ai\data\processed\skin_type\train\normal\normal_train_02891.jpg,normal,train
C:\DATN\skin-ai-project\ai\data\processed\skin_type\train\oily\oily_train_02892.jpg,oily,train
C:\DATN\skin-ai-project\ai\data\processed\skin_type\train\normal\normal_train_02893.jpg,normal,train
C:\DATN\skin-ai-project\ai\data\processed\skin_type\train\normal\normal_train_02894.jpg,normal,train
C:\DATN\skin-ai-project\ai\data\processed\skin_type\train\normal\normal_train_02895.jpg,normal,train
C:\DATN\skin-ai-project\ai\data\processed\skin_type\train\oily\oily_train_02896.jpg,oily,train
C:\DATN\skin-ai-project\ai\data\processed\skin_type\train\oily\oily_train_02897.jpg,oily,train
C:\DATN\skin-ai-project\ai\data\processed\skin_type\train\normal\normal_train_02898.jpg,normal,train
C:\DATN\skin-ai-project\ai\data\processed\skin_type\train\dry\dry_train_02899.jpg,dry,train
C:\DATN\skin-ai-project\ai\data\processed\skin_type\train\dry\dry_train_02900.jpg,dry,train
C:\DATN\skin-ai-project\ai\data\processed\skin_type\train\normal\normal_train_02901.jpg,normal,train
C:\DATN\skin-ai-project\ai\data\processed\skin_type\train\dry\dry_train_02902.jpg,dry,train
C:\DATN\skin-ai-project\ai\data\processed\skin_type\train\dry\dry_train_02903.jpg,dry,train
C:\DATN\skin-ai-project\ai\data\processed\skin_type\train\oily\oily_train_02904.jpg,oily,train
C:\DATN\skin-ai-project\ai\data\processed\skin_type\train\normal\normal_train_02905.jpg,normal,train
C:\DATN\skin-ai-project\ai\data\processed\skin_type\train\oily\oily_train_02906.jpg,oily,train
C:\DATN\skin-ai-project\ai\data\processed\skin_type\train\normal\normal_train_02907.jpg,normal,train
C:\DATN\skin-ai-project\ai\data\processed\skin_type\train\oily\oily_train_02908.jpg,oily,train
C:\DATN\skin-ai-project\ai\data\processed\skin_type\train\normal\normal_train_02909.jpg,normal,train
C:\DATN\skin-ai-project\ai\data\processed\skin_type\train\normal\normal_train_02910.jpg,normal,train
C:\DATN\skin-ai-project\ai\data\processed\skin_type\train\oily\oily_train_02911.jpg,oily,train
C:\DATN\skin-ai-project\ai\data\processed\skin_type\train\normal\normal_train_02912.jpg,normal,train
C:\DATN\skin-ai-project\ai\data\processed\skin_type\train\normal\normal_train_02913.jpg,normal,train
C:\DATN\skin-ai-project\ai\data\processed\skin_type\train\dry\dry_train_02914.jpg,dry,train
C:\DATN\skin-ai-project\ai\data\processed\skin_type\train\normal\normal_train_02915.jpg,normal,train
C:\DATN\skin-ai-project\ai\data\processed\skin_type\train\normal\normal_train_02916.jpg,normal,train
C:\DATN\skin-ai-project\ai\data\processed\skin_type\train\normal\normal_train_02917.jpg,normal,train
C:\DATN\skin-ai-project\ai\data\processed\skin_type\train\normal\normal_train_02918.jpg,normal,train
C:\DATN\skin-ai-project\ai\data\processed\skin_type\train\normal\normal_train_02919.jpg,normal,train
C:\DATN\skin-ai-project\ai\data\processed\skin_type\train\normal\normal_train_02920.jpg,normal,train
C:\DATN\skin-ai-project\ai\data\processed\skin_type\train\normal\normal_train_02921.jpg,normal,train
C:\DATN\skin-ai-project\ai\data\processed\skin_type\train\normal\normal_train_02922.jpg,normal,train
C:\DATN\skin-ai-project\ai\data\processed\skin_type\train\oily\oily_train_02923.jpg,oily,train
C:\DATN\skin-ai-project\ai\data\processed\skin_type\train\normal\normal_train_02924.jpg,normal,train
C:\DATN\skin-ai-project\ai\data\processed\skin_type\train\normal\normal_train_02925.jpg,normal,train
C:\DATN\skin-ai-project\ai\data\processed\skin_type\train\normal\normal_train_02926.jpg,normal,train
C:\DATN\skin-ai-project\ai\data\processed\skin_type\train\oily\oily_train_02927.jpg,oily,train
C:\DATN\skin-ai-project\ai\data\processed\skin_type\train\oily\oily_train_02928.jpg,oily,train
C:\DATN\skin-ai-project\ai\data\processed\skin_type\train\oily\oily_train_02929.jpg,oily,train
C:\DATN\skin-ai-project\ai\data\processed\skin_type\train\normal\normal_train_02930.jpg,normal,train
C:\DATN\skin-ai-project\ai\data\processed\skin_type\train\normal\normal_train_02931.jpg,normal,train
C:\DATN\skin-ai-project\ai\data\processed\skin_type\train\normal\normal_train_02932.jpg,normal,train
C:\DATN\skin-ai-project\ai\data\processed\skin_type\train\dry\dry_train_02933.jpg,dry,train
C:\DATN\skin-ai-project\ai\data\processed\skin_type\train\dry\dry_train_02934.jpg,dry,train
C:\DATN\skin-ai-project\ai\data\processed\skin_type\train\normal\normal_train_02935.jpg,normal,train
C:\DATN\skin-ai-project\ai\data\processed\skin_type\train\normal\normal_train_02936.jpg,normal,train
C:\DATN\skin-ai-project\ai\data\processed\skin_type\train\normal\normal_train_02937.jpg,normal,train
C:\DATN\skin-ai-project\ai\data\processed\skin_type\train\dry\dry_train_02938.jpg,dry,train
C:\DATN\skin-ai-project\ai\data\processed\skin_type\train\normal\normal_train_02939.jpg,normal,train
C:\DATN\skin-ai-project\ai\data\processed\skin_type\train\oily\oily_train_02940.jpg,oily,train
C:\DATN\skin-ai-project\ai\data\processed\skin_type\train\normal\normal_train_02941.jpg,normal,train
C:\DATN\skin-ai-project\ai\data\processed\skin_type\train\normal\normal_train_02942.jpg,normal,train
C:\DATN\skin-ai-project\ai\data\processed\skin_type\train\normal\normal_train_02943.jpg,normal,train
C:\DATN\skin-ai-project\ai\data\processed\skin_type\train\normal\normal_train_02944.jpg,normal,train
C:\DATN\skin-ai-project\ai\data\processed\skin_type\train\dry\dry_train_02945.jpg,dry,train
C:\DATN\skin-ai-project\ai\data\processed\skin_type\train\oily\oily_train_02946.jpg,oily,train
C:\DATN\skin-ai-project\ai\data\processed\skin_type\train\normal\normal_train_02947.jpg,normal,train
C:\DATN\skin-ai-project\ai\data\processed\skin_type\train\dry\dry_train_02948.jpg,dry,train
C:\DATN\skin-ai-project\ai\data\processed\skin_type\train\normal\normal_train_02949.jpg,normal,train
C:\DATN\skin-ai-project\ai\data\processed\skin_type\train\normal\normal_train_02950.jpg,normal,train
C:\DATN\skin-ai-project\ai\data\processed\skin_type\train\normal\normal_train_02951.jpg,normal,train
C:\DATN\skin-ai-project\ai\data\processed\skin_type\train\normal\normal_train_02952.jpg,normal,train
C:\DATN\skin-ai-project\ai\data\processed\skin_type\train\normal\normal_train_02953.jpg,normal,train
C:\DATN\skin-ai-project\ai\data\processed\skin_type\train\normal\normal_train_02954.jpg,normal,train
C:\DATN\skin-ai-project\ai\data\processed\skin_type\train\oily\oily_train_02955.jpg,oily,train
C:\DATN\skin-ai-project\ai\data\processed\skin_type\train\normal\normal_train_02956.jpg,normal,train
C:\DATN\skin-ai-project\ai\data\processed\skin_type\train\dry\dry_train_02957.jpg,dry,train
C:\DATN\skin-ai-project\ai\data\processed\skin_type\train\normal\normal_train_02958.jpg,normal,train
C:\DATN\skin-ai-project\ai\data\processed\skin_type\train\normal\normal_train_02959.jpg,normal,train
C:\DATN\skin-ai-project\ai\data\processed\skin_type\train\normal\normal_train_02960.jpg,normal,train
C:\DATN\skin-ai-project\ai\data\processed\skin_type\train\normal\normal_train_02961.jpg,normal,train
C:\DATN\skin-ai-project\ai\data\processed\skin_type\train\normal\normal_train_02962.jpg,normal,train
C:\DATN\skin-ai-project\ai\data\processed\skin_type\train\normal\normal_train_02963.jpg,normal,train
C:\DATN\skin-ai-project\ai\data\processed\skin_type\train\oily\oily_train_02964.jpg,oily,train
C:\DATN\skin-ai-project\ai\data\processed\skin_type\train\dry\dry_train_02965.jpg,dry,train
C:\DATN\skin-ai-project\ai\data\processed\skin_type\train\normal\normal_train_02966.jpg,normal,train
C:\DATN\skin-ai-project\ai\data\processed\skin_type\train\dry\dry_train_02967.jpg,dry,train
C:\DATN\skin-ai-project\ai\data\processed\skin_type\train\normal\normal_train_02968.jpg,normal,train
C:\DATN\skin-ai-project\ai\data\processed\skin_type\train\normal\normal_train_02969.jpg,normal,train
C:\DATN\skin-ai-project\ai\data\processed\skin_type\train\dry\dry_train_02970.jpg,dry,train
C:\DATN\skin-ai-project\ai\data\processed\skin_type\train\normal\normal_train_02971.jpg,normal,train
C:\DATN\skin-ai-project\ai\data\processed\skin_type\train\oily\oily_train_02972.jpg,oily,train
C:\DATN\skin-ai-project\ai\data\processed\skin_type\train\oily\oily_train_02973.jpg,oily,train
C:\DATN\skin-ai-project\ai\data\processed\skin_type\train\normal\normal_train_02974.jpg,normal,train
C:\DATN\skin-ai-project\ai\data\processed\skin_type\train\normal\normal_train_02975.jpg,normal,train
C:\DATN\skin-ai-project\ai\data\processed\skin_type\train\normal\normal_train_02976.jpg,normal,train
C:\DATN\skin-ai-project\ai\data\processed\skin_type\train\normal\normal_train_02977.jpg,normal,train
C:\DATN\skin-ai-project\ai\data\processed\skin_type\train\normal\normal_train_02978.jpg,normal,train
C:\DATN\skin-ai-project\ai\data\processed\skin_type\train\normal\normal_train_02979.jpg,normal,train
C:\DATN\skin-ai-project\ai\data\processed\skin_type\train\oily\oily_train_02980.jpg,oily,train
C:\DATN\skin-ai-project\ai\data\processed\skin_type\train\dry\dry_train_02981.jpg,dry,train
C:\DATN\skin-ai-project\ai\data\processed\skin_type\train\normal\normal_train_02982.jpg,normal,train
C:\DATN\skin-ai-project\ai\data\processed\skin_type\train\oily\oily_train_02983.jpg,oily,train
C:\DATN\skin-ai-project\ai\data\processed\skin_type\train\normal\normal_train_02984.jpg,normal,train
C:\DATN\skin-ai-project\ai\data\processed\skin_type\train\oily\oily_train_02985.jpg,oily,train
C:\DATN\skin-ai-project\ai\data\processed\skin_type\train\oily\oily_train_02986.jpg,oily,train
C:\DATN\skin-ai-project\ai\data\processed\skin_type\train\normal\normal_train_02987.jpg,normal,train
C:\DATN\skin-ai-project\ai\data\processed\skin_type\train\oily\oily_train_02988.jpg,oily,train
C:\DATN\skin-ai-project\ai\data\processed\skin_type\train\normal\normal_train_02989.jpg,normal,train
C:\DATN\skin-ai-project\ai\data\processed\skin_type\train\dry\dry_train_02990.jpg,dry,train
C:\DATN\skin-ai-project\ai\data\processed\skin_type\train\normal\normal_train_02991.jpg,normal,train
C:\DATN\skin-ai-project\ai\data\processed\skin_type\train\normal\normal_train_02992.jpg,normal,train
C:\DATN\skin-ai-project\ai\data\processed\skin_type\train\oily\oily_train_02993.jpg,oily,train
C:\DATN\skin-ai-project\ai\data\processed\skin_type\train\normal\normal_train_02994.jpg,normal,train
C:\DATN\skin-ai-project\ai\data\processed\skin_type\train\normal\normal_train_02995.jpg,normal,train
C:\DATN\skin-ai-project\ai\data\processed\skin_type\train\normal\normal_train_02996.jpg,normal,train
C:\DATN\skin-ai-project\ai\data\processed\skin_type\train\normal\normal_train_02997.jpg,normal,train
C:\DATN\skin-ai-project\ai\data\processed\skin_type\train\normal\normal_train_02998.jpg,normal,train
C:\DATN\skin-ai-project\ai\data\processed\skin_type\train\normal\normal_train_02999.jpg,normal,train
C:\DATN\skin-ai-project\ai\data\processed\skin_type\train\dry\dry_train_03000.jpg,dry,train
C:\DATN\skin-ai-project\ai\data\processed\skin_type\train\normal\normal_train_03001.jpg,normal,train
C:\DATN\skin-ai-project\ai\data\processed\skin_type\train\oily\oily_train_03002.jpg,oily,train
C:\DATN\skin-ai-project\ai\data\processed\skin_type\train\oily\oily_train_03003.jpg,oily,train
C:\DATN\skin-ai-project\ai\data\processed\skin_type\train\normal\normal_train_03004.jpg,normal,train
C:\DATN\skin-ai-project\ai\data\processed\skin_type\train\normal\normal_train_03005.jpg,normal,train
C:\DATN\skin-ai-project\ai\data\processed\skin_type\train\normal\normal_train_03006.jpg,normal,train
C:\DATN\skin-ai-project\ai\data\processed\skin_type\train\dry\dry_train_03007.jpg,dry,train
C:\DATN\skin-ai-project\ai\data\processed\skin_type\train\oily\oily_train_03008.jpg,oily,train
C:\DATN\skin-ai-project\ai\data\processed\skin_type\train\normal\normal_train_03009.jpg,normal,train
C:\DATN\skin-ai-project\ai\data\processed\skin_type\train\normal\normal_train_03010.jpg,normal,train
C:\DATN\skin-ai-project\ai\data\processed\skin_type\train\normal\normal_train_03011.jpg,normal,train
C:\DATN\skin-ai-project\ai\data\processed\skin_type\train\normal\normal_train_03012.jpg,normal,train
C:\DATN\skin-ai-project\ai\data\processed\skin_type\train\normal\normal_train_03013.jpg,normal,train
C:\DATN\skin-ai-project\ai\data\processed\skin_type\train\oily\oily_train_03014.jpg,oily,train
C:\DATN\skin-ai-project\ai\data\processed\skin_type\train\normal\normal_train_03015.jpg,normal,train
C:\DATN\skin-ai-project\ai\data\processed\skin_type\train\normal\normal_train_03016.jpg,normal,train
C:\DATN\skin-ai-project\ai\data\processed\skin_type\train\normal\normal_train_03017.jpg,normal,train
C:\DATN\skin-ai-project\ai\data\processed\skin_type\train\normal\normal_train_03018.jpg,normal,train
C:\DATN\skin-ai-project\ai\data\processed\skin_type\train\normal\normal_train_03019.jpg,normal,train
C:\DATN\skin-ai-project\ai\data\processed\skin_type\train\oily\oily_train_03020.jpg,oily,train
C:\DATN\skin-ai-project\ai\data\processed\skin_type\train\oily\oily_train_03021.jpg,oily,train
C:\DATN\skin-ai-project\ai\data\processed\skin_type\train\normal\normal_train_03022.jpg,normal,train
C:\DATN\skin-ai-project\ai\data\processed\skin_type\train\dry\dry_train_03023.jpg,dry,train
C:\DATN\skin-ai-project\ai\data\processed\skin_type\train\normal\normal_train_03024.jpg,normal,train
C:\DATN\skin-ai-project\ai\data\processed\skin_type\train\normal\normal_train_03025.jpg,normal,train
C:\DATN\skin-ai-project\ai\data\processed\skin_type\train\dry\dry_train_03026.jpg,dry,train
C:\DATN\skin-ai-project\ai\data\processed\skin_type\train\normal\normal_train_03027.jpg,normal,train
C:\DATN\skin-ai-project\ai\data\processed\skin_type\train\oily\oily_train_03028.jpg,oily,train
C:\DATN\skin-ai-project\ai\data\processed\skin_type\train\normal\normal_train_03029.jpg,normal,train
C:\DATN\skin-ai-project\ai\data\processed\skin_type\train\dry\dry_train_03030.jpg,dry,train
C:\DATN\skin-ai-project\ai\data\processed\skin_type\train\dry\dry_train_03031.jpg,dry,train
C:\DATN\skin-ai-project\ai\data\processed\skin_type\train\dry\dry_train_03032.jpg,dry,train
C:\DATN\skin-ai-project\ai\data\processed\skin_type\train\normal\normal_train_03033.jpg,normal,train
C:\DATN\skin-ai-project\ai\data\processed\skin_type\train\normal\normal_train_03034.jpg,normal,train
C:\DATN\skin-ai-project\ai\data\processed\skin_type\train\dry\dry_train_03035.jpg,dry,train
C:\DATN\skin-ai-project\ai\data\processed\skin_type\train\oily\oily_train_03036.jpg,oily,train
C:\DATN\skin-ai-project\ai\data\processed\skin_type\train\normal\normal_train_03037.jpg,normal,train
C:\DATN\skin-ai-project\ai\data\processed\skin_type\train\normal\normal_train_03038.jpg,normal,train
C:\DATN\skin-ai-project\ai\data\processed\skin_type\train\oily\oily_train_03039.jpg,oily,train
C:\DATN\skin-ai-project\ai\data\processed\skin_type\train\normal\normal_train_03040.jpg,normal,train
C:\DATN\skin-ai-project\ai\data\processed\skin_type\train\normal\normal_train_03041.jpg,normal,train
C:\DATN\skin-ai-project\ai\data\processed\skin_type\train\oily\oily_train_03042.jpg,oily,train
C:\DATN\skin-ai-project\ai\data\processed\skin_type\train\normal\normal_train_03043.jpg,normal,train
C:\DATN\skin-ai-project\ai\data\processed\skin_type\train\normal\normal_train_03044.jpg,normal,train
C:\DATN\skin-ai-project\ai\data\processed\skin_type\train\oily\oily_train_03045.jpg,oily,train
C:\DATN\skin-ai-project\ai\data\processed\skin_type\train\oily\oily_train_03046.jpg,oily,train
C:\DATN\skin-ai-project\ai\data\processed\skin_type\train\dry\dry_train_03047.jpg,dry,train
C:\DATN\skin-ai-project\ai\data\processed\skin_type\train\dry\dry_train_03048.jpg,dry,train
C:\DATN\skin-ai-project\ai\data\processed\skin_type\train\normal\normal_train_03049.jpg,normal,train
C:\DATN\skin-ai-project\ai\data\processed\skin_type\train\normal\normal_train_03050.jpg,normal,train
C:\DATN\skin-ai-project\ai\data\processed\skin_type\train\normal\normal_train_03051.jpg,normal,train
C:\DATN\skin-ai-project\ai\data\processed\skin_type\train\oily\oily_train_03052.jpg,oily,train
C:\DATN\skin-ai-project\ai\data\processed\skin_type\train\normal\normal_train_03053.jpg,normal,train
C:\DATN\skin-ai-project\ai\data\processed\skin_type\train\normal\normal_train_03054.jpg,normal,train
C:\DATN\skin-ai-project\ai\data\processed\skin_type\train\normal\normal_train_03055.jpg,normal,train
C:\DATN\skin-ai-project\ai\data\processed\skin_type\train\dry\dry_train_03056.jpg,dry,train
C:\DATN\skin-ai-project\ai\data\processed\skin_type\train\dry\dry_train_03057.jpg,dry,train
C:\DATN\skin-ai-project\ai\data\processed\skin_type\train\normal\normal_train_03058.jpg,normal,train
C:\DATN\skin-ai-project\ai\data\processed\skin_type\train\normal\normal_train_03059.jpg,normal,train
C:\DATN\skin-ai-project\ai\data\processed\skin_type\train\normal\normal_train_03060.jpg,normal,train
C:\DATN\skin-ai-project\ai\data\processed\skin_type\train\normal\normal_train_03061.jpg,normal,train
C:\DATN\skin-ai-project\ai\data\processed\skin_type\train\normal\normal_train_03062.jpg,normal,train
C:\DATN\skin-ai-project\ai\data\processed\skin_type\train\normal\normal_train_03063.jpg,normal,train
C:\DATN\skin-ai-project\ai\data\processed\skin_type\train\normal\normal_train_03064.jpg,normal,train
C:\DATN\skin-ai-project\ai\data\processed\skin_type\train\oily\oily_train_03065.jpg,oily,train
C:\DATN\skin-ai-project\ai\data\processed\skin_type\train\dry\dry_train_03066.jpg,dry,train
C:\DATN\skin-ai-project\ai\data\processed\skin_type\train\normal\normal_train_03067.jpg,normal,train
C:\DATN\skin-ai-project\ai\data\processed\skin_type\train\normal\normal_train_03068.jpg,normal,train
C:\DATN\skin-ai-project\ai\data\processed\skin_type\train\normal\normal_train_03069.jpg,normal,train
C:\DATN\skin-ai-project\ai\data\processed\skin_type\train\normal\normal_train_03070.jpg,normal,train
C:\DATN\skin-ai-project\ai\data\processed\skin_type\train\dry\dry_train_03071.jpg,dry,train
C:\DATN\skin-ai-project\ai\data\processed\skin_type\train\normal\normal_train_03072.jpg,normal,train
C:\DATN\skin-ai-project\ai\data\processed\skin_type\train\dry\dry_train_03073.jpg,dry,train
C:\DATN\skin-ai-project\ai\data\processed\skin_type\train\dry\dry_train_03074.jpg,dry,train
C:\DATN\skin-ai-project\ai\data\processed\skin_type\train\normal\normal_train_03075.jpg,normal,train
C:\DATN\skin-ai-project\ai\data\processed\skin_type\train\normal\normal_train_03076.jpg,normal,train
C:\DATN\skin-ai-project\ai\data\processed\skin_type\train\normal\normal_train_03077.jpg,normal,train
C:\DATN\skin-ai-project\ai\data\processed\skin_type\train\oily\oily_train_03078.jpg,oily,train
C:\DATN\skin-ai-project\ai\data\processed\skin_type\train\normal\normal_train_03079.jpg,normal,train
C:\DATN\skin-ai-project\ai\data\processed\skin_type\train\dry\dry_train_03080.jpg,dry,train
C:\DATN\skin-ai-project\ai\data\processed\skin_type\train\normal\normal_train_03081.jpg,normal,train
C:\DATN\skin-ai-project\ai\data\processed\skin_type\train\normal\normal_train_03082.jpg,normal,train
C:\DATN\skin-ai-project\ai\data\processed\skin_type\train\normal\normal_train_03083.jpg,normal,train
C:\DATN\skin-ai-project\ai\data\processed\skin_type\train\normal\normal_train_03084.jpg,normal,train
C:\DATN\skin-ai-project\ai\data\processed\skin_type\train\normal\normal_train_03085.jpg,normal,train
C:\DATN\skin-ai-project\ai\data\processed\skin_type\train\normal\normal_train_03086.jpg,normal,train
C:\DATN\skin-ai-project\ai\data\processed\skin_type\train\normal\normal_train_03087.jpg,normal,train
C:\DATN\skin-ai-project\ai\data\processed\skin_type\train\dry\dry_train_03088.jpg,dry,train
C:\DATN\skin-ai-project\ai\data\processed\skin_type\train\dry\dry_train_03089.jpg,dry,train
C:\DATN\skin-ai-project\ai\data\processed\skin_type\train\oily\oily_train_03090.jpg,oily,train
C:\DATN\skin-ai-project\ai\data\processed\skin_type\train\normal\normal_train_03091.jpg,normal,train
C:\DATN\skin-ai-project\ai\data\processed\skin_type\train\oily\oily_train_03092.jpg,oily,train
C:\DATN\skin-ai-project\ai\data\processed\skin_type\train\normal\normal_train_03093.jpg,normal,train
C:\DATN\skin-ai-project\ai\data\processed\skin_type\train\dry\dry_train_03094.jpg,dry,train
C:\DATN\skin-ai-project\ai\data\processed\skin_type\train\normal\normal_train_03095.jpg,normal,train
C:\DATN\skin-ai-project\ai\data\processed\skin_type\train\normal\normal_train_03096.jpg,normal,train
C:\DATN\skin-ai-project\ai\data\processed\skin_type\train\normal\normal_train_03097.jpg,normal,train
C:\DATN\skin-ai-project\ai\data\processed\skin_type\train\normal\normal_train_03098.jpg,normal,train
C:\DATN\skin-ai-project\ai\data\processed\skin_type\train\normal\normal_train_03099.jpg,normal,train
C:\DATN\skin-ai-project\ai\data\processed\skin_type\train\oily\oily_train_03100.jpg,oily,train
C:\DATN\skin-ai-project\ai\data\processed\skin_type\train\normal\normal_train_03101.jpg,normal,train
C:\DATN\skin-ai-project\ai\data\processed\skin_type\train\oily\oily_train_03102.jpg,oily,train
C:\DATN\skin-ai-project\ai\data\processed\skin_type\train\oily\oily_train_03103.jpg,oily,train
C:\DATN\skin-ai-project\ai\data\processed\skin_type\train\dry\dry_train_03104.jpg,dry,train
C:\DATN\skin-ai-project\ai\data\processed\skin_type\train\normal\normal_train_03105.jpg,normal,train
C:\DATN\skin-ai-project\ai\data\processed\skin_type\train\normal\normal_train_03106.jpg,normal,train
C:\DATN\skin-ai-project\ai\data\processed\skin_type\train\dry\dry_train_03107.jpg,dry,train
C:\DATN\skin-ai-project\ai\data\processed\skin_type\train\normal\normal_train_03108.jpg,normal,train
C:\DATN\skin-ai-project\ai\data\processed\skin_type\train\normal\normal_train_03109.jpg,normal,train
C:\DATN\skin-ai-project\ai\data\processed\skin_type\train\normal\normal_train_03110.jpg,normal,train
C:\DATN\skin-ai-project\ai\data\processed\skin_type\train\normal\normal_train_03111.jpg,normal,train
C:\DATN\skin-ai-project\ai\data\processed\skin_type\train\normal\normal_train_03112.jpg,normal,train
C:\DATN\skin-ai-project\ai\data\processed\skin_type\train\normal\normal_train_03113.jpg,normal,train
C:\DATN\skin-ai-project\ai\data\processed\skin_type\train\normal\normal_train_03114.jpg,normal,train
C:\DATN\skin-ai-project\ai\data\processed\skin_type\train\normal\normal_train_03115.jpg,normal,train
C:\DATN\skin-ai-project\ai\data\processed\skin_type\train\normal\normal_train_03116.jpg,normal,train
C:\DATN\skin-ai-project\ai\data\processed\skin_type\train\dry\dry_train_03117.jpg,dry,train
C:\DATN\skin-ai-project\ai\data\processed\skin_type\train\normal\normal_train_03118.jpg,normal,train
C:\DATN\skin-ai-project\ai\data\processed\skin_type\train\normal\normal_train_03119.jpg,normal,train
C:\DATN\skin-ai-project\ai\data\processed\skin_type\train\dry\dry_train_03120.jpg,dry,train
C:\DATN\skin-ai-project\ai\data\processed\skin_type\train\normal\normal_train_03121.jpg,normal,train
C:\DATN\skin-ai-project\ai\data\processed\skin_type\train\dry\dry_train_03122.jpg,dry,train
C:\DATN\skin-ai-project\ai\data\processed\skin_type\train\normal\normal_train_03123.jpg,normal,train
C:\DATN\skin-ai-project\ai\data\processed\skin_type\train\normal\normal_train_03124.jpg,normal,train
C:\DATN\skin-ai-project\ai\data\processed\skin_type\train\normal\normal_train_03125.jpg,normal,train
C:\DATN\skin-ai-project\ai\data\processed\skin_type\train\normal\normal_train_03126.jpg,normal,train
C:\DATN\skin-ai-project\ai\data\processed\skin_type\train\normal\normal_train_03127.jpg,normal,train
C:\DATN\skin-ai-project\ai\data\processed\skin_type\train\normal\normal_train_03128.jpg,normal,train
C:\DATN\skin-ai-project\ai\data\processed\skin_type\train\oily\oily_train_03129.jpg,oily,train
C:\DATN\skin-ai-project\ai\data\processed\skin_type\train\normal\normal_train_03130.jpg,normal,train
C:\DATN\skin-ai-project\ai\data\processed\skin_type\train\normal\normal_train_03131.jpg,normal,train
C:\DATN\skin-ai-project\ai\data\processed\skin_type\train\normal\normal_train_03132.jpg,normal,train
C:\DATN\skin-ai-project\ai\data\processed\skin_type\train\normal\normal_train_03133.jpg,normal,train
C:\DATN\skin-ai-project\ai\data\processed\skin_type\train\normal\normal_train_03134.jpg,normal,train
C:\DATN\skin-ai-project\ai\data\processed\skin_type\train\oily\oily_train_03135.jpg,oily,train
C:\DATN\skin-ai-project\ai\data\processed\skin_type\train\normal\normal_train_03136.jpg,normal,train
C:\DATN\skin-ai-project\ai\data\processed\skin_type\train\normal\normal_train_03137.jpg,normal,train
C:\DATN\skin-ai-project\ai\data\processed\skin_type\train\oily\oily_train_03138.jpg,oily,train
C:\DATN\skin-ai-project\ai\data\processed\skin_type\train\normal\normal_train_03139.jpg,normal,train
C:\DATN\skin-ai-project\ai\data\processed\skin_type\train\oily\oily_train_03140.jpg,oily,train
C:\DATN\skin-ai-project\ai\data\processed\skin_type\train\dry\dry_train_03141.jpg,dry,train
C:\DATN\skin-ai-project\ai\data\processed\skin_type\train\normal\normal_train_03142.jpg,normal,train
C:\DATN\skin-ai-project\ai\data\processed\skin_type\train\normal\normal_train_03143.jpg,normal,train
C:\DATN\skin-ai-project\ai\data\processed\skin_type\train\oily\oily_train_03144.jpg,oily,train
C:\DATN\skin-ai-project\ai\data\processed\skin_type\train\dry\dry_train_03145.jpg,dry,train
C:\DATN\skin-ai-project\ai\data\processed\skin_type\train\normal\normal_train_03146.jpg,normal,train
C:\DATN\skin-ai-project\ai\data\processed\skin_type\train\normal\normal_train_03147.jpg,normal,train
C:\DATN\skin-ai-project\ai\data\processed\skin_type\train\normal\normal_train_03148.jpg,normal,train
C:\DATN\skin-ai-project\ai\data\processed\skin_type\train\normal\normal_train_03149.jpg,normal,train
C:\DATN\skin-ai-project\ai\data\processed\skin_type\train\normal\normal_train_03150.jpg,normal,train
C:\DATN\skin-ai-project\ai\data\processed\skin_type\train\normal\normal_train_03151.jpg,normal,train
C:\DATN\skin-ai-project\ai\data\processed\skin_type\train\normal\normal_train_03152.jpg,normal,train
C:\DATN\skin-ai-project\ai\data\processed\skin_type\train\oily\oily_train_03153.jpg,oily,train
C:\DATN\skin-ai-project\ai\data\processed\skin_type\train\normal\normal_train_03154.jpg,normal,train
C:\DATN\skin-ai-project\ai\data\processed\skin_type\train\normal\normal_train_03155.jpg,normal,train
C:\DATN\skin-ai-project\ai\data\processed\skin_type\train\dry\dry_train_03156.jpg,dry,train
C:\DATN\skin-ai-project\ai\data\processed\skin_type\train\normal\normal_train_03157.jpg,normal,train
C:\DATN\skin-ai-project\ai\data\processed\skin_type\train\normal\normal_train_03158.jpg,normal,train
C:\DATN\skin-ai-project\ai\data\processed\skin_type\train\normal\normal_train_03159.jpg,normal,train
C:\DATN\skin-ai-project\ai\data\processed\skin_type\train\dry\dry_train_03160.jpg,dry,train
C:\DATN\skin-ai-project\ai\data\processed\skin_type\train\normal\normal_train_03161.jpg,normal,train
C:\DATN\skin-ai-project\ai\data\processed\skin_type\train\normal\normal_train_03162.jpg,normal,train
C:\DATN\skin-ai-project\ai\data\processed\skin_type\train\normal\normal_train_03163.jpg,normal,train
C:\DATN\skin-ai-project\ai\data\processed\skin_type\train\normal\normal_train_03164.jpg,normal,train
C:\DATN\skin-ai-project\ai\data\processed\skin_type\train\normal\normal_train_03165.jpg,normal,train
C:\DATN\skin-ai-project\ai\data\processed\skin_type\train\normal\normal_train_03166.jpg,normal,train
C:\DATN\skin-ai-project\ai\data\processed\skin_type\train\normal\normal_train_03167.jpg,normal,train
C:\DATN\skin-ai-project\ai\data\processed\skin_type\train\oily\oily_train_03168.jpg,oily,train
C:\DATN\skin-ai-project\ai\data\processed\skin_type\train\normal\normal_train_03169.jpg,normal,train
C:\DATN\skin-ai-project\ai\data\processed\skin_type\train\normal\normal_train_03170.jpg,normal,train
C:\DATN\skin-ai-project\ai\data\processed\skin_type\train\normal\normal_train_03171.jpg,normal,train
C:\DATN\skin-ai-project\ai\data\processed\skin_type\train\oily\oily_train_03172.jpg,oily,train
C:\DATN\skin-ai-project\ai\data\processed\skin_type\train\oily\oily_train_03173.jpg,oily,train
C:\DATN\skin-ai-project\ai\data\processed\skin_type\train\oily\oily_train_03174.jpg,oily,train
C:\DATN\skin-ai-project\ai\data\processed\skin_type\train\normal\normal_train_03175.jpg,normal,train
C:\DATN\skin-ai-project\ai\data\processed\skin_type\train\normal\normal_train_03176.jpg,normal,train
C:\DATN\skin-ai-project\ai\data\processed\skin_type\train\oily\oily_train_03177.jpg,oily,train
C:\DATN\skin-ai-project\ai\data\processed\skin_type\train\normal\normal_train_03178.jpg,normal,train
C:\DATN\skin-ai-project\ai\data\processed\skin_type\train\dry\dry_train_03179.jpg,dry,train
C:\DATN\skin-ai-project\ai\data\processed\skin_type\train\normal\normal_train_03180.jpg,normal,train
C:\DATN\skin-ai-project\ai\data\processed\skin_type\train\normal\normal_train_03181.jpg,normal,train
C:\DATN\skin-ai-project\ai\data\processed\skin_type\train\normal\normal_train_03182.jpg,normal,train
C:\DATN\skin-ai-project\ai\data\processed\skin_type\train\normal\normal_train_03183.jpg,normal,train
C:\DATN\skin-ai-project\ai\data\processed\skin_type\train\dry\dry_train_03184.jpg,dry,train
C:\DATN\skin-ai-project\ai\data\processed\skin_type\train\normal\normal_train_03185.jpg,normal,train
C:\DATN\skin-ai-project\ai\data\processed\skin_type\train\normal\normal_train_03186.jpg,normal,train
C:\DATN\skin-ai-project\ai\data\processed\skin_type\train\oily\oily_train_03187.jpg,oily,train
C:\DATN\skin-ai-project\ai\data\processed\skin_type\train\normal\normal_train_03188.jpg,normal,train
C:\DATN\skin-ai-project\ai\data\processed\skin_type\train\oily\oily_train_03189.jpg,oily,train
C:\DATN\skin-ai-project\ai\data\processed\skin_type\train\normal\normal_train_03190.jpg,normal,train
C:\DATN\skin-ai-project\ai\data\processed\skin_type\train\normal\normal_train_03191.jpg,normal,train
C:\DATN\skin-ai-project\ai\data\processed\skin_type\train\dry\dry_train_03192.jpg,dry,train
C:\DATN\skin-ai-project\ai\data\processed\skin_type\train\dry\dry_train_03193.jpg,dry,train
C:\DATN\skin-ai-project\ai\data\processed\skin_type\train\normal\normal_train_03194.jpg,normal,train
C:\DATN\skin-ai-project\ai\data\processed\skin_type\train\normal\normal_train_03195.jpg,normal,train
C:\DATN\skin-ai-project\ai\data\processed\skin_type\train\normal\normal_train_03196.jpg,normal,train
C:\DATN\skin-ai-project\ai\data\processed\skin_type\train\normal\normal_train_03197.jpg,normal,train
C:\DATN\skin-ai-project\ai\data\processed\skin_type\train\dry\dry_train_03198.jpg,dry,train
C:\DATN\skin-ai-project\ai\data\processed\skin_type\train\normal\normal_train_03199.jpg,normal,train
C:\DATN\skin-ai-project\ai\data\processed\skin_type\train\oily\oily_train_03200.jpg,oily,train
C:\DATN\skin-ai-project\ai\data\processed\skin_type\train\normal\normal_train_03201.jpg,normal,train
C:\DATN\skin-ai-project\ai\data\processed\skin_type\train\normal\normal_train_03202.jpg,normal,train
C:\DATN\skin-ai-project\ai\data\processed\skin_type\train\normal\normal_train_03203.jpg,normal,train
C:\DATN\skin-ai-project\ai\data\processed\skin_type\train\oily\oily_train_03204.jpg,oily,train
C:\DATN\skin-ai-project\ai\data\processed\skin_type\train\dry\dry_train_03205.jpg,dry,train
C:\DATN\skin-ai-project\ai\data\processed\skin_type\train\normal\normal_train_03206.jpg,normal,train
C:\DATN\skin-ai-project\ai\data\processed\skin_type\train\normal\normal_train_03207.jpg,normal,train
C:\DATN\skin-ai-project\ai\data\processed\skin_type\train\dry\dry_train_03208.jpg,dry,train
C:\DATN\skin-ai-project\ai\data\processed\skin_type\train\normal\normal_train_03209.jpg,normal,train
C:\DATN\skin-ai-project\ai\data\processed\skin_type\train\normal\normal_train_03210.jpg,normal,train
C:\DATN\skin-ai-project\ai\data\processed\skin_type\train\normal\normal_train_03211.jpg,normal,train
C:\DATN\skin-ai-project\ai\data\processed\skin_type\train\normal\normal_train_03212.jpg,normal,train
C:\DATN\skin-ai-project\ai\data\processed\skin_type\train\normal\normal_train_03213.jpg,normal,train
C:\DATN\skin-ai-project\ai\data\processed\skin_type\train\normal\normal_train_03214.jpg,normal,train
C:\DATN\skin-ai-project\ai\data\processed\skin_type\train\normal\normal_train_03215.jpg,normal,train
C:\DATN\skin-ai-project\ai\data\processed\skin_type\train\oily\oily_train_03216.jpg,oily,train
C:\DATN\skin-ai-project\ai\data\processed\skin_type\train\oily\oily_train_03217.jpg,oily,train
C:\DATN\skin-ai-project\ai\data\processed\skin_type\train\normal\normal_train_03218.jpg,normal,train
C:\DATN\skin-ai-project\ai\data\processed\skin_type\train\normal\normal_train_03219.jpg,normal,train
C:\DATN\skin-ai-project\ai\data\processed\skin_type\train\normal\normal_train_03220.jpg,normal,train
C:\DATN\skin-ai-project\ai\data\processed\skin_type\train\normal\normal_train_03221.jpg,normal,train
C:\DATN\skin-ai-project\ai\data\processed\skin_type\train\normal\normal_train_03222.jpg,normal,train
C:\DATN\skin-ai-project\ai\data\processed\skin_type\train\normal\normal_train_03223.jpg,normal,train
C:\DATN\skin-ai-project\ai\data\processed\skin_type\train\oily\oily_train_03224.jpg,oily,train
C:\DATN\skin-ai-project\ai\data\processed\skin_type\train\oily\oily_train_03225.jpg,oily,train
C:\DATN\skin-ai-project\ai\data\processed\skin_type\train\normal\normal_train_03226.jpg,normal,train
C:\DATN\skin-ai-project\ai\data\processed\skin_type\train\normal\normal_train_03227.jpg,normal,train
C:\DATN\skin-ai-project\ai\data\processed\skin_type\train\normal\normal_train_03228.jpg,normal,train
C:\DATN\skin-ai-project\ai\data\processed\skin_type\train\normal\normal_train_03229.jpg,normal,train
C:\DATN\skin-ai-project\ai\data\processed\skin_type\train\dry\dry_train_03230.jpg,dry,train
C:\DATN\skin-ai-project\ai\data\processed\skin_type\train\dry\dry_train_03231.jpg,dry,train
C:\DATN\skin-ai-project\ai\data\processed\skin_type\train\normal\normal_train_03232.jpg,normal,train
C:\DATN\skin-ai-project\ai\data\processed\skin_type\train\oily\oily_train_03233.jpg,oily,train
C:\DATN\skin-ai-project\ai\data\processed\skin_type\train\normal\normal_train_03234.jpg,normal,train
C:\DATN\skin-ai-project\ai\data\processed\skin_type\train\oily\oily_train_03235.jpg,oily,train
C:\DATN\skin-ai-project\ai\data\processed\skin_type\train\dry\dry_train_03236.jpg,dry,train
C:\DATN\skin-ai-project\ai\data\processed\skin_type\train\oily\oily_train_03237.jpg,oily,train
C:\DATN\skin-ai-project\ai\data\processed\skin_type\train\oily\oily_train_03238.jpg,oily,train
C:\DATN\skin-ai-project\ai\data\processed\skin_type\train\normal\normal_train_03239.jpg,normal,train
C:\DATN\skin-ai-project\ai\data\processed\skin_type\train\dry\dry_train_03240.jpg,dry,train
C:\DATN\skin-ai-project\ai\data\processed\skin_type\train\normal\normal_train_03241.jpg,normal,train
C:\DATN\skin-ai-project\ai\data\processed\skin_type\train\oily\oily_train_03242.jpg,oily,train
C:\DATN\skin-ai-project\ai\data\processed\skin_type\train\oily\oily_train_03243.jpg,oily,train
C:\DATN\skin-ai-project\ai\data\processed\skin_type\train\normal\normal_train_03244.jpg,normal,train
C:\DATN\skin-ai-project\ai\data\processed\skin_type\train\oily\oily_train_03245.jpg,oily,train
C:\DATN\skin-ai-project\ai\data\processed\skin_type\train\normal\normal_train_03246.jpg,normal,train
C:\DATN\skin-ai-project\ai\data\processed\skin_type\train\normal\normal_train_03247.jpg,normal,train
C:\DATN\skin-ai-project\ai\data\processed\skin_type\train\dry\dry_train_03248.jpg,dry,train
C:\DATN\skin-ai-project\ai\data\processed\skin_type\train\normal\normal_train_03249.jpg,normal,train
C:\DATN\skin-ai-project\ai\data\processed\skin_type\train\normal\normal_train_03250.jpg,normal,train
C:\DATN\skin-ai-project\ai\data\processed\skin_type\train\normal\normal_train_03251.jpg,normal,train
C:\DATN\skin-ai-project\ai\data\processed\skin_type\train\dry\dry_train_03252.jpg,dry,train
C:\DATN\skin-ai-project\ai\data\processed\skin_type\train\normal\normal_train_03253.jpg,normal,train
C:\DATN\skin-ai-project\ai\data\processed\skin_type\train\oily\oily_train_03254.jpg,oily,train
C:\DATN\skin-ai-project\ai\data\processed\skin_type\train\normal\normal_train_03255.jpg,normal,train
C:\DATN\skin-ai-project\ai\data\processed\skin_type\train\normal\normal_train_03256.jpg,normal,train
C:\DATN\skin-ai-project\ai\data\processed\skin_type\train\normal\normal_train_03257.jpg,normal,train
C:\DATN\skin-ai-project\ai\data\processed\skin_type\train\oily\oily_train_03258.jpg,oily,train
C:\DATN\skin-ai-project\ai\data\processed\skin_type\train\normal\normal_train_03259.jpg,normal,train
C:\DATN\skin-ai-project\ai\data\processed\skin_type\train\oily\oily_train_03260.jpg,oily,train
C:\DATN\skin-ai-project\ai\data\processed\skin_type\train\dry\dry_train_03261.jpg,dry,train
C:\DATN\skin-ai-project\ai\data\processed\skin_type\train\normal\normal_train_03262.jpg,normal,train
C:\DATN\skin-ai-project\ai\data\processed\skin_type\train\normal\normal_train_03263.jpg,normal,train
C:\DATN\skin-ai-project\ai\data\processed\skin_type\train\oily\oily_train_03264.jpg,oily,train
C:\DATN\skin-ai-project\ai\data\processed\skin_type\train\normal\normal_train_03265.jpg,normal,train
C:\DATN\skin-ai-project\ai\data\processed\skin_type\train\normal\normal_train_03266.jpg,normal,train
C:\DATN\skin-ai-project\ai\data\processed\skin_type\train\dry\dry_train_03267.jpg,dry,train
C:\DATN\skin-ai-project\ai\data\processed\skin_type\train\oily\oily_train_03268.jpg,oily,train
C:\DATN\skin-ai-project\ai\data\processed\skin_type\train\normal\normal_train_03269.jpg,normal,train
C:\DATN\skin-ai-project\ai\data\processed\skin_type\train\normal\normal_train_03270.jpg,normal,train
C:\DATN\skin-ai-project\ai\data\processed\skin_type\train\normal\normal_train_03271.jpg,normal,train
C:\DATN\skin-ai-project\ai\data\processed\skin_type\train\oily\oily_train_03272.jpg,oily,train
C:\DATN\skin-ai-project\ai\data\processed\skin_type\train\normal\normal_train_03273.jpg,normal,train
C:\DATN\skin-ai-project\ai\data\processed\skin_type\train\normal\normal_train_03274.jpg,normal,train
C:\DATN\skin-ai-project\ai\data\processed\skin_type\train\normal\normal_train_03275.jpg,normal,train
C:\DATN\skin-ai-project\ai\data\processed\skin_type\train\oily\oily_train_03276.jpg,oily,train
C:\DATN\skin-ai-project\ai\data\processed\skin_type\train\normal\normal_train_03277.jpg,normal,train
C:\DATN\skin-ai-project\ai\data\processed\skin_type\train\dry\dry_train_03278.jpg,dry,train
C:\DATN\skin-ai-project\ai\data\processed\skin_type\train\oily\oily_train_03279.jpg,oily,train
C:\DATN\skin-ai-project\ai\data\processed\skin_type\train\normal\normal_train_03280.jpg,normal,train
C:\DATN\skin-ai-project\ai\data\processed\skin_type\train\normal\normal_train_03281.jpg,normal,train
C:\DATN\skin-ai-project\ai\data\processed\skin_type\train\normal\normal_train_03282.jpg,normal,train
C:\DATN\skin-ai-project\ai\data\processed\skin_type\train\oily\oily_train_03283.jpg,oily,train
C:\DATN\skin-ai-project\ai\data\processed\skin_type\train\dry\dry_train_03284.jpg,dry,train
C:\DATN\skin-ai-project\ai\data\processed\skin_type\train\dry\dry_train_03285.jpg,dry,train
C:\DATN\skin-ai-project\ai\data\processed\skin_type\train\oily\oily_train_03286.jpg,oily,train
C:\DATN\skin-ai-project\ai\data\processed\skin_type\train\normal\normal_train_03287.jpg,normal,train
C:\DATN\skin-ai-project\ai\data\processed\skin_type\train\oily\oily_train_03288.jpg,oily,train
C:\DATN\skin-ai-project\ai\data\processed\skin_type\train\oily\oily_train_03289.jpg,oily,train
C:\DATN\skin-ai-project\ai\data\processed\skin_type\train\oily\oily_train_03290.jpg,oily,train
C:\DATN\skin-ai-project\ai\data\processed\skin_type\train\normal\normal_train_03291.jpg,normal,train
C:\DATN\skin-ai-project\ai\data\processed\skin_type\train\oily\oily_train_03292.jpg,oily,train
C:\DATN\skin-ai-project\ai\data\processed\skin_type\train\normal\normal_train_03293.jpg,normal,train
C:\DATN\skin-ai-project\ai\data\processed\skin_type\train\dry\dry_train_03294.jpg,dry,train
C:\DATN\skin-ai-project\ai\data\processed\skin_type\train\normal\normal_train_03295.jpg,normal,train
C:\DATN\skin-ai-project\ai\data\processed\skin_type\train\normal\normal_train_03296.jpg,normal,train
C:\DATN\skin-ai-project\ai\data\processed\skin_type\train\oily\oily_train_03297.jpg,oily,train
C:\DATN\skin-ai-project\ai\data\processed\skin_type\train\normal\normal_train_03298.jpg,normal,train
C:\DATN\skin-ai-project\ai\data\processed\skin_type\train\dry\dry_train_03299.jpg,dry,train
C:\DATN\skin-ai-project\ai\data\processed\skin_type\train\dry\dry_train_03300.jpg,dry,train
C:\DATN\skin-ai-project\ai\data\processed\skin_type\train\normal\normal_train_03301.jpg,normal,train
C:\DATN\skin-ai-project\ai\data\processed\skin_type\train\normal\normal_train_03302.jpg,normal,train
C:\DATN\skin-ai-project\ai\data\processed\skin_type\train\dry\dry_train_03303.jpg,dry,train
C:\DATN\skin-ai-project\ai\data\processed\skin_type\train\normal\normal_train_03304.jpg,normal,train
C:\DATN\skin-ai-project\ai\data\processed\skin_type\train\dry\dry_train_03305.jpg,dry,train
C:\DATN\skin-ai-project\ai\data\processed\skin_type\train\normal\normal_train_03306.jpg,normal,train
C:\DATN\skin-ai-project\ai\data\processed\skin_type\train\normal\normal_train_03307.jpg,normal,train
C:\DATN\skin-ai-project\ai\data\processed\skin_type\train\normal\normal_train_03308.jpg,normal,train
C:\DATN\skin-ai-project\ai\data\processed\skin_type\train\normal\normal_train_03309.jpg,normal,train
C:\DATN\skin-ai-project\ai\data\processed\skin_type\train\normal\normal_train_03310.jpg,normal,train
C:\DATN\skin-ai-project\ai\data\processed\skin_type\train\oily\oily_train_03311.jpg,oily,train
C:\DATN\skin-ai-project\ai\data\processed\skin_type\train\dry\dry_train_03312.jpg,dry,train
C:\DATN\skin-ai-project\ai\data\processed\skin_type\train\dry\dry_train_03313.jpg,dry,train
C:\DATN\skin-ai-project\ai\data\processed\skin_type\train\normal\normal_train_03314.jpg,normal,train
C:\DATN\skin-ai-project\ai\data\processed\skin_type\train\normal\normal_train_03315.jpg,normal,train
C:\DATN\skin-ai-project\ai\data\processed\skin_type\train\normal\normal_train_03316.jpg,normal,train
C:\DATN\skin-ai-project\ai\data\processed\skin_type\train\normal\normal_train_03317.jpg,normal,train
C:\DATN\skin-ai-project\ai\data\processed\skin_type\train\normal\normal_train_03318.jpg,normal,train
C:\DATN\skin-ai-project\ai\data\processed\skin_type\train\normal\normal_train_03319.jpg,normal,train
C:\DATN\skin-ai-project\ai\data\processed\skin_type\train\normal\normal_train_03320.jpg,normal,train
C:\DATN\skin-ai-project\ai\data\processed\skin_type\train\oily\oily_train_03321.jpg,oily,train
C:\DATN\skin-ai-project\ai\data\processed\skin_type\train\normal\normal_train_03322.jpg,normal,train
C:\DATN\skin-ai-project\ai\data\processed\skin_type\train\oily\oily_train_03323.jpg,oily,train
C:\DATN\skin-ai-project\ai\data\processed\skin_type\train\normal\normal_train_03324.jpg,normal,train
C:\DATN\skin-ai-project\ai\data\processed\skin_type\train\normal\normal_train_03325.jpg,normal,train
C:\DATN\skin-ai-project\ai\data\processed\skin_type\train\oily\oily_train_03326.jpg,oily,train
C:\DATN\skin-ai-project\ai\data\processed\skin_type\train\dry\dry_train_03327.jpg,dry,train
C:\DATN\skin-ai-project\ai\data\processed\skin_type\train\oily\oily_train_03328.jpg,oily,train
C:\DATN\skin-ai-project\ai\data\processed\skin_type\train\normal\normal_train_03329.jpg,normal,train
C:\DATN\skin-ai-project\ai\data\processed\skin_type\train\normal\normal_train_03330.jpg,normal,train
C:\DATN\skin-ai-project\ai\data\processed\skin_type\train\normal\normal_train_03331.jpg,normal,train
C:\DATN\skin-ai-project\ai\data\processed\skin_type\train\normal\normal_train_03332.jpg,normal,train
C:\DATN\skin-ai-project\ai\data\processed\skin_type\train\normal\normal_train_03333.jpg,normal,train
C:\DATN\skin-ai-project\ai\data\processed\skin_type\train\normal\normal_train_03334.jpg,normal,train
C:\DATN\skin-ai-project\ai\data\processed\skin_type\train\oily\oily_train_03335.jpg,oily,train
C:\DATN\skin-ai-project\ai\data\processed\skin_type\train\normal\normal_train_03336.jpg,normal,train
C:\DATN\skin-ai-project\ai\data\processed\skin_type\train\normal\normal_train_03337.jpg,normal,train
C:\DATN\skin-ai-project\ai\data\processed\skin_type\train\normal\normal_train_03338.jpg,normal,train
C:\DATN\skin-ai-project\ai\data\processed\skin_type\train\oily\oily_train_03339.jpg,oily,train
C:\DATN\skin-ai-project\ai\data\processed\skin_type\train\normal\normal_train_03340.jpg,normal,train
C:\DATN\skin-ai-project\ai\data\processed\skin_type\train\dry\dry_train_03341.jpg,dry,train
C:\DATN\skin-ai-project\ai\data\processed\skin_type\train\oily\oily_train_03342.jpg,oily,train
C:\DATN\skin-ai-project\ai\data\processed\skin_type\train\normal\normal_train_03343.jpg,normal,train
C:\DATN\skin-ai-project\ai\data\processed\skin_type\train\oily\oily_train_03344.jpg,oily,train
C:\DATN\skin-ai-project\ai\data\processed\skin_type\train\normal\normal_train_03345.jpg,normal,train
C:\DATN\skin-ai-project\ai\data\processed\skin_type\train\normal\normal_train_03346.jpg,normal,train
C:\DATN\skin-ai-project\ai\data\processed\skin_type\train\dry\dry_train_03347.jpg,dry,train
C:\DATN\skin-ai-project\ai\data\processed\skin_type\train\normal\normal_train_03348.jpg,normal,train
C:\DATN\skin-ai-project\ai\data\processed\skin_type\train\normal\normal_train_03349.jpg,normal,train
C:\DATN\skin-ai-project\ai\data\processed\skin_type\train\dry\dry_train_03350.jpg,dry,train
C:\DATN\skin-ai-project\ai\data\processed\skin_type\train\normal\normal_train_03351.jpg,normal,train
C:\DATN\skin-ai-project\ai\data\processed\skin_type\train\normal\normal_train_03352.jpg,normal,train
C:\DATN\skin-ai-project\ai\data\processed\skin_type\train\normal\normal_train_03353.jpg,normal,train
C:\DATN\skin-ai-project\ai\data\processed\skin_type\train\oily\oily_train_03354.jpg,oily,train
C:\DATN\skin-ai-project\ai\data\processed\skin_type\train\oily\oily_train_03355.jpg,oily,train
C:\DATN\skin-ai-project\ai\data\processed\skin_type\train\normal\normal_train_03356.jpg,normal,train
C:\DATN\skin-ai-project\ai\data\processed\skin_type\train\dry\dry_train_03357.jpg,dry,train
C:\DATN\skin-ai-project\ai\data\processed\skin_type\train\normal\normal_train_03358.jpg,normal,train
C:\DATN\skin-ai-project\ai\data\processed\skin_type\train\dry\dry_train_03359.jpg,dry,train
C:\DATN\skin-ai-project\ai\data\processed\skin_type\train\dry\dry_train_03360.jpg,dry,train
C:\DATN\skin-ai-project\ai\data\processed\skin_type\train\normal\normal_train_03361.jpg,normal,train
C:\DATN\skin-ai-project\ai\data\processed\skin_type\train\normal\normal_train_03362.jpg,normal,train
C:\DATN\skin-ai-project\ai\data\processed\skin_type\train\normal\normal_train_03363.jpg,normal,train
C:\DATN\skin-ai-project\ai\data\processed\skin_type\train\dry\dry_train_03364.jpg,dry,train
C:\DATN\skin-ai-project\ai\data\processed\skin_type\train\normal\normal_train_03365.jpg,normal,train
C:\DATN\skin-ai-project\ai\data\processed\skin_type\train\normal\normal_train_03366.jpg,normal,train
C:\DATN\skin-ai-project\ai\data\processed\skin_type\train\oily\oily_train_03367.jpg,oily,train
C:\DATN\skin-ai-project\ai\data\processed\skin_type\train\normal\normal_train_03368.jpg,normal,train
C:\DATN\skin-ai-project\ai\data\processed\skin_type\train\oily\oily_train_03369.jpg,oily,train
C:\DATN\skin-ai-project\ai\data\processed\skin_type\train\normal\normal_train_03370.jpg,normal,train
C:\DATN\skin-ai-project\ai\data\processed\skin_type\train\oily\oily_train_03371.jpg,oily,train
C:\DATN\skin-ai-project\ai\data\processed\skin_type\train\normal\normal_train_03372.jpg,normal,train
C:\DATN\skin-ai-project\ai\data\processed\skin_type\train\normal\normal_train_03373.jpg,normal,train
C:\DATN\skin-ai-project\ai\data\processed\skin_type\train\normal\normal_train_03374.jpg,normal,train
C:\DATN\skin-ai-project\ai\data\processed\skin_type\train\normal\normal_train_03375.jpg,normal,train
C:\DATN\skin-ai-project\ai\data\processed\skin_type\train\oily\oily_train_03376.jpg,oily,train
C:\DATN\skin-ai-project\ai\data\processed\skin_type\train\dry\dry_train_03377.jpg,dry,train
C:\DATN\skin-ai-project\ai\data\processed\skin_type\train\dry\dry_train_03378.jpg,dry,train
C:\DATN\skin-ai-project\ai\data\processed\skin_type\train\normal\normal_train_03379.jpg,normal,train
C:\DATN\skin-ai-project\ai\data\processed\skin_type\train\normal\normal_train_03380.jpg,normal,train
C:\DATN\skin-ai-project\ai\data\processed\skin_type\train\dry\dry_train_03381.jpg,dry,train
C:\DATN\skin-ai-project\ai\data\processed\skin_type\train\normal\normal_train_03382.jpg,normal,train
C:\DATN\skin-ai-project\ai\data\processed\skin_type\train\normal\normal_train_03383.jpg,normal,train
C:\DATN\skin-ai-project\ai\data\processed\skin_type\train\normal\normal_train_03384.jpg,normal,train
C:\DATN\skin-ai-project\ai\data\processed\skin_type\train\normal\normal_train_03385.jpg,normal,train
C:\DATN\skin-ai-project\ai\data\processed\skin_type\train\oily\oily_train_03386.jpg,oily,train
C:\DATN\skin-ai-project\ai\data\processed\skin_type\train\normal\normal_train_03387.jpg,normal,train
C:\DATN\skin-ai-project\ai\data\processed\skin_type\train\normal\normal_train_03388.jpg,normal,train
C:\DATN\skin-ai-project\ai\data\processed\skin_type\train\normal\normal_train_03389.jpg,normal,train
C:\DATN\skin-ai-project\ai\data\processed\skin_type\train\normal\normal_train_03390.jpg,normal,train
C:\DATN\skin-ai-project\ai\data\processed\skin_type\train\oily\oily_train_03391.jpg,oily,train
C:\DATN\skin-ai-project\ai\data\processed\skin_type\train\oily\oily_train_03392.jpg,oily,train
C:\DATN\skin-ai-project\ai\data\processed\skin_type\train\normal\normal_train_03393.jpg,normal,train
C:\DATN\skin-ai-project\ai\data\processed\skin_type\train\normal\normal_train_03394.jpg,normal,train
C:\DATN\skin-ai-project\ai\data\processed\skin_type\train\dry\dry_train_03395.jpg,dry,train
C:\DATN\skin-ai-project\ai\data\processed\skin_type\train\normal\normal_train_03396.jpg,normal,train
C:\DATN\skin-ai-project\ai\data\processed\skin_type\train\normal\normal_train_03397.jpg,normal,train
C:\DATN\skin-ai-project\ai\data\processed\skin_type\train\normal\normal_train_03398.jpg,normal,train
C:\DATN\skin-ai-project\ai\data\processed\skin_type\train\normal\normal_train_03399.jpg,normal,train
C:\DATN\skin-ai-project\ai\data\processed\skin_type\train\oily\oily_train_03400.jpg,oily,train
C:\DATN\skin-ai-project\ai\data\processed\skin_type\train\dry\dry_train_03401.jpg,dry,train
C:\DATN\skin-ai-project\ai\data\processed\skin_type\train\normal\normal_train_03402.jpg,normal,train
C:\DATN\skin-ai-project\ai\data\processed\skin_type\train\normal\normal_train_03403.jpg,normal,train
C:\DATN\skin-ai-project\ai\data\processed\skin_type\train\dry\dry_train_03404.jpg,dry,train
C:\DATN\skin-ai-project\ai\data\processed\skin_type\train\normal\normal_train_03405.jpg,normal,train
C:\DATN\skin-ai-project\ai\data\processed\skin_type\train\oily\oily_train_03406.jpg,oily,train
C:\DATN\skin-ai-project\ai\data\processed\skin_type\train\normal\normal_train_03407.jpg,normal,train
C:\DATN\skin-ai-project\ai\data\processed\skin_type\train\oily\oily_train_03408.jpg,oily,train
C:\DATN\skin-ai-project\ai\data\processed\skin_type\train\normal\normal_train_03409.jpg,normal,train
C:\DATN\skin-ai-project\ai\data\processed\skin_type\train\normal\normal_train_03410.jpg,normal,train
C:\DATN\skin-ai-project\ai\data\processed\skin_type\train\normal\normal_train_03411.jpg,normal,train
C:\DATN\skin-ai-project\ai\data\processed\skin_type\train\oily\oily_train_03412.jpg,oily,train
C:\DATN\skin-ai-project\ai\data\processed\skin_type\train\oily\oily_train_03413.jpg,oily,train
C:\DATN\skin-ai-project\ai\data\processed\skin_type\train\normal\normal_train_03414.jpg,normal,train
C:\DATN\skin-ai-project\ai\data\processed\skin_type\train\normal\normal_train_03415.jpg,normal,train
C:\DATN\skin-ai-project\ai\data\processed\skin_type\train\normal\normal_train_03416.jpg,normal,train
C:\DATN\skin-ai-project\ai\data\processed\skin_type\train\normal\normal_train_03417.jpg,normal,train
C:\DATN\skin-ai-project\ai\data\processed\skin_type\train\normal\normal_train_03418.jpg,normal,train
C:\DATN\skin-ai-project\ai\data\processed\skin_type\train\normal\normal_train_03419.jpg,normal,train
C:\DATN\skin-ai-project\ai\data\processed\skin_type\train\normal\normal_train_03420.jpg,normal,train
C:\DATN\skin-ai-project\ai\data\processed\skin_type\train\normal\normal_train_03421.jpg,normal,train
C:\DATN\skin-ai-project\ai\data\processed\skin_type\train\normal\normal_train_03422.jpg,normal,train
C:\DATN\skin-ai-project\ai\data\processed\skin_type\train\normal\normal_train_03423.jpg,normal,train
C:\DATN\skin-ai-project\ai\data\processed\skin_type\train\dry\dry_train_03424.jpg,dry,train
C:\DATN\skin-ai-project\ai\data\processed\skin_type\train\normal\normal_train_03425.jpg,normal,train
C:\DATN\skin-ai-project\ai\data\processed\skin_type\train\dry\dry_train_03426.jpg,dry,train
C:\DATN\skin-ai-project\ai\data\processed\skin_type\train\oily\oily_train_03427.jpg,oily,train
C:\DATN\skin-ai-project\ai\data\processed\skin_type\train\normal\normal_train_03428.jpg,normal,train
C:\DATN\skin-ai-project\ai\data\processed\skin_type\train\oily\oily_train_03429.jpg,oily,train
C:\DATN\skin-ai-project\ai\data\processed\skin_type\train\oily\oily_train_03430.jpg,oily,train
C:\DATN\skin-ai-project\ai\data\processed\skin_type\train\oily\oily_train_03431.jpg,oily,train
C:\DATN\skin-ai-project\ai\data\processed\skin_type\train\dry\dry_train_03432.jpg,dry,train
C:\DATN\skin-ai-project\ai\data\processed\skin_type\train\oily\oily_train_03433.jpg,oily,train
C:\DATN\skin-ai-project\ai\data\processed\skin_type\train\normal\normal_train_03434.jpg,normal,train
C:\DATN\skin-ai-project\ai\data\processed\skin_type\train\normal\normal_train_03435.jpg,normal,train
C:\DATN\skin-ai-project\ai\data\processed\skin_type\train\normal\normal_train_03436.jpg,normal,train
C:\DATN\skin-ai-project\ai\data\processed\skin_type\train\oily\oily_train_03437.jpg,oily,train
C:\DATN\skin-ai-project\ai\data\processed\skin_type\train\normal\normal_train_03438.jpg,normal,train
C:\DATN\skin-ai-project\ai\data\processed\skin_type\train\dry\dry_train_03439.jpg,dry,train
C:\DATN\skin-ai-project\ai\data\processed\skin_type\train\oily\oily_train_03440.jpg,oily,train
C:\DATN\skin-ai-project\ai\data\processed\skin_type\train\oily\oily_train_03441.jpg,oily,train
C:\DATN\skin-ai-project\ai\data\processed\skin_type\train\normal\normal_train_03442.jpg,normal,train
C:\DATN\skin-ai-project\ai\data\processed\skin_type\train\normal\normal_train_03443.jpg,normal,train
C:\DATN\skin-ai-project\ai\data\processed\skin_type\train\dry\dry_train_03444.jpg,dry,train
C:\DATN\skin-ai-project\ai\data\processed\skin_type\train\oily\oily_train_03445.jpg,oily,train
C:\DATN\skin-ai-project\ai\data\processed\skin_type\train\normal\normal_train_03446.jpg,normal,train
C:\DATN\skin-ai-project\ai\data\processed\skin_type\train\dry\dry_train_03447.jpg,dry,train
C:\DATN\skin-ai-project\ai\data\processed\skin_type\train\normal\normal_train_03448.jpg,normal,train
C:\DATN\skin-ai-project\ai\data\processed\skin_type\train\dry\dry_train_03449.jpg,dry,train
C:\DATN\skin-ai-project\ai\data\processed\skin_type\train\dry\dry_train_03450.jpg,dry,train
C:\DATN\skin-ai-project\ai\data\processed\skin_type\train\normal\normal_train_03451.jpg,normal,train
C:\DATN\skin-ai-project\ai\data\processed\skin_type\train\oily\oily_train_03452.jpg,oily,train
C:\DATN\skin-ai-project\ai\data\processed\skin_type\train\normal\normal_train_03453.jpg,normal,train
C:\DATN\skin-ai-project\ai\data\processed\skin_type\train\oily\oily_train_03454.jpg,oily,train
C:\DATN\skin-ai-project\ai\data\processed\skin_type\train\oily\oily_train_03455.jpg,oily,train
C:\DATN\skin-ai-project\ai\data\processed\skin_type\train\normal\normal_train_03456.jpg,normal,train
C:\DATN\skin-ai-project\ai\data\processed\skin_type\train\normal\normal_train_03457.jpg,normal,train
C:\DATN\skin-ai-project\ai\data\processed\skin_type\train\normal\normal_train_03458.jpg,normal,train
C:\DATN\skin-ai-project\ai\data\processed\skin_type\train\normal\normal_train_03459.jpg,normal,train
C:\DATN\skin-ai-project\ai\data\processed\skin_type\train\normal\normal_train_03460.jpg,normal,train
C:\DATN\skin-ai-project\ai\data\processed\skin_type\train\normal\normal_train_03461.jpg,normal,train
C:\DATN\skin-ai-project\ai\data\processed\skin_type\train\oily\oily_train_03462.jpg,oily,train
C:\DATN\skin-ai-project\ai\data\processed\skin_type\train\oily\oily_train_03463.jpg,oily,train
C:\DATN\skin-ai-project\ai\data\processed\skin_type\train\normal\normal_train_03464.jpg,normal,train
C:\DATN\skin-ai-project\ai\data\processed\skin_type\train\normal\normal_train_03465.jpg,normal,train
C:\DATN\skin-ai-project\ai\data\processed\skin_type\train\normal\normal_train_03466.jpg,normal,train
C:\DATN\skin-ai-project\ai\data\processed\skin_type\train\normal\normal_train_03467.jpg,normal,train
C:\DATN\skin-ai-project\ai\data\processed\skin_type\train\normal\normal_train_03468.jpg,normal,train
C:\DATN\skin-ai-project\ai\data\processed\skin_type\train\dry\dry_train_03469.jpg,dry,train
C:\DATN\skin-ai-project\ai\data\processed\skin_type\train\normal\normal_train_03470.jpg,normal,train
C:\DATN\skin-ai-project\ai\data\processed\skin_type\train\dry\dry_train_03471.jpg,dry,train
C:\DATN\skin-ai-project\ai\data\processed\skin_type\train\oily\oily_train_03472.jpg,oily,train
C:\DATN\skin-ai-project\ai\data\processed\skin_type\train\normal\normal_train_03473.jpg,normal,train
C:\DATN\skin-ai-project\ai\data\processed\skin_type\train\dry\dry_train_03474.jpg,dry,train
C:\DATN\skin-ai-project\ai\data\processed\skin_type\train\dry\dry_train_03475.jpg,dry,train
C:\DATN\skin-ai-project\ai\data\processed\skin_type\train\dry\dry_train_03476.jpg,dry,train
C:\DATN\skin-ai-project\ai\data\processed\skin_type\train\normal\normal_train_03477.jpg,normal,train
C:\DATN\skin-ai-project\ai\data\processed\skin_type\train\dry\dry_train_03478.jpg,dry,train
C:\DATN\skin-ai-project\ai\data\processed\skin_type\train\normal\normal_train_03479.jpg,normal,train
C:\DATN\skin-ai-project\ai\data\processed\skin_type\train\dry\dry_train_03480.jpg,dry,train
C:\DATN\skin-ai-project\ai\data\processed\skin_type\train\normal\normal_train_03481.jpg,normal,train
C:\DATN\skin-ai-project\ai\data\processed\skin_type\train\normal\normal_train_03482.jpg,normal,train
C:\DATN\skin-ai-project\ai\data\processed\skin_type\train\oily\oily_train_03483.jpg,oily,train
C:\DATN\skin-ai-project\ai\data\processed\skin_type\train\normal\normal_train_03484.jpg,normal,train
C:\DATN\skin-ai-project\ai\data\processed\skin_type\train\normal\normal_train_03485.jpg,normal,train
C:\DATN\skin-ai-project\ai\data\processed\skin_type\train\normal\normal_train_03486.jpg,normal,train
C:\DATN\skin-ai-project\ai\data\processed\skin_type\train\normal\normal_train_03487.jpg,normal,train
C:\DATN\skin-ai-project\ai\data\processed\skin_type\train\oily\oily_train_03488.jpg,oily,train
C:\DATN\skin-ai-project\ai\data\processed\skin_type\train\normal\normal_train_03489.jpg,normal,train
C:\DATN\skin-ai-project\ai\data\processed\skin_type\train\normal\normal_train_03490.jpg,normal,train
C:\DATN\skin-ai-project\ai\data\processed\skin_type\train\normal\normal_train_03491.jpg,normal,train
C:\DATN\skin-ai-project\ai\data\processed\skin_type\train\normal\normal_train_03492.jpg,normal,train
C:\DATN\skin-ai-project\ai\data\processed\skin_type\train\normal\normal_train_03493.jpg,normal,train
C:\DATN\skin-ai-project\ai\data\processed\skin_type\train\normal\normal_train_03494.jpg,normal,train
C:\DATN\skin-ai-project\ai\data\processed\skin_type\train\oily\oily_train_03495.jpg,oily,train
C:\DATN\skin-ai-project\ai\data\processed\skin_type\train\normal\normal_train_03496.jpg,normal,train
C:\DATN\skin-ai-project\ai\data\processed\skin_type\train\normal\normal_train_03497.jpg,normal,train
C:\DATN\skin-ai-project\ai\data\processed\skin_type\train\dry\dry_train_03498.jpg,dry,train
C:\DATN\skin-ai-project\ai\data\processed\skin_type\train\normal\normal_train_03499.jpg,normal,train
C:\DATN\skin-ai-project\ai\data\processed\skin_type\train\normal\normal_train_03500.jpg,normal,train
C:\DATN\skin-ai-project\ai\data\processed\skin_type\train\dry\dry_train_03501.jpg,dry,train
C:\DATN\skin-ai-project\ai\data\processed\skin_type\train\dry\dry_train_03502.jpg,dry,train
C:\DATN\skin-ai-project\ai\data\processed\skin_type\train\dry\dry_train_03503.jpg,dry,train
C:\DATN\skin-ai-project\ai\data\processed\skin_type\train\normal\normal_train_03504.jpg,normal,train
C:\DATN\skin-ai-project\ai\data\processed\skin_type\train\normal\normal_train_03505.jpg,normal,train
C:\DATN\skin-ai-project\ai\data\processed\skin_type\train\normal\normal_train_03506.jpg,normal,train
C:\DATN\skin-ai-project\ai\data\processed\skin_type\train\normal\normal_train_03507.jpg,normal,train
C:\DATN\skin-ai-project\ai\data\processed\skin_type\train\normal\normal_train_03508.jpg,normal,train
C:\DATN\skin-ai-project\ai\data\processed\skin_type\train\oily\oily_train_03509.jpg,oily,train
C:\DATN\skin-ai-project\ai\data\processed\skin_type\train\normal\normal_train_03510.jpg,normal,train
C:\DATN\skin-ai-project\ai\data\processed\skin_type\train\dry\dry_train_03511.jpg,dry,train
C:\DATN\skin-ai-project\ai\data\processed\skin_type\train\oily\oily_train_03512.jpg,oily,train
C:\DATN\skin-ai-project\ai\data\processed\skin_type\train\normal\normal_train_03513.jpg,normal,train
C:\DATN\skin-ai-project\ai\data\processed\skin_type\train\dry\dry_train_03514.jpg,dry,train
C:\DATN\skin-ai-project\ai\data\processed\skin_type\train\normal\normal_train_03515.jpg,normal,train
C:\DATN\skin-ai-project\ai\data\processed\skin_type\train\normal\normal_train_03516.jpg,normal,train
C:\DATN\skin-ai-project\ai\data\processed\skin_type\train\oily\oily_train_03517.jpg,oily,train
C:\DATN\skin-ai-project\ai\data\processed\skin_type\train\normal\normal_train_03518.jpg,normal,train
C:\DATN\skin-ai-project\ai\data\processed\skin_type\train\normal\normal_train_03519.jpg,normal,train
C:\DATN\skin-ai-project\ai\data\processed\skin_type\train\normal\normal_train_03520.jpg,normal,train
C:\DATN\skin-ai-project\ai\data\processed\skin_type\train\normal\normal_train_03521.jpg,normal,train
C:\DATN\skin-ai-project\ai\data\processed\skin_type\train\oily\oily_train_03522.jpg,oily,train
C:\DATN\skin-ai-project\ai\data\processed\skin_type\train\normal\normal_train_03523.jpg,normal,train
C:\DATN\skin-ai-project\ai\data\processed\skin_type\train\normal\normal_train_03524.jpg,normal,train
C:\DATN\skin-ai-project\ai\data\processed\skin_type\train\oily\oily_train_03525.jpg,oily,train
C:\DATN\skin-ai-project\ai\data\processed\skin_type\train\normal\normal_train_03526.jpg,normal,train
C:\DATN\skin-ai-project\ai\data\processed\skin_type\train\normal\normal_train_03527.jpg,normal,train
C:\DATN\skin-ai-project\ai\data\processed\skin_type\train\oily\oily_train_03528.jpg,oily,train
C:\DATN\skin-ai-project\ai\data\processed\skin_type\train\normal\normal_train_03529.jpg,normal,train
C:\DATN\skin-ai-project\ai\data\processed\skin_type\train\oily\oily_train_03530.jpg,oily,train
C:\DATN\skin-ai-project\ai\data\processed\skin_type\train\normal\normal_train_03531.jpg,normal,train
C:\DATN\skin-ai-project\ai\data\processed\skin_type\train\normal\normal_train_03532.jpg,normal,train
C:\DATN\skin-ai-project\ai\data\processed\skin_type\train\normal\normal_train_03533.jpg,normal,train
C:\DATN\skin-ai-project\ai\data\processed\skin_type\train\normal\normal_train_03534.jpg,normal,train
C:\DATN\skin-ai-project\ai\data\processed\skin_type\train\normal\normal_train_03535.jpg,normal,train
C:\DATN\skin-ai-project\ai\data\processed\skin_type\train\normal\normal_train_03536.jpg,normal,train
C:\DATN\skin-ai-project\ai\data\processed\skin_type\train\normal\normal_train_03537.jpg,normal,train
C:\DATN\skin-ai-project\ai\data\processed\skin_type\train\dry\dry_train_03538.jpg,dry,train
C:\DATN\skin-ai-project\ai\data\processed\skin_type\train\oily\oily_train_03539.jpg,oily,train
C:\DATN\skin-ai-project\ai\data\processed\skin_type\train\normal\normal_train_03540.jpg,normal,train
C:\DATN\skin-ai-project\ai\data\processed\skin_type\train\normal\normal_train_03541.jpg,normal,train
C:\DATN\skin-ai-project\ai\data\processed\skin_type\train\normal\normal_train_03542.jpg,normal,train
C:\DATN\skin-ai-project\ai\data\processed\skin_type\train\normal\normal_train_03543.jpg,normal,train
C:\DATN\skin-ai-project\ai\data\processed\skin_type\train\dry\dry_train_03544.jpg,dry,train
C:\DATN\skin-ai-project\ai\data\processed\skin_type\train\normal\normal_train_03545.jpg,normal,train
C:\DATN\skin-ai-project\ai\data\processed\skin_type\train\normal\normal_train_03546.jpg,normal,train
C:\DATN\skin-ai-project\ai\data\processed\skin_type\train\normal\normal_train_03547.jpg,normal,train
C:\DATN\skin-ai-project\ai\data\processed\skin_type\train\normal\normal_train_03548.jpg,normal,train
C:\DATN\skin-ai-project\ai\data\processed\skin_type\train\normal\normal_train_03549.jpg,normal,train
C:\DATN\skin-ai-project\ai\data\processed\skin_type\train\oily\oily_train_03550.jpg,oily,train
C:\DATN\skin-ai-project\ai\data\processed\skin_type\train\dry\dry_train_03551.jpg,dry,train
C:\DATN\skin-ai-project\ai\data\processed\skin_type\train\normal\normal_train_03552.jpg,normal,train
C:\DATN\skin-ai-project\ai\data\processed\skin_type\train\oily\oily_train_03553.jpg,oily,train
C:\DATN\skin-ai-project\ai\data\processed\skin_type\train\oily\oily_train_03554.jpg,oily,train
C:\DATN\skin-ai-project\ai\data\processed\skin_type\train\normal\normal_train_03555.jpg,normal,train
C:\DATN\skin-ai-project\ai\data\processed\skin_type\train\oily\oily_train_03556.jpg,oily,train
C:\DATN\skin-ai-project\ai\data\processed\skin_type\train\normal\normal_train_03557.jpg,normal,train
C:\DATN\skin-ai-project\ai\data\processed\skin_type\train\dry\dry_train_03558.jpg,dry,train
C:\DATN\skin-ai-project\ai\data\processed\skin_type\train\normal\normal_train_03559.jpg,normal,train
C:\DATN\skin-ai-project\ai\data\processed\skin_type\train\normal\normal_train_03560.jpg,normal,train
C:\DATN\skin-ai-project\ai\data\processed\skin_type\train\oily\oily_train_03561.jpg,oily,train
C:\DATN\skin-ai-project\ai\data\processed\skin_type\train\oily\oily_train_03562.jpg,oily,train
C:\DATN\skin-ai-project\ai\data\processed\skin_type\train\normal\normal_train_03563.jpg,normal,train
C:\DATN\skin-ai-project\ai\data\processed\skin_type\train\oily\oily_train_03564.jpg,oily,train
C:\DATN\skin-ai-project\ai\data\processed\skin_type\train\dry\dry_train_03565.jpg,dry,train
C:\DATN\skin-ai-project\ai\data\processed\skin_type\train\normal\normal_train_03566.jpg,normal,train
C:\DATN\skin-ai-project\ai\data\processed\skin_type\train\normal\normal_train_03567.jpg,normal,train
C:\DATN\skin-ai-project\ai\data\processed\skin_type\train\normal\normal_train_03568.jpg,normal,train
C:\DATN\skin-ai-project\ai\data\processed\skin_type\train\normal\normal_train_03569.jpg,normal,train
C:\DATN\skin-ai-project\ai\data\processed\skin_type\train\oily\oily_train_03570.jpg,oily,train
C:\DATN\skin-ai-project\ai\data\processed\skin_type\train\normal\normal_train_03571.jpg,normal,train
C:\DATN\skin-ai-project\ai\data\processed\skin_type\train\normal\normal_train_03572.jpg,normal,train
C:\DATN\skin-ai-project\ai\data\processed\skin_type\train\normal\normal_train_03573.jpg,normal,train
C:\DATN\skin-ai-project\ai\data\processed\skin_type\train\dry\dry_train_03574.jpg,dry,train
C:\DATN\skin-ai-project\ai\data\processed\skin_type\train\oily\oily_train_03575.jpg,oily,train
C:\DATN\skin-ai-project\ai\data\processed\skin_type\train\normal\normal_train_03576.jpg,normal,train
C:\DATN\skin-ai-project\ai\data\processed\skin_type\train\normal\normal_train_03577.jpg,normal,train
C:\DATN\skin-ai-project\ai\data\processed\skin_type\train\oily\oily_train_03578.jpg,oily,train
C:\DATN\skin-ai-project\ai\data\processed\skin_type\train\normal\normal_train_03579.jpg,normal,train
C:\DATN\skin-ai-project\ai\data\processed\skin_type\train\normal\normal_train_03580.jpg,normal,train
C:\DATN\skin-ai-project\ai\data\processed\skin_type\train\oily\oily_train_03581.jpg,oily,train
C:\DATN\skin-ai-project\ai\data\processed\skin_type\train\normal\normal_train_03582.jpg,normal,train
C:\DATN\skin-ai-project\ai\data\processed\skin_type\train\normal\normal_train_03583.jpg,normal,train
C:\DATN\skin-ai-project\ai\data\processed\skin_type\train\normal\normal_train_03584.jpg,normal,train
C:\DATN\skin-ai-project\ai\data\processed\skin_type\train\normal\normal_train_03585.jpg,normal,train
C:\DATN\skin-ai-project\ai\data\processed\skin_type\train\normal\normal_train_03586.jpg,normal,train
C:\DATN\skin-ai-project\ai\data\processed\skin_type\train\normal\normal_train_03587.jpg,normal,train
C:\DATN\skin-ai-project\ai\data\processed\skin_type\train\normal\normal_train_03588.jpg,normal,train
C:\DATN\skin-ai-project\ai\data\processed\skin_type\train\oily\oily_train_03589.jpg,oily,train
C:\DATN\skin-ai-project\ai\data\processed\skin_type\train\normal\normal_train_03590.jpg,normal,train
C:\DATN\skin-ai-project\ai\data\processed\skin_type\train\oily\oily_train_03591.jpg,oily,train
C:\DATN\skin-ai-project\ai\data\processed\skin_type\train\normal\normal_train_03592.jpg,normal,train
C:\DATN\skin-ai-project\ai\data\processed\skin_type\train\normal\normal_train_03593.jpg,normal,train
C:\DATN\skin-ai-project\ai\data\processed\skin_type\train\normal\normal_train_03594.jpg,normal,train
C:\DATN\skin-ai-project\ai\data\processed\skin_type\train\normal\normal_train_03595.jpg,normal,train
C:\DATN\skin-ai-project\ai\data\processed\skin_type\train\oily\oily_train_03596.jpg,oily,train
C:\DATN\skin-ai-project\ai\data\processed\skin_type\train\normal\normal_train_03597.jpg,normal,train
C:\DATN\skin-ai-project\ai\data\processed\skin_type\train\normal\normal_train_03598.jpg,normal,train
C:\DATN\skin-ai-project\ai\data\processed\skin_type\train\oily\oily_train_03599.jpg,oily,train
C:\DATN\skin-ai-project\ai\data\processed\skin_type\train\oily\oily_train_03600.jpg,oily,train
C:\DATN\skin-ai-project\ai\data\processed\skin_type\train\normal\normal_train_03601.jpg,normal,train
C:\DATN\skin-ai-project\ai\data\processed\skin_type\train\normal\normal_train_03602.jpg,normal,train
C:\DATN\skin-ai-project\ai\data\processed\skin_type\train\oily\oily_train_03603.jpg,oily,train
C:\DATN\skin-ai-project\ai\data\processed\skin_type\train\normal\normal_train_03604.jpg,normal,train
C:\DATN\skin-ai-project\ai\data\processed\skin_type\train\dry\dry_train_03605.jpg,dry,train
C:\DATN\skin-ai-project\ai\data\processed\skin_type\train\normal\normal_train_03606.jpg,normal,train
C:\DATN\skin-ai-project\ai\data\processed\skin_type\train\normal\normal_train_03607.jpg,normal,train
C:\DATN\skin-ai-project\ai\data\processed\skin_type\train\normal\normal_train_03608.jpg,normal,train
C:\DATN\skin-ai-project\ai\data\processed\skin_type\train\normal\normal_train_03609.jpg,normal,train
C:\DATN\skin-ai-project\ai\data\processed\skin_type\train\normal\normal_train_03610.jpg,normal,train
C:\DATN\skin-ai-project\ai\data\processed\skin_type\train\normal\normal_train_03611.jpg,normal,train
C:\DATN\skin-ai-project\ai\data\processed\skin_type\train\dry\dry_train_03612.jpg,dry,train
C:\DATN\skin-ai-project\ai\data\processed\skin_type\train\normal\normal_train_03613.jpg,normal,train
C:\DATN\skin-ai-project\ai\data\processed\skin_type\train\normal\normal_train_03614.jpg,normal,train
C:\DATN\skin-ai-project\ai\data\processed\skin_type\train\normal\normal_train_03615.jpg,normal,train
C:\DATN\skin-ai-project\ai\data\processed\skin_type\train\oily\oily_train_03616.jpg,oily,train
C:\DATN\skin-ai-project\ai\data\processed\skin_type\train\normal\normal_train_03617.jpg,normal,train
C:\DATN\skin-ai-project\ai\data\processed\skin_type\train\dry\dry_train_03618.jpg,dry,train
C:\DATN\skin-ai-project\ai\data\processed\skin_type\train\normal\normal_train_03619.jpg,normal,train
C:\DATN\skin-ai-project\ai\data\processed\skin_type\train\oily\oily_train_03620.jpg,oily,train
C:\DATN\skin-ai-project\ai\data\processed\skin_type\train\oily\oily_train_03621.jpg,oily,train
C:\DATN\skin-ai-project\ai\data\processed\skin_type\train\oily\oily_train_03622.jpg,oily,train
C:\DATN\skin-ai-project\ai\data\processed\skin_type\train\normal\normal_train_03623.jpg,normal,train
C:\DATN\skin-ai-project\ai\data\processed\skin_type\train\normal\normal_train_03624.jpg,normal,train
C:\DATN\skin-ai-project\ai\data\processed\skin_type\train\normal\normal_train_03625.jpg,normal,train
C:\DATN\skin-ai-project\ai\data\processed\skin_type\train\normal\normal_train_03626.jpg,normal,train
C:\DATN\skin-ai-project\ai\data\processed\skin_type\train\normal\normal_train_03627.jpg,normal,train
C:\DATN\skin-ai-project\ai\data\processed\skin_type\train\dry\dry_train_03628.jpg,dry,train
C:\DATN\skin-ai-project\ai\data\processed\skin_type\train\normal\normal_train_03629.jpg,normal,train
C:\DATN\skin-ai-project\ai\data\processed\skin_type\train\normal\normal_train_03630.jpg,normal,train
C:\DATN\skin-ai-project\ai\data\processed\skin_type\train\oily\oily_train_03631.jpg,oily,train
C:\DATN\skin-ai-project\ai\data\processed\skin_type\train\oily\oily_train_03632.jpg,oily,train
C:\DATN\skin-ai-project\ai\data\processed\skin_type\train\normal\normal_train_03633.jpg,normal,train
C:\DATN\skin-ai-project\ai\data\processed\skin_type\train\dry\dry_train_03634.jpg,dry,train
C:\DATN\skin-ai-project\ai\data\processed\skin_type\train\normal\normal_train_03635.jpg,normal,train
C:\DATN\skin-ai-project\ai\data\processed\skin_type\train\normal\normal_train_03636.jpg,normal,train
C:\DATN\skin-ai-project\ai\data\processed\skin_type\train\oily\oily_train_03637.jpg,oily,train
C:\DATN\skin-ai-project\ai\data\processed\skin_type\train\normal\normal_train_03638.jpg,normal,train
C:\DATN\skin-ai-project\ai\data\processed\skin_type\train\oily\oily_train_03639.jpg,oily,train
C:\DATN\skin-ai-project\ai\data\processed\skin_type\train\normal\normal_train_03640.jpg,normal,train
C:\DATN\skin-ai-project\ai\data\processed\skin_type\train\normal\normal_train_03641.jpg,normal,train
C:\DATN\skin-ai-project\ai\data\processed\skin_type\train\oily\oily_train_03642.jpg,oily,train
C:\DATN\skin-ai-project\ai\data\processed\skin_type\train\oily\oily_train_03643.jpg,oily,train
C:\DATN\skin-ai-project\ai\data\processed\skin_type\train\normal\normal_train_03644.jpg,normal,train
C:\DATN\skin-ai-project\ai\data\processed\skin_type\train\normal\normal_train_03645.jpg,normal,train
C:\DATN\skin-ai-project\ai\data\processed\skin_type\train\dry\dry_train_03646.jpg,dry,train
C:\DATN\skin-ai-project\ai\data\processed\skin_type\train\normal\normal_train_03647.jpg,normal,train
C:\DATN\skin-ai-project\ai\data\processed\skin_type\train\normal\normal_train_03648.jpg,normal,train
C:\DATN\skin-ai-project\ai\data\processed\skin_type\train\oily\oily_train_03649.jpg,oily,train
C:\DATN\skin-ai-project\ai\data\processed\skin_type\train\normal\normal_train_03650.jpg,normal,train
C:\DATN\skin-ai-project\ai\data\processed\skin_type\train\normal\normal_train_03651.jpg,normal,train
C:\DATN\skin-ai-project\ai\data\processed\skin_type\train\normal\normal_train_03652.jpg,normal,train
C:\DATN\skin-ai-project\ai\data\processed\skin_type\train\oily\oily_train_03653.jpg,oily,train
C:\DATN\skin-ai-project\ai\data\processed\skin_type\train\normal\normal_train_03654.jpg,normal,train
C:\DATN\skin-ai-project\ai\data\processed\skin_type\train\normal\normal_train_03655.jpg,normal,train
C:\DATN\skin-ai-project\ai\data\processed\skin_type\train\dry\dry_train_03656.jpg,dry,train
C:\DATN\skin-ai-project\ai\data\processed\skin_type\train\normal\normal_train_03657.jpg,normal,train
C:\DATN\skin-ai-project\ai\data\processed\skin_type\train\dry\dry_train_03658.jpg,dry,train
C:\DATN\skin-ai-project\ai\data\processed\skin_type\train\normal\normal_train_03659.jpg,normal,train
C:\DATN\skin-ai-project\ai\data\processed\skin_type\train\normal\normal_train_03660.jpg,normal,train
C:\DATN\skin-ai-project\ai\data\processed\skin_type\train\normal\normal_train_03661.jpg,normal,train
C:\DATN\skin-ai-project\ai\data\processed\skin_type\train\normal\normal_train_03662.jpg,normal,train
C:\DATN\skin-ai-project\ai\data\processed\skin_type\train\normal\normal_train_03663.jpg,normal,train
C:\DATN\skin-ai-project\ai\data\processed\skin_type\train\normal\normal_train_03664.jpg,normal,train
C:\DATN\skin-ai-project\ai\data\processed\skin_type\train\oily\oily_train_03665.jpg,oily,train
C:\DATN\skin-ai-project\ai\data\processed\skin_type\train\dry\dry_train_03666.jpg,dry,train
C:\DATN\skin-ai-project\ai\data\processed\skin_type\train\normal\normal_train_03667.jpg,normal,train
C:\DATN\skin-ai-project\ai\data\processed\skin_type\train\normal\normal_train_03668.jpg,normal,train
C:\DATN\skin-ai-project\ai\data\processed\skin_type\train\normal\normal_train_03669.jpg,normal,train
C:\DATN\skin-ai-project\ai\data\processed\skin_type\train\normal\normal_train_03670.jpg,normal,train
C:\DATN\skin-ai-project\ai\data\processed\skin_type\train\normal\normal_train_03671.jpg,normal,train
C:\DATN\skin-ai-project\ai\data\processed\skin_type\train\dry\dry_train_03672.jpg,dry,train
C:\DATN\skin-ai-project\ai\data\processed\skin_type\train\normal\normal_train_03673.jpg,normal,train
C:\DATN\skin-ai-project\ai\data\processed\skin_type\train\normal\normal_train_03674.jpg,normal,train
C:\DATN\skin-ai-project\ai\data\processed\skin_type\train\normal\normal_train_03675.jpg,normal,train
C:\DATN\skin-ai-project\ai\data\processed\skin_type\train\dry\dry_train_03676.jpg,dry,train
C:\DATN\skin-ai-project\ai\data\processed\skin_type\train\oily\oily_train_03677.jpg,oily,train
C:\DATN\skin-ai-project\ai\data\processed\skin_type\train\normal\normal_train_03678.jpg,normal,train
C:\DATN\skin-ai-project\ai\data\processed\skin_type\train\normal\normal_train_03679.jpg,normal,train
C:\DATN\skin-ai-project\ai\data\processed\skin_type\train\normal\normal_train_03680.jpg,normal,train
C:\DATN\skin-ai-project\ai\data\processed\skin_type\train\normal\normal_train_03681.jpg,normal,train
C:\DATN\skin-ai-project\ai\data\processed\skin_type\train\oily\oily_train_03682.jpg,oily,train
C:\DATN\skin-ai-project\ai\data\processed\skin_type\train\oily\oily_train_03683.jpg,oily,train
C:\DATN\skin-ai-project\ai\data\processed\skin_type\train\normal\normal_train_03684.jpg,normal,train
C:\DATN\skin-ai-project\ai\data\processed\skin_type\train\normal\normal_train_03685.jpg,normal,train
C:\DATN\skin-ai-project\ai\data\processed\skin_type\train\normal\normal_train_03686.jpg,normal,train
C:\DATN\skin-ai-project\ai\data\processed\skin_type\train\normal\normal_train_03687.jpg,normal,train
C:\DATN\skin-ai-project\ai\data\processed\skin_type\train\normal\normal_train_03688.jpg,normal,train
C:\DATN\skin-ai-project\ai\data\processed\skin_type\train\oily\oily_train_03689.jpg,oily,train
C:\DATN\skin-ai-project\ai\data\processed\skin_type\train\dry\dry_train_03690.jpg,dry,train
C:\DATN\skin-ai-project\ai\data\processed\skin_type\val\normal\normal_val_00000.jpg,normal,val
C:\DATN\skin-ai-project\ai\data\processed\skin_type\val\normal\normal_val_00001.jpg,normal,val
C:\DATN\skin-ai-project\ai\data\processed\skin_type\val\oily\oily_val_00002.jpg,oily,val
C:\DATN\skin-ai-project\ai\data\processed\skin_type\val\normal\normal_val_00003.jpg,normal,val
C:\DATN\skin-ai-project\ai\data\processed\skin_type\val\normal\normal_val_00004.jpg,normal,val
C:\DATN\skin-ai-project\ai\data\processed\skin_type\val\normal\normal_val_00005.jpg,normal,val
C:\DATN\skin-ai-project\ai\data\processed\skin_type\val\normal\normal_val_00006.jpg,normal,val
C:\DATN\skin-ai-project\ai\data\processed\skin_type\val\oily\oily_val_00007.jpg,oily,val
C:\DATN\skin-ai-project\ai\data\processed\skin_type\val\dry\dry_val_00008.jpg,dry,val
C:\DATN\skin-ai-project\ai\data\processed\skin_type\val\oily\oily_val_00009.jpg,oily,val
C:\DATN\skin-ai-project\ai\data\processed\skin_type\val\oily\oily_val_00010.jpg,oily,val
C:\DATN\skin-ai-project\ai\data\processed\skin_type\val\oily\oily_val_00011.jpg,oily,val
C:\DATN\skin-ai-project\ai\data\processed\skin_type\val\oily\oily_val_00012.jpg,oily,val
C:\DATN\skin-ai-project\ai\data\processed\skin_type\val\oily\oily_val_00013.jpg,oily,val
C:\DATN\skin-ai-project\ai\data\processed\skin_type\val\normal\normal_val_00014.jpg,normal,val
C:\DATN\skin-ai-project\ai\data\processed\skin_type\val\oily\oily_val_00015.jpg,oily,val
C:\DATN\skin-ai-project\ai\data\processed\skin_type\val\dry\dry_val_00016.jpg,dry,val
C:\DATN\skin-ai-project\ai\data\processed\skin_type\val\dry\dry_val_00017.jpg,dry,val
C:\DATN\skin-ai-project\ai\data\processed\skin_type\val\normal\normal_val_00018.jpg,normal,val
C:\DATN\skin-ai-project\ai\data\processed\skin_type\val\normal\normal_val_00019.jpg,normal,val
C:\DATN\skin-ai-project\ai\data\processed\skin_type\val\normal\normal_val_00020.jpg,normal,val
C:\DATN\skin-ai-project\ai\data\processed\skin_type\val\normal\normal_val_00021.jpg,normal,val
C:\DATN\skin-ai-project\ai\data\processed\skin_type\val\oily\oily_val_00022.jpg,oily,val
C:\DATN\skin-ai-project\ai\data\processed\skin_type\val\oily\oily_val_00023.jpg,oily,val
C:\DATN\skin-ai-project\ai\data\processed\skin_type\val\normal\normal_val_00024.jpg,normal,val
C:\DATN\skin-ai-project\ai\data\processed\skin_type\val\oily\oily_val_00025.jpg,oily,val
C:\DATN\skin-ai-project\ai\data\processed\skin_type\val\normal\normal_val_00026.jpg,normal,val
C:\DATN\skin-ai-project\ai\data\processed\skin_type\val\normal\normal_val_00027.jpg,normal,val
C:\DATN\skin-ai-project\ai\data\processed\skin_type\val\normal\normal_val_00028.jpg,normal,val
C:\DATN\skin-ai-project\ai\data\processed\skin_type\val\oily\oily_val_00029.jpg,oily,val
C:\DATN\skin-ai-project\ai\data\processed\skin_type\val\normal\normal_val_00030.jpg,normal,val
C:\DATN\skin-ai-project\ai\data\processed\skin_type\val\normal\normal_val_00031.jpg,normal,val
C:\DATN\skin-ai-project\ai\data\processed\skin_type\val\normal\normal_val_00032.jpg,normal,val
C:\DATN\skin-ai-project\ai\data\processed\skin_type\val\normal\normal_val_00033.jpg,normal,val
C:\DATN\skin-ai-project\ai\data\processed\skin_type\val\normal\normal_val_00034.jpg,normal,val
C:\DATN\skin-ai-project\ai\data\processed\skin_type\val\normal\normal_val_00035.jpg,normal,val
C:\DATN\skin-ai-project\ai\data\processed\skin_type\val\oily\oily_val_00036.jpg,oily,val
C:\DATN\skin-ai-project\ai\data\processed\skin_type\val\oily\oily_val_00037.jpg,oily,val
C:\DATN\skin-ai-project\ai\data\processed\skin_type\val\oily\oily_val_00038.jpg,oily,val
C:\DATN\skin-ai-project\ai\data\processed\skin_type\val\normal\normal_val_00039.jpg,normal,val
C:\DATN\skin-ai-project\ai\data\processed\skin_type\val\normal\normal_val_00040.jpg,normal,val
C:\DATN\skin-ai-project\ai\data\processed\skin_type\val\oily\oily_val_00041.jpg,oily,val
C:\DATN\skin-ai-project\ai\data\processed\skin_type\val\normal\normal_val_00042.jpg,normal,val
C:\DATN\skin-ai-project\ai\data\processed\skin_type\val\normal\normal_val_00043.jpg,normal,val
C:\DATN\skin-ai-project\ai\data\processed\skin_type\val\dry\dry_val_00044.jpg,dry,val
C:\DATN\skin-ai-project\ai\data\processed\skin_type\val\dry\dry_val_00045.jpg,dry,val
C:\DATN\skin-ai-project\ai\data\processed\skin_type\val\normal\normal_val_00046.jpg,normal,val
C:\DATN\skin-ai-project\ai\data\processed\skin_type\val\normal\normal_val_00047.jpg,normal,val
C:\DATN\skin-ai-project\ai\data\processed\skin_type\val\normal\normal_val_00048.jpg,normal,val
C:\DATN\skin-ai-project\ai\data\processed\skin_type\val\normal\normal_val_00049.jpg,normal,val
C:\DATN\skin-ai-project\ai\data\processed\skin_type\val\normal\normal_val_00050.jpg,normal,val
C:\DATN\skin-ai-project\ai\data\processed\skin_type\val\normal\normal_val_00051.jpg,normal,val
C:\DATN\skin-ai-project\ai\data\processed\skin_type\val\normal\normal_val_00052.jpg,normal,val
C:\DATN\skin-ai-project\ai\data\processed\skin_type\val\dry\dry_val_00053.jpg,dry,val
C:\DATN\skin-ai-project\ai\data\processed\skin_type\val\normal\normal_val_00054.jpg,normal,val
C:\DATN\skin-ai-project\ai\data\processed\skin_type\val\normal\normal_val_00055.jpg,normal,val
C:\DATN\skin-ai-project\ai\data\processed\skin_type\val\oily\oily_val_00056.jpg,oily,val
C:\DATN\skin-ai-project\ai\data\processed\skin_type\val\oily\oily_val_00057.jpg,oily,val
C:\DATN\skin-ai-project\ai\data\processed\skin_type\val\dry\dry_val_00058.jpg,dry,val
C:\DATN\skin-ai-project\ai\data\processed\skin_type\val\normal\normal_val_00059.jpg,normal,val
C:\DATN\skin-ai-project\ai\data\processed\skin_type\val\normal\normal_val_00060.jpg,normal,val
C:\DATN\skin-ai-project\ai\data\processed\skin_type\val\normal\normal_val_00061.jpg,normal,val
C:\DATN\skin-ai-project\ai\data\processed\skin_type\val\normal\normal_val_00062.jpg,normal,val
C:\DATN\skin-ai-project\ai\data\processed\skin_type\val\normal\normal_val_00063.jpg,normal,val
C:\DATN\skin-ai-project\ai\data\processed\skin_type\val\oily\oily_val_00064.jpg,oily,val
C:\DATN\skin-ai-project\ai\data\processed\skin_type\val\oily\oily_val_00065.jpg,oily,val
C:\DATN\skin-ai-project\ai\data\processed\skin_type\val\normal\normal_val_00066.jpg,normal,val
C:\DATN\skin-ai-project\ai\data\processed\skin_type\val\dry\dry_val_00067.jpg,dry,val
C:\DATN\skin-ai-project\ai\data\processed\skin_type\val\normal\normal_val_00068.jpg,normal,val
C:\DATN\skin-ai-project\ai\data\processed\skin_type\val\normal\normal_val_00069.jpg,normal,val
C:\DATN\skin-ai-project\ai\data\processed\skin_type\val\normal\normal_val_00070.jpg,normal,val
C:\DATN\skin-ai-project\ai\data\processed\skin_type\val\normal\normal_val_00071.jpg,normal,val
C:\DATN\skin-ai-project\ai\data\processed\skin_type\val\normal\normal_val_00072.jpg,normal,val
C:\DATN\skin-ai-project\ai\data\processed\skin_type\val\oily\oily_val_00073.jpg,oily,val
C:\DATN\skin-ai-project\ai\data\processed\skin_type\val\oily\oily_val_00074.jpg,oily,val
C:\DATN\skin-ai-project\ai\data\processed\skin_type\val\oily\oily_val_00075.jpg,oily,val
C:\DATN\skin-ai-project\ai\data\processed\skin_type\val\normal\normal_val_00076.jpg,normal,val
C:\DATN\skin-ai-project\ai\data\processed\skin_type\val\normal\normal_val_00077.jpg,normal,val
C:\DATN\skin-ai-project\ai\data\processed\skin_type\val\normal\normal_val_00078.jpg,normal,val
C:\DATN\skin-ai-project\ai\data\processed\skin_type\val\normal\normal_val_00079.jpg,normal,val
C:\DATN\skin-ai-project\ai\data\processed\skin_type\val\normal\normal_val_00080.jpg,normal,val
C:\DATN\skin-ai-project\ai\data\processed\skin_type\val\oily\oily_val_00081.jpg,oily,val
C:\DATN\skin-ai-project\ai\data\processed\skin_type\val\normal\normal_val_00082.jpg,normal,val
C:\DATN\skin-ai-project\ai\data\processed\skin_type\val\normal\normal_val_00083.jpg,normal,val
C:\DATN\skin-ai-project\ai\data\processed\skin_type\val\normal\normal_val_00084.jpg,normal,val
C:\DATN\skin-ai-project\ai\data\processed\skin_type\val\dry\dry_val_00085.jpg,dry,val
C:\DATN\skin-ai-project\ai\data\processed\skin_type\val\normal\normal_val_00086.jpg,normal,val
C:\DATN\skin-ai-project\ai\data\processed\skin_type\val\dry\dry_val_00087.jpg,dry,val
C:\DATN\skin-ai-project\ai\data\processed\skin_type\val\normal\normal_val_00088.jpg,normal,val
C:\DATN\skin-ai-project\ai\data\processed\skin_type\val\normal\normal_val_00089.jpg,normal,val
C:\DATN\skin-ai-project\ai\data\processed\skin_type\val\normal\normal_val_00090.jpg,normal,val
C:\DATN\skin-ai-project\ai\data\processed\skin_type\val\oily\oily_val_00091.jpg,oily,val
C:\DATN\skin-ai-project\ai\data\processed\skin_type\val\normal\normal_val_00092.jpg,normal,val
C:\DATN\skin-ai-project\ai\data\processed\skin_type\val\oily\oily_val_00093.jpg,oily,val
C:\DATN\skin-ai-project\ai\data\processed\skin_type\val\normal\normal_val_00094.jpg,normal,val
C:\DATN\skin-ai-project\ai\data\processed\skin_type\val\dry\dry_val_00095.jpg,dry,val
C:\DATN\skin-ai-project\ai\data\processed\skin_type\val\dry\dry_val_00096.jpg,dry,val
C:\DATN\skin-ai-project\ai\data\processed\skin_type\val\dry\dry_val_00097.jpg,dry,val
C:\DATN\skin-ai-project\ai\data\processed\skin_type\val\dry\dry_val_00098.jpg,dry,val
C:\DATN\skin-ai-project\ai\data\processed\skin_type\val\normal\normal_val_00099.jpg,normal,val
C:\DATN\skin-ai-project\ai\data\processed\skin_type\val\dry\dry_val_00100.jpg,dry,val
C:\DATN\skin-ai-project\ai\data\processed\skin_type\val\normal\normal_val_00101.jpg,normal,val
C:\DATN\skin-ai-project\ai\data\processed\skin_type\val\oily\oily_val_00102.jpg,oily,val
C:\DATN\skin-ai-project\ai\data\processed\skin_type\val\normal\normal_val_00103.jpg,normal,val
C:\DATN\skin-ai-project\ai\data\processed\skin_type\val\normal\normal_val_00104.jpg,normal,val
C:\DATN\skin-ai-project\ai\data\processed\skin_type\val\normal\normal_val_00105.jpg,normal,val
C:\DATN\skin-ai-project\ai\data\processed\skin_type\val\normal\normal_val_00106.jpg,normal,val
C:\DATN\skin-ai-project\ai\data\processed\skin_type\val\normal\normal_val_00107.jpg,normal,val
C:\DATN\skin-ai-project\ai\data\processed\skin_type\val\normal\normal_val_00108.jpg,normal,val
C:\DATN\skin-ai-project\ai\data\processed\skin_type\val\normal\normal_val_00109.jpg,normal,val
C:\DATN\skin-ai-project\ai\data\processed\skin_type\val\normal\normal_val_00110.jpg,normal,val
C:\DATN\skin-ai-project\ai\data\processed\skin_type\val\dry\dry_val_00111.jpg,dry,val
C:\DATN\skin-ai-project\ai\data\processed\skin_type\val\normal\normal_val_00112.jpg,normal,val
C:\DATN\skin-ai-project\ai\data\processed\skin_type\val\normal\normal_val_00113.jpg,normal,val
C:\DATN\skin-ai-project\ai\data\processed\skin_type\val\normal\normal_val_00114.jpg,normal,val
C:\DATN\skin-ai-project\ai\data\processed\skin_type\val\dry\dry_val_00115.jpg,dry,val
C:\DATN\skin-ai-project\ai\data\processed\skin_type\val\normal\normal_val_00116.jpg,normal,val
C:\DATN\skin-ai-project\ai\data\processed\skin_type\val\normal\normal_val_00117.jpg,normal,val
C:\DATN\skin-ai-project\ai\data\processed\skin_type\val\normal\normal_val_00118.jpg,normal,val
C:\DATN\skin-ai-project\ai\data\processed\skin_type\val\oily\oily_val_00119.jpg,oily,val
C:\DATN\skin-ai-project\ai\data\processed\skin_type\val\normal\normal_val_00120.jpg,normal,val
C:\DATN\skin-ai-project\ai\data\processed\skin_type\val\normal\normal_val_00121.jpg,normal,val
C:\DATN\skin-ai-project\ai\data\processed\skin_type\val\normal\normal_val_00122.jpg,normal,val
C:\DATN\skin-ai-project\ai\data\processed\skin_type\val\normal\normal_val_00123.jpg,normal,val
C:\DATN\skin-ai-project\ai\data\processed\skin_type\val\dry\dry_val_00124.jpg,dry,val
C:\DATN\skin-ai-project\ai\data\processed\skin_type\val\normal\normal_val_00125.jpg,normal,val
C:\DATN\skin-ai-project\ai\data\processed\skin_type\val\normal\normal_val_00126.jpg,normal,val
C:\DATN\skin-ai-project\ai\data\processed\skin_type\val\normal\normal_val_00127.jpg,normal,val
C:\DATN\skin-ai-project\ai\data\processed\skin_type\val\normal\normal_val_00128.jpg,normal,val
C:\DATN\skin-ai-project\ai\data\processed\skin_type\val\normal\normal_val_00129.jpg,normal,val
C:\DATN\skin-ai-project\ai\data\processed\skin_type\val\normal\normal_val_00130.jpg,normal,val
C:\DATN\skin-ai-project\ai\data\processed\skin_type\val\normal\normal_val_00131.jpg,normal,val
C:\DATN\skin-ai-project\ai\data\processed\skin_type\val\normal\normal_val_00132.jpg,normal,val
C:\DATN\skin-ai-project\ai\data\processed\skin_type\val\normal\normal_val_00133.jpg,normal,val
C:\DATN\skin-ai-project\ai\data\processed\skin_type\val\normal\normal_val_00134.jpg,normal,val
C:\DATN\skin-ai-project\ai\data\processed\skin_type\val\normal\normal_val_00135.jpg,normal,val
C:\DATN\skin-ai-project\ai\data\processed\skin_type\val\dry\dry_val_00136.jpg,dry,val
C:\DATN\skin-ai-project\ai\data\processed\skin_type\val\dry\dry_val_00137.jpg,dry,val
C:\DATN\skin-ai-project\ai\data\processed\skin_type\val\normal\normal_val_00138.jpg,normal,val
C:\DATN\skin-ai-project\ai\data\processed\skin_type\val\oily\oily_val_00139.jpg,oily,val
C:\DATN\skin-ai-project\ai\data\processed\skin_type\val\normal\normal_val_00140.jpg,normal,val
C:\DATN\skin-ai-project\ai\data\processed\skin_type\val\normal\normal_val_00141.jpg,normal,val
C:\DATN\skin-ai-project\ai\data\processed\skin_type\val\oily\oily_val_00142.jpg,oily,val
C:\DATN\skin-ai-project\ai\data\processed\skin_type\val\dry\dry_val_00143.jpg,dry,val
C:\DATN\skin-ai-project\ai\data\processed\skin_type\val\normal\normal_val_00144.jpg,normal,val
C:\DATN\skin-ai-project\ai\data\processed\skin_type\val\dry\dry_val_00145.jpg,dry,val
C:\DATN\skin-ai-project\ai\data\processed\skin_type\val\dry\dry_val_00146.jpg,dry,val
C:\DATN\skin-ai-project\ai\data\processed\skin_type\val\normal\normal_val_00147.jpg,normal,val
C:\DATN\skin-ai-project\ai\data\processed\skin_type\val\normal\normal_val_00148.jpg,normal,val
C:\DATN\skin-ai-project\ai\data\processed\skin_type\val\normal\normal_val_00149.jpg,normal,val
C:\DATN\skin-ai-project\ai\data\processed\skin_type\val\normal\normal_val_00150.jpg,normal,val
C:\DATN\skin-ai-project\ai\data\processed\skin_type\val\oily\oily_val_00151.jpg,oily,val
C:\DATN\skin-ai-project\ai\data\processed\skin_type\val\normal\normal_val_00152.jpg,normal,val
C:\DATN\skin-ai-project\ai\data\processed\skin_type\val\normal\normal_val_00153.jpg,normal,val
C:\DATN\skin-ai-project\ai\data\processed\skin_type\val\normal\normal_val_00154.jpg,normal,val
C:\DATN\skin-ai-project\ai\data\processed\skin_type\val\oily\oily_val_00155.jpg,oily,val
C:\DATN\skin-ai-project\ai\data\processed\skin_type\val\dry\dry_val_00156.jpg,dry,val
C:\DATN\skin-ai-project\ai\data\processed\skin_type\val\normal\normal_val_00157.jpg,normal,val
C:\DATN\skin-ai-project\ai\data\processed\skin_type\val\normal\normal_val_00158.jpg,normal,val
C:\DATN\skin-ai-project\ai\data\processed\skin_type\val\normal\normal_val_00159.jpg,normal,val
C:\DATN\skin-ai-project\ai\data\processed\skin_type\val\normal\normal_val_00160.jpg,normal,val
C:\DATN\skin-ai-project\ai\data\processed\skin_type\val\normal\normal_val_00161.jpg,normal,val
C:\DATN\skin-ai-project\ai\data\processed\skin_type\val\normal\normal_val_00162.jpg,normal,val
C:\DATN\skin-ai-project\ai\data\processed\skin_type\val\normal\normal_val_00163.jpg,normal,val
C:\DATN\skin-ai-project\ai\data\processed\skin_type\val\normal\normal_val_00164.jpg,normal,val
C:\DATN\skin-ai-project\ai\data\processed\skin_type\val\dry\dry_val_00165.jpg,dry,val
C:\DATN\skin-ai-project\ai\data\processed\skin_type\val\normal\normal_val_00166.jpg,normal,val
C:\DATN\skin-ai-project\ai\data\processed\skin_type\val\normal\normal_val_00167.jpg,normal,val
C:\DATN\skin-ai-project\ai\data\processed\skin_type\val\oily\oily_val_00168.jpg,oily,val
C:\DATN\skin-ai-project\ai\data\processed\skin_type\val\normal\normal_val_00169.jpg,normal,val
C:\DATN\skin-ai-project\ai\data\processed\skin_type\val\oily\oily_val_00170.jpg,oily,val
C:\DATN\skin-ai-project\ai\data\processed\skin_type\val\normal\normal_val_00171.jpg,normal,val
C:\DATN\skin-ai-project\ai\data\processed\skin_type\val\normal\normal_val_00172.jpg,normal,val
C:\DATN\skin-ai-project\ai\data\processed\skin_type\val\normal\normal_val_00173.jpg,normal,val
C:\DATN\skin-ai-project\ai\data\processed\skin_type\val\oily\oily_val_00174.jpg,oily,val
C:\DATN\skin-ai-project\ai\data\processed\skin_type\val\normal\normal_val_00175.jpg,normal,val
C:\DATN\skin-ai-project\ai\data\processed\skin_type\val\normal\normal_val_00176.jpg,normal,val
C:\DATN\skin-ai-project\ai\data\processed\skin_type\val\normal\normal_val_00177.jpg,normal,val
C:\DATN\skin-ai-project\ai\data\processed\skin_type\val\normal\normal_val_00178.jpg,normal,val
C:\DATN\skin-ai-project\ai\data\processed\skin_type\val\oily\oily_val_00179.jpg,oily,val
C:\DATN\skin-ai-project\ai\data\processed\skin_type\val\normal\normal_val_00180.jpg,normal,val
C:\DATN\skin-ai-project\ai\data\processed\skin_type\val\normal\normal_val_00181.jpg,normal,val
C:\DATN\skin-ai-project\ai\data\processed\skin_type\val\normal\normal_val_00182.jpg,normal,val
C:\DATN\skin-ai-project\ai\data\processed\skin_type\val\normal\normal_val_00183.jpg,normal,val
C:\DATN\skin-ai-project\ai\data\processed\skin_type\val\normal\normal_val_00184.jpg,normal,val
C:\DATN\skin-ai-project\ai\data\processed\skin_type\val\normal\normal_val_00185.jpg,normal,val
C:\DATN\skin-ai-project\ai\data\processed\skin_type\val\normal\normal_val_00186.jpg,normal,val
C:\DATN\skin-ai-project\ai\data\processed\skin_type\val\normal\normal_val_00187.jpg,normal,val
C:\DATN\skin-ai-project\ai\data\processed\skin_type\val\oily\oily_val_00188.jpg,oily,val
C:\DATN\skin-ai-project\ai\data\processed\skin_type\val\normal\normal_val_00189.jpg,normal,val
C:\DATN\skin-ai-project\ai\data\processed\skin_type\val\dry\dry_val_00190.jpg,dry,val
C:\DATN\skin-ai-project\ai\data\processed\skin_type\val\oily\oily_val_00191.jpg,oily,val
C:\DATN\skin-ai-project\ai\data\processed\skin_type\val\dry\dry_val_00192.jpg,dry,val
C:\DATN\skin-ai-project\ai\data\processed\skin_type\val\oily\oily_val_00193.jpg,oily,val
C:\DATN\skin-ai-project\ai\data\processed\skin_type\val\dry\dry_val_00194.jpg,dry,val
C:\DATN\skin-ai-project\ai\data\processed\skin_type\val\oily\oily_val_00195.jpg,oily,val
C:\DATN\skin-ai-project\ai\data\processed\skin_type\val\normal\normal_val_00196.jpg,normal,val
C:\DATN\skin-ai-project\ai\data\processed\skin_type\val\oily\oily_val_00197.jpg,oily,val
C:\DATN\skin-ai-project\ai\data\processed\skin_type\val\normal\normal_val_00198.jpg,normal,val
C:\DATN\skin-ai-project\ai\data\processed\skin_type\val\normal\normal_val_00199.jpg,normal,val
C:\DATN\skin-ai-project\ai\data\processed\skin_type\val\oily\oily_val_00200.jpg,oily,val
C:\DATN\skin-ai-project\ai\data\processed\skin_type\val\normal\normal_val_00201.jpg,normal,val
C:\DATN\skin-ai-project\ai\data\processed\skin_type\val\dry\dry_val_00202.jpg,dry,val
C:\DATN\skin-ai-project\ai\data\processed\skin_type\val\normal\normal_val_00203.jpg,normal,val
C:\DATN\skin-ai-project\ai\data\processed\skin_type\val\oily\oily_val_00204.jpg,oily,val
C:\DATN\skin-ai-project\ai\data\processed\skin_type\val\normal\normal_val_00205.jpg,normal,val
C:\DATN\skin-ai-project\ai\data\processed\skin_type\val\oily\oily_val_00206.jpg,oily,val
C:\DATN\skin-ai-project\ai\data\processed\skin_type\val\normal\normal_val_00207.jpg,normal,val
C:\DATN\skin-ai-project\ai\data\processed\skin_type\val\normal\normal_val_00208.jpg,normal,val
C:\DATN\skin-ai-project\ai\data\processed\skin_type\val\oily\oily_val_00209.jpg,oily,val
C:\DATN\skin-ai-project\ai\data\processed\skin_type\val\oily\oily_val_00210.jpg,oily,val
C:\DATN\skin-ai-project\ai\data\processed\skin_type\val\normal\normal_val_00211.jpg,normal,val
C:\DATN\skin-ai-project\ai\data\processed\skin_type\val\dry\dry_val_00212.jpg,dry,val
C:\DATN\skin-ai-project\ai\data\processed\skin_type\val\normal\normal_val_00213.jpg,normal,val
C:\DATN\skin-ai-project\ai\data\processed\skin_type\val\normal\normal_val_00214.jpg,normal,val
C:\DATN\skin-ai-project\ai\data\processed\skin_type\val\oily\oily_val_00215.jpg,oily,val
C:\DATN\skin-ai-project\ai\data\processed\skin_type\val\normal\normal_val_00216.jpg,normal,val
C:\DATN\skin-ai-project\ai\data\processed\skin_type\val\oily\oily_val_00217.jpg,oily,val
C:\DATN\skin-ai-project\ai\data\processed\skin_type\val\dry\dry_val_00218.jpg,dry,val
C:\DATN\skin-ai-project\ai\data\processed\skin_type\val\normal\normal_val_00219.jpg,normal,val
C:\DATN\skin-ai-project\ai\data\processed\skin_type\val\normal\normal_val_00220.jpg,normal,val
C:\DATN\skin-ai-project\ai\data\processed\skin_type\val\oily\oily_val_00221.jpg,oily,val
C:\DATN\skin-ai-project\ai\data\processed\skin_type\val\normal\normal_val_00222.jpg,normal,val
C:\DATN\skin-ai-project\ai\data\processed\skin_type\val\dry\dry_val_00223.jpg,dry,val
C:\DATN\skin-ai-project\ai\data\processed\skin_type\val\normal\normal_val_00224.jpg,normal,val
C:\DATN\skin-ai-project\ai\data\processed\skin_type\val\dry\dry_val_00225.jpg,dry,val
C:\DATN\skin-ai-project\ai\data\processed\skin_type\val\normal\normal_val_00226.jpg,normal,val
C:\DATN\skin-ai-project\ai\data\processed\skin_type\val\oily\oily_val_00227.jpg,oily,val
C:\DATN\skin-ai-project\ai\data\processed\skin_type\val\dry\dry_val_00228.jpg,dry,val
C:\DATN\skin-ai-project\ai\data\processed\skin_type\val\oily\oily_val_00229.jpg,oily,val
C:\DATN\skin-ai-project\ai\data\processed\skin_type\val\dry\dry_val_00230.jpg,dry,val
C:\DATN\skin-ai-project\ai\data\processed\skin_type\val\normal\normal_val_00231.jpg,normal,val
C:\DATN\skin-ai-project\ai\data\processed\skin_type\val\normal\normal_val_00232.jpg,normal,val
C:\DATN\skin-ai-project\ai\data\processed\skin_type\val\normal\normal_val_00233.jpg,normal,val
C:\DATN\skin-ai-project\ai\data\processed\skin_type\val\dry\dry_val_00234.jpg,dry,val
C:\DATN\skin-ai-project\ai\data\processed\skin_type\val\normal\normal_val_00235.jpg,normal,val
C:\DATN\skin-ai-project\ai\data\processed\skin_type\val\dry\dry_val_00236.jpg,dry,val
C:\DATN\skin-ai-project\ai\data\processed\skin_type\val\oily\oily_val_00237.jpg,oily,val
C:\DATN\skin-ai-project\ai\data\processed\skin_type\val\normal\normal_val_00238.jpg,normal,val
C:\DATN\skin-ai-project\ai\data\processed\skin_type\val\dry\dry_val_00239.jpg,dry,val
C:\DATN\skin-ai-project\ai\data\processed\skin_type\val\normal\normal_val_00240.jpg,normal,val
C:\DATN\skin-ai-project\ai\data\processed\skin_type\val\normal\normal_val_00241.jpg,normal,val
C:\DATN\skin-ai-project\ai\data\processed\skin_type\val\normal\normal_val_00242.jpg,normal,val
C:\DATN\skin-ai-project\ai\data\processed\skin_type\val\normal\normal_val_00243.jpg,normal,val
C:\DATN\skin-ai-project\ai\data\processed\skin_type\val\oily\oily_val_00244.jpg,oily,val
C:\DATN\skin-ai-project\ai\data\processed\skin_type\val\normal\normal_val_00245.jpg,normal,val
C:\DATN\skin-ai-project\ai\data\processed\skin_type\val\normal\normal_val_00246.jpg,normal,val
C:\DATN\skin-ai-project\ai\data\processed\skin_type\val\normal\normal_val_00247.jpg,normal,val
C:\DATN\skin-ai-project\ai\data\processed\skin_type\val\normal\normal_val_00248.jpg,normal,val
C:\DATN\skin-ai-project\ai\data\processed\skin_type\val\oily\oily_val_00249.jpg,oily,val
C:\DATN\skin-ai-project\ai\data\processed\skin_type\val\normal\normal_val_00250.jpg,normal,val
C:\DATN\skin-ai-project\ai\data\processed\skin_type\val\oily\oily_val_00251.jpg,oily,val
C:\DATN\skin-ai-project\ai\data\processed\skin_type\val\oily\oily_val_00252.jpg,oily,val
C:\DATN\skin-ai-project\ai\data\processed\skin_type\val\normal\normal_val_00253.jpg,normal,val
C:\DATN\skin-ai-project\ai\data\processed\skin_type\val\normal\normal_val_00254.jpg,normal,val
C:\DATN\skin-ai-project\ai\data\processed\skin_type\val\normal\normal_val_00255.jpg,normal,val
C:\DATN\skin-ai-project\ai\data\processed\skin_type\val\normal\normal_val_00256.jpg,normal,val
C:\DATN\skin-ai-project\ai\data\processed\skin_type\val\dry\dry_val_00257.jpg,dry,val
C:\DATN\skin-ai-project\ai\data\processed\skin_type\val\normal\normal_val_00258.jpg,normal,val
C:\DATN\skin-ai-project\ai\data\processed\skin_type\val\dry\dry_val_00259.jpg,dry,val
C:\DATN\skin-ai-project\ai\data\processed\skin_type\val\normal\normal_val_00260.jpg,normal,val
C:\DATN\skin-ai-project\ai\data\processed\skin_type\val\oily\oily_val_00261.jpg,oily,val
C:\DATN\skin-ai-project\ai\data\processed\skin_type\val\normal\normal_val_00262.jpg,normal,val
C:\DATN\skin-ai-project\ai\data\processed\skin_type\val\normal\normal_val_00263.jpg,normal,val
C:\DATN\skin-ai-project\ai\data\processed\skin_type\val\normal\normal_val_00264.jpg,normal,val
C:\DATN\skin-ai-project\ai\data\processed\skin_type\val\dry\dry_val_00265.jpg,dry,val
C:\DATN\skin-ai-project\ai\data\processed\skin_type\val\oily\oily_val_00266.jpg,oily,val
C:\DATN\skin-ai-project\ai\data\processed\skin_type\val\normal\normal_val_00267.jpg,normal,val
C:\DATN\skin-ai-project\ai\data\processed\skin_type\val\normal\normal_val_00268.jpg,normal,val
C:\DATN\skin-ai-project\ai\data\processed\skin_type\val\normal\normal_val_00269.jpg,normal,val
C:\DATN\skin-ai-project\ai\data\processed\skin_type\val\normal\normal_val_00270.jpg,normal,val
C:\DATN\skin-ai-project\ai\data\processed\skin_type\val\normal\normal_val_00271.jpg,normal,val
C:\DATN\skin-ai-project\ai\data\processed\skin_type\val\normal\normal_val_00272.jpg,normal,val
C:\DATN\skin-ai-project\ai\data\processed\skin_type\val\dry\dry_val_00273.jpg,dry,val
C:\DATN\skin-ai-project\ai\data\processed\skin_type\val\oily\oily_val_00274.jpg,oily,val
C:\DATN\skin-ai-project\ai\data\processed\skin_type\val\normal\normal_val_00275.jpg,normal,val
C:\DATN\skin-ai-project\ai\data\processed\skin_type\val\dry\dry_val_00276.jpg,dry,val
C:\DATN\skin-ai-project\ai\data\processed\skin_type\val\oily\oily_val_00277.jpg,oily,val
C:\DATN\skin-ai-project\ai\data\processed\skin_type\val\normal\normal_val_00278.jpg,normal,val
C:\DATN\skin-ai-project\ai\data\processed\skin_type\val\oily\oily_val_00279.jpg,oily,val
C:\DATN\skin-ai-project\ai\data\processed\skin_type\val\normal\normal_val_00280.jpg,normal,val
C:\DATN\skin-ai-project\ai\data\processed\skin_type\val\normal\normal_val_00281.jpg,normal,val
C:\DATN\skin-ai-project\ai\data\processed\skin_type\val\normal\normal_val_00282.jpg,normal,val
C:\DATN\skin-ai-project\ai\data\processed\skin_type\val\normal\normal_val_00283.jpg,normal,val
C:\DATN\skin-ai-project\ai\data\processed\skin_type\val\dry\dry_val_00284.jpg,dry,val
C:\DATN\skin-ai-project\ai\data\processed\skin_type\val\normal\normal_val_00285.jpg,normal,val
C:\DATN\skin-ai-project\ai\data\processed\skin_type\val\normal\normal_val_00286.jpg,normal,val
C:\DATN\skin-ai-project\ai\data\processed\skin_type\val\normal\normal_val_00287.jpg,normal,val
C:\DATN\skin-ai-project\ai\data\processed\skin_type\val\normal\normal_val_00288.jpg,normal,val
C:\DATN\skin-ai-project\ai\data\processed\skin_type\val\normal\normal_val_00289.jpg,normal,val
C:\DATN\skin-ai-project\ai\data\processed\skin_type\val\oily\oily_val_00290.jpg,oily,val
C:\DATN\skin-ai-project\ai\data\processed\skin_type\val\dry\dry_val_00291.jpg,dry,val
C:\DATN\skin-ai-project\ai\data\processed\skin_type\val\normal\normal_val_00292.jpg,normal,val
C:\DATN\skin-ai-project\ai\data\processed\skin_type\val\normal\normal_val_00293.jpg,normal,val
C:\DATN\skin-ai-project\ai\data\processed\skin_type\val\normal\normal_val_00294.jpg,normal,val
C:\DATN\skin-ai-project\ai\data\processed\skin_type\val\dry\dry_val_00295.jpg,dry,val
C:\DATN\skin-ai-project\ai\data\processed\skin_type\val\normal\normal_val_00296.jpg,normal,val
C:\DATN\skin-ai-project\ai\data\processed\skin_type\val\dry\dry_val_00297.jpg,dry,val
C:\DATN\skin-ai-project\ai\data\processed\skin_type\val\normal\normal_val_00298.jpg,normal,val
C:\DATN\skin-ai-project\ai\data\processed\skin_type\val\normal\normal_val_00299.jpg,normal,val
C:\DATN\skin-ai-project\ai\data\processed\skin_type\val\normal\normal_val_00300.jpg,normal,val
C:\DATN\skin-ai-project\ai\data\processed\skin_type\val\oily\oily_val_00301.jpg,oily,val
C:\DATN\skin-ai-project\ai\data\processed\skin_type\val\oily\oily_val_00302.jpg,oily,val
C:\DATN\skin-ai-project\ai\data\processed\skin_type\val\normal\normal_val_00303.jpg,normal,val
C:\DATN\skin-ai-project\ai\data\processed\skin_type\val\oily\oily_val_00304.jpg,oily,val
C:\DATN\skin-ai-project\ai\data\processed\skin_type\val\normal\normal_val_00305.jpg,normal,val
C:\DATN\skin-ai-project\ai\data\processed\skin_type\val\dry\dry_val_00306.jpg,dry,val
C:\DATN\skin-ai-project\ai\data\processed\skin_type\val\oily\oily_val_00307.jpg,oily,val
C:\DATN\skin-ai-project\ai\data\processed\skin_type\val\oily\oily_val_00308.jpg,oily,val
C:\DATN\skin-ai-project\ai\data\processed\skin_type\val\normal\normal_val_00309.jpg,normal,val
C:\DATN\skin-ai-project\ai\data\processed\skin_type\val\dry\dry_val_00310.jpg,dry,val
C:\DATN\skin-ai-project\ai\data\processed\skin_type\val\normal\normal_val_00311.jpg,normal,val
C:\DATN\skin-ai-project\ai\data\processed\skin_type\val\dry\dry_val_00312.jpg,dry,val
C:\DATN\skin-ai-project\ai\data\processed\skin_type\val\normal\normal_val_00313.jpg,normal,val
C:\DATN\skin-ai-project\ai\data\processed\skin_type\val\normal\normal_val_00314.jpg,normal,val
C:\DATN\skin-ai-project\ai\data\processed\skin_type\val\normal\normal_val_00315.jpg,normal,val
C:\DATN\skin-ai-project\ai\data\processed\skin_type\val\normal\normal_val_00316.jpg,normal,val
C:\DATN\skin-ai-project\ai\data\processed\skin_type\val\oily\oily_val_00317.jpg,oily,val
C:\DATN\skin-ai-project\ai\data\processed\skin_type\val\normal\normal_val_00318.jpg,normal,val
C:\DATN\skin-ai-project\ai\data\processed\skin_type\val\dry\dry_val_00319.jpg,dry,val
C:\DATN\skin-ai-project\ai\data\processed\skin_type\val\normal\normal_val_00320.jpg,normal,val
C:\DATN\skin-ai-project\ai\data\processed\skin_type\val\normal\normal_val_00321.jpg,normal,val
C:\DATN\skin-ai-project\ai\data\processed\skin_type\val\normal\normal_val_00322.jpg,normal,val
C:\DATN\skin-ai-project\ai\data\processed\skin_type\val\dry\dry_val_00323.jpg,dry,val
C:\DATN\skin-ai-project\ai\data\processed\skin_type\val\normal\normal_val_00324.jpg,normal,val
C:\DATN\skin-ai-project\ai\data\processed\skin_type\val\oily\oily_val_00325.jpg,oily,val
C:\DATN\skin-ai-project\ai\data\processed\skin_type\val\normal\normal_val_00326.jpg,normal,val
C:\DATN\skin-ai-project\ai\data\processed\skin_type\val\normal\normal_val_00327.jpg,normal,val
C:\DATN\skin-ai-project\ai\data\processed\skin_type\val\normal\normal_val_00328.jpg,normal,val
C:\DATN\skin-ai-project\ai\data\processed\skin_type\val\normal\normal_val_00329.jpg,normal,val
C:\DATN\skin-ai-project\ai\data\processed\skin_type\val\normal\normal_val_00330.jpg,normal,val
C:\DATN\skin-ai-project\ai\data\processed\skin_type\val\normal\normal_val_00331.jpg,normal,val
C:\DATN\skin-ai-project\ai\data\processed\skin_type\val\normal\normal_val_00332.jpg,normal,val
C:\DATN\skin-ai-project\ai\data\processed\skin_type\val\dry\dry_val_00333.jpg,dry,val
C:\DATN\skin-ai-project\ai\data\processed\skin_type\val\oily\oily_val_00334.jpg,oily,val
C:\DATN\skin-ai-project\ai\data\processed\skin_type\val\normal\normal_val_00335.jpg,normal,val
C:\DATN\skin-ai-project\ai\data\processed\skin_type\val\normal\normal_val_00336.jpg,normal,val
C:\DATN\skin-ai-project\ai\data\processed\skin_type\val\normal\normal_val_00337.jpg,normal,val
C:\DATN\skin-ai-project\ai\data\processed\skin_type\val\normal\normal_val_00338.jpg,normal,val
C:\DATN\skin-ai-project\ai\data\processed\skin_type\val\oily\oily_val_00339.jpg,oily,val
C:\DATN\skin-ai-project\ai\data\processed\skin_type\val\normal\normal_val_00340.jpg,normal,val
C:\DATN\skin-ai-project\ai\data\processed\skin_type\val\normal\normal_val_00341.jpg,normal,val
C:\DATN\skin-ai-project\ai\data\processed\skin_type\val\oily\oily_val_00342.jpg,oily,val
C:\DATN\skin-ai-project\ai\data\processed\skin_type\val\normal\normal_val_00343.jpg,normal,val
C:\DATN\skin-ai-project\ai\data\processed\skin_type\val\normal\normal_val_00344.jpg,normal,val
C:\DATN\skin-ai-project\ai\data\processed\skin_type\val\normal\normal_val_00345.jpg,normal,val
C:\DATN\skin-ai-project\ai\data\processed\skin_type\val\normal\normal_val_00346.jpg,normal,val
C:\DATN\skin-ai-project\ai\data\processed\skin_type\val\normal\normal_val_00347.jpg,normal,val
C:\DATN\skin-ai-project\ai\data\processed\skin_type\val\normal\normal_val_00348.jpg,normal,val
C:\DATN\skin-ai-project\ai\data\processed\skin_type\val\oily\oily_val_00349.jpg,oily,val
C:\DATN\skin-ai-project\ai\data\processed\skin_type\val\normal\normal_val_00350.jpg,normal,val
C:\DATN\skin-ai-project\ai\data\processed\skin_type\val\normal\normal_val_00351.jpg,normal,val
C:\DATN\skin-ai-project\ai\data\processed\skin_type\val\oily\oily_val_00352.jpg,oily,val
C:\DATN\skin-ai-project\ai\data\processed\skin_type\val\normal\normal_val_00353.jpg,normal,val
C:\DATN\skin-ai-project\ai\data\processed\skin_type\val\normal\normal_val_00354.jpg,normal,val
C:\DATN\skin-ai-project\ai\data\processed\skin_type\val\normal\normal_val_00355.jpg,normal,val
C:\DATN\skin-ai-project\ai\data\processed\skin_type\val\normal\normal_val_00356.jpg,normal,val
C:\DATN\skin-ai-project\ai\data\processed\skin_type\val\oily\oily_val_00357.jpg,oily,val
C:\DATN\skin-ai-project\ai\data\processed\skin_type\val\normal\normal_val_00358.jpg,normal,val
C:\DATN\skin-ai-project\ai\data\processed\skin_type\val\normal\normal_val_00359.jpg,normal,val
C:\DATN\skin-ai-project\ai\data\processed\skin_type\val\normal\normal_val_00360.jpg,normal,val
C:\DATN\skin-ai-project\ai\data\processed\skin_type\val\oily\oily_val_00361.jpg,oily,val
C:\DATN\skin-ai-project\ai\data\processed\skin_type\val\normal\normal_val_00362.jpg,normal,val
C:\DATN\skin-ai-project\ai\data\processed\skin_type\val\normal\normal_val_00363.jpg,normal,val
C:\DATN\skin-ai-project\ai\data\processed\skin_type\val\normal\normal_val_00364.jpg,normal,val
C:\DATN\skin-ai-project\ai\data\processed\skin_type\val\oily\oily_val_00365.jpg,oily,val
C:\DATN\skin-ai-project\ai\data\processed\skin_type\val\normal\normal_val_00366.jpg,normal,val
C:\DATN\skin-ai-project\ai\data\processed\skin_type\val\normal\normal_val_00367.jpg,normal,val
C:\DATN\skin-ai-project\ai\data\processed\skin_type\val\normal\normal_val_00368.jpg,normal,val
C:\DATN\skin-ai-project\ai\data\processed\skin_type\val\normal\normal_val_00369.jpg,normal,val
C:\DATN\skin-ai-project\ai\data\processed\skin_type\val\dry\dry_val_00370.jpg,dry,val
C:\DATN\skin-ai-project\ai\data\processed\skin_type\val\normal\normal_val_00371.jpg,normal,val
C:\DATN\skin-ai-project\ai\data\processed\skin_type\val\oily\oily_val_00372.jpg,oily,val
C:\DATN\skin-ai-project\ai\data\processed\skin_type\val\normal\normal_val_00373.jpg,normal,val
C:\DATN\skin-ai-project\ai\data\processed\skin_type\val\normal\normal_val_00374.jpg,normal,val
C:\DATN\skin-ai-project\ai\data\processed\skin_type\val\normal\normal_val_00375.jpg,normal,val
C:\DATN\skin-ai-project\ai\data\processed\skin_type\val\normal\normal_val_00376.jpg,normal,val
C:\DATN\skin-ai-project\ai\data\processed\skin_type\val\normal\normal_val_00377.jpg,normal,val
C:\DATN\skin-ai-project\ai\data\processed\skin_type\val\normal\normal_val_00378.jpg,normal,val
C:\DATN\skin-ai-project\ai\data\processed\skin_type\val\oily\oily_val_00379.jpg,oily,val
C:\DATN\skin-ai-project\ai\data\processed\skin_type\val\dry\dry_val_00380.jpg,dry,val
C:\DATN\skin-ai-project\ai\data\processed\skin_type\val\normal\normal_val_00381.jpg,normal,val
C:\DATN\skin-ai-project\ai\data\processed\skin_type\val\normal\normal_val_00382.jpg,normal,val
C:\DATN\skin-ai-project\ai\data\processed\skin_type\val\normal\normal_val_00383.jpg,normal,val
C:\DATN\skin-ai-project\ai\data\processed\skin_type\val\normal\normal_val_00384.jpg,normal,val
C:\DATN\skin-ai-project\ai\data\processed\skin_type\val\dry\dry_val_00385.jpg,dry,val
C:\DATN\skin-ai-project\ai\data\processed\skin_type\val\oily\oily_val_00386.jpg,oily,val
C:\DATN\skin-ai-project\ai\data\processed\skin_type\val\normal\normal_val_00387.jpg,normal,val
C:\DATN\skin-ai-project\ai\data\processed\skin_type\val\normal\normal_val_00388.jpg,normal,val
C:\DATN\skin-ai-project\ai\data\processed\skin_type\val\normal\normal_val_00389.jpg,normal,val
C:\DATN\skin-ai-project\ai\data\processed\skin_type\val\normal\normal_val_00390.jpg,normal,val
C:\DATN\skin-ai-project\ai\data\processed\skin_type\val\dry\dry_val_00391.jpg,dry,val
C:\DATN\skin-ai-project\ai\data\processed\skin_type\val\normal\normal_val_00392.jpg,normal,val
C:\DATN\skin-ai-project\ai\data\processed\skin_type\val\normal\normal_val_00393.jpg,normal,val
C:\DATN\skin-ai-project\ai\data\processed\skin_type\val\normal\normal_val_00394.jpg,normal,val
C:\DATN\skin-ai-project\ai\data\processed\skin_type\val\oily\oily_val_00395.jpg,oily,val
C:\DATN\skin-ai-project\ai\data\processed\skin_type\val\normal\normal_val_00396.jpg,normal,val
C:\DATN\skin-ai-project\ai\data\processed\skin_type\val\dry\dry_val_00397.jpg,dry,val
C:\DATN\skin-ai-project\ai\data\processed\skin_type\val\normal\normal_val_00398.jpg,normal,val
C:\DATN\skin-ai-project\ai\data\processed\skin_type\val\normal\normal_val_00399.jpg,normal,val
C:\DATN\skin-ai-project\ai\data\processed\skin_type\val\normal\normal_val_00400.jpg,normal,val
C:\DATN\skin-ai-project\ai\data\processed\skin_type\val\oily\oily_val_00401.jpg,oily,val
C:\DATN\skin-ai-project\ai\data\processed\skin_type\val\oily\oily_val_00402.jpg,oily,val
C:\DATN\skin-ai-project\ai\data\processed\skin_type\val\normal\normal_val_00403.jpg,normal,val
C:\DATN\skin-ai-project\ai\data\processed\skin_type\val\normal\normal_val_00404.jpg,normal,val
C:\DATN\skin-ai-project\ai\data\processed\skin_type\val\normal\normal_val_00405.jpg,normal,val
C:\DATN\skin-ai-project\ai\data\processed\skin_type\val\normal\normal_val_00406.jpg,normal,val
C:\DATN\skin-ai-project\ai\data\processed\skin_type\val\normal\normal_val_00407.jpg,normal,val
C:\DATN\skin-ai-project\ai\data\processed\skin_type\val\dry\dry_val_00408.jpg,dry,val
C:\DATN\skin-ai-project\ai\data\processed\skin_type\val\oily\oily_val_00409.jpg,oily,val
C:\DATN\skin-ai-project\ai\data\processed\skin_type\val\dry\dry_val_00410.jpg,dry,val
C:\DATN\skin-ai-project\ai\data\processed\skin_type\val\oily\oily_val_00411.jpg,oily,val
C:\DATN\skin-ai-project\ai\data\processed\skin_type\val\dry\dry_val_00412.jpg,dry,val
C:\DATN\skin-ai-project\ai\data\processed\skin_type\val\normal\normal_val_00413.jpg,normal,val
C:\DATN\skin-ai-project\ai\data\processed\skin_type\val\normal\normal_val_00414.jpg,normal,val
C:\DATN\skin-ai-project\ai\data\processed\skin_type\val\oily\oily_val_00415.jpg,oily,val
C:\DATN\skin-ai-project\ai\data\processed\skin_type\val\normal\normal_val_00416.jpg,normal,val
C:\DATN\skin-ai-project\ai\data\processed\skin_type\val\normal\normal_val_00417.jpg,normal,val
C:\DATN\skin-ai-project\ai\data\processed\skin_type\val\normal\normal_val_00418.jpg,normal,val
C:\DATN\skin-ai-project\ai\data\processed\skin_type\val\oily\oily_val_00419.jpg,oily,val
C:\DATN\skin-ai-project\ai\data\processed\skin_type\val\normal\normal_val_00420.jpg,normal,val
C:\DATN\skin-ai-project\ai\data\processed\skin_type\val\oily\oily_val_00421.jpg,oily,val
C:\DATN\skin-ai-project\ai\data\processed\skin_type\val\normal\normal_val_00422.jpg,normal,val
C:\DATN\skin-ai-project\ai\data\processed\skin_type\val\dry\dry_val_00423.jpg,dry,val
C:\DATN\skin-ai-project\ai\data\processed\skin_type\val\oily\oily_val_00424.jpg,oily,val
C:\DATN\skin-ai-project\ai\data\processed\skin_type\val\normal\normal_val_00425.jpg,normal,val
C:\DATN\skin-ai-project\ai\data\processed\skin_type\val\oily\oily_val_00426.jpg,oily,val
C:\DATN\skin-ai-project\ai\data\processed\skin_type\val\oily\oily_val_00427.jpg,oily,val
C:\DATN\skin-ai-project\ai\data\processed\skin_type\val\normal\normal_val_00428.jpg,normal,val
C:\DATN\skin-ai-project\ai\data\processed\skin_type\val\oily\oily_val_00429.jpg,oily,val
C:\DATN\skin-ai-project\ai\data\processed\skin_type\val\normal\normal_val_00430.jpg,normal,val
C:\DATN\skin-ai-project\ai\data\processed\skin_type\val\normal\normal_val_00431.jpg,normal,val
C:\DATN\skin-ai-project\ai\data\processed\skin_type\val\normal\normal_val_00432.jpg,normal,val
C:\DATN\skin-ai-project\ai\data\processed\skin_type\val\normal\normal_val_00433.jpg,normal,val
C:\DATN\skin-ai-project\ai\data\processed\skin_type\val\oily\oily_val_00434.jpg,oily,val
C:\DATN\skin-ai-project\ai\data\processed\skin_type\val\oily\oily_val_00435.jpg,oily,val
C:\DATN\skin-ai-project\ai\data\processed\skin_type\val\normal\normal_val_00436.jpg,normal,val
C:\DATN\skin-ai-project\ai\data\processed\skin_type\val\dry\dry_val_00437.jpg,dry,val
C:\DATN\skin-ai-project\ai\data\processed\skin_type\val\oily\oily_val_00438.jpg,oily,val
C:\DATN\skin-ai-project\ai\data\processed\skin_type\val\normal\normal_val_00439.jpg,normal,val
C:\DATN\skin-ai-project\ai\data\processed\skin_type\val\normal\normal_val_00440.jpg,normal,val
C:\DATN\skin-ai-project\ai\data\processed\skin_type\val\normal\normal_val_00441.jpg,normal,val
C:\DATN\skin-ai-project\ai\data\processed\skin_type\val\normal\normal_val_00442.jpg,normal,val
C:\DATN\skin-ai-project\ai\data\processed\skin_type\val\normal\normal_val_00443.jpg,normal,val
C:\DATN\skin-ai-project\ai\data\processed\skin_type\val\normal\normal_val_00444.jpg,normal,val
C:\DATN\skin-ai-project\ai\data\processed\skin_type\val\normal\normal_val_00445.jpg,normal,val
C:\DATN\skin-ai-project\ai\data\processed\skin_type\val\normal\normal_val_00446.jpg,normal,val
C:\DATN\skin-ai-project\ai\data\processed\skin_type\val\oily\oily_val_00447.jpg,oily,val
C:\DATN\skin-ai-project\ai\data\processed\skin_type\val\normal\normal_val_00448.jpg,normal,val
C:\DATN\skin-ai-project\ai\data\processed\skin_type\val\dry\dry_val_00449.jpg,dry,val
C:\DATN\skin-ai-project\ai\data\processed\skin_type\val\dry\dry_val_00450.jpg,dry,val
C:\DATN\skin-ai-project\ai\data\processed\skin_type\val\normal\normal_val_00451.jpg,normal,val
C:\DATN\skin-ai-project\ai\data\processed\skin_type\val\normal\normal_val_00452.jpg,normal,val
C:\DATN\skin-ai-project\ai\data\processed\skin_type\val\normal\normal_val_00453.jpg,normal,val
C:\DATN\skin-ai-project\ai\data\processed\skin_type\val\normal\normal_val_00454.jpg,normal,val
C:\DATN\skin-ai-project\ai\data\processed\skin_type\val\oily\oily_val_00455.jpg,oily,val
C:\DATN\skin-ai-project\ai\data\processed\skin_type\val\oily\oily_val_00456.jpg,oily,val
C:\DATN\skin-ai-project\ai\data\processed\skin_type\val\dry\dry_val_00457.jpg,dry,val
C:\DATN\skin-ai-project\ai\data\processed\skin_type\val\normal\normal_val_00458.jpg,normal,val
C:\DATN\skin-ai-project\ai\data\processed\skin_type\val\normal\normal_val_00459.jpg,normal,val
C:\DATN\skin-ai-project\ai\data\processed\skin_type\val\normal\normal_val_00460.jpg,normal,val
C:\DATN\skin-ai-project\ai\data\processed\skin_type\val\normal\normal_val_00461.jpg,normal,val
C:\DATN\skin-ai-project\ai\data\processed\skin_type\val\normal\normal_val_00462.jpg,normal,val
C:\DATN\skin-ai-project\ai\data\processed\skin_type\val\normal\normal_val_00463.jpg,normal,val
C:\DATN\skin-ai-project\ai\data\processed\skin_type\val\normal\normal_val_00464.jpg,normal,val
C:\DATN\skin-ai-project\ai\data\processed\skin_type\val\normal\normal_val_00465.jpg,normal,val
C:\DATN\skin-ai-project\ai\data\processed\skin_type\val\oily\oily_val_00466.jpg,oily,val
C:\DATN\skin-ai-project\ai\data\processed\skin_type\val\oily\oily_val_00467.jpg,oily,val
C:\DATN\skin-ai-project\ai\data\processed\skin_type\val\oily\oily_val_00468.jpg,oily,val
C:\DATN\skin-ai-project\ai\data\processed\skin_type\val\normal\normal_val_00469.jpg,normal,val
C:\DATN\skin-ai-project\ai\data\processed\skin_type\val\normal\normal_val_00470.jpg,normal,val
C:\DATN\skin-ai-project\ai\data\processed\skin_type\val\oily\oily_val_00471.jpg,oily,val
C:\DATN\skin-ai-project\ai\data\processed\skin_type\val\dry\dry_val_00472.jpg,dry,val
C:\DATN\skin-ai-project\ai\data\processed\skin_type\val\normal\normal_val_00473.jpg,normal,val
C:\DATN\skin-ai-project\ai\data\processed\skin_type\val\normal\normal_val_00474.jpg,normal,val
C:\DATN\skin-ai-project\ai\data\processed\skin_type\val\normal\normal_val_00475.jpg,normal,val
C:\DATN\skin-ai-project\ai\data\processed\skin_type\val\normal\normal_val_00476.jpg,normal,val
C:\DATN\skin-ai-project\ai\data\processed\skin_type\val\normal\normal_val_00477.jpg,normal,val
C:\DATN\skin-ai-project\ai\data\processed\skin_type\val\dry\dry_val_00478.jpg,dry,val
C:\DATN\skin-ai-project\ai\data\processed\skin_type\val\dry\dry_val_00479.jpg,dry,val
C:\DATN\skin-ai-project\ai\data\processed\skin_type\val\normal\normal_val_00480.jpg,normal,val
C:\DATN\skin-ai-project\ai\data\processed\skin_type\val\normal\normal_val_00481.jpg,normal,val
C:\DATN\skin-ai-project\ai\data\processed\skin_type\val\dry\dry_val_00482.jpg,dry,val
C:\DATN\skin-ai-project\ai\data\processed\skin_type\val\normal\normal_val_00483.jpg,normal,val
C:\DATN\skin-ai-project\ai\data\processed\skin_type\val\normal\normal_val_00484.jpg,normal,val
C:\DATN\skin-ai-project\ai\data\processed\skin_type\val\dry\dry_val_00485.jpg,dry,val
C:\DATN\skin-ai-project\ai\data\processed\skin_type\val\oily\oily_val_00486.jpg,oily,val
C:\DATN\skin-ai-project\ai\data\processed\skin_type\val\normal\normal_val_00487.jpg,normal,val
C:\DATN\skin-ai-project\ai\data\processed\skin_type\val\normal\normal_val_00488.jpg,normal,val
C:\DATN\skin-ai-project\ai\data\processed\skin_type\val\dry\dry_val_00489.jpg,dry,val
C:\DATN\skin-ai-project\ai\data\processed\skin_type\val\normal\normal_val_00490.jpg,normal,val
C:\DATN\skin-ai-project\ai\data\processed\skin_type\val\normal\normal_val_00491.jpg,normal,val
C:\DATN\skin-ai-project\ai\data\processed\skin_type\val\dry\dry_val_00492.jpg,dry,val
C:\DATN\skin-ai-project\ai\data\processed\skin_type\val\oily\oily_val_00493.jpg,oily,val
C:\DATN\skin-ai-project\ai\data\processed\skin_type\val\normal\normal_val_00494.jpg,normal,val
C:\DATN\skin-ai-project\ai\data\processed\skin_type\val\normal\normal_val_00495.jpg,normal,val
C:\DATN\skin-ai-project\ai\data\processed\skin_type\val\normal\normal_val_00496.jpg,normal,val
C:\DATN\skin-ai-project\ai\data\processed\skin_type\val\normal\normal_val_00497.jpg,normal,val
C:\DATN\skin-ai-project\ai\data\processed\skin_type\val\oily\oily_val_00498.jpg,oily,val
C:\DATN\skin-ai-project\ai\data\processed\skin_type\val\oily\oily_val_00499.jpg,oily,val
C:\DATN\skin-ai-project\ai\data\processed\skin_type\val\normal\normal_val_00500.jpg,normal,val
C:\DATN\skin-ai-project\ai\data\processed\skin_type\val\oily\oily_val_00501.jpg,oily,val
C:\DATN\skin-ai-project\ai\data\processed\skin_type\val\normal\normal_val_00502.jpg,normal,val
C:\DATN\skin-ai-project\ai\data\processed\skin_type\val\normal\normal_val_00503.jpg,normal,val
C:\DATN\skin-ai-project\ai\data\processed\skin_type\val\normal\normal_val_00504.jpg,normal,val
C:\DATN\skin-ai-project\ai\data\processed\skin_type\val\dry\dry_val_00505.jpg,dry,val
C:\DATN\skin-ai-project\ai\data\processed\skin_type\val\normal\normal_val_00506.jpg,normal,val
C:\DATN\skin-ai-project\ai\data\processed\skin_type\val\dry\dry_val_00507.jpg,dry,val
C:\DATN\skin-ai-project\ai\data\processed\skin_type\val\normal\normal_val_00508.jpg,normal,val
C:\DATN\skin-ai-project\ai\data\processed\skin_type\val\normal\normal_val_00509.jpg,normal,val
C:\DATN\skin-ai-project\ai\data\processed\skin_type\val\oily\oily_val_00510.jpg,oily,val
C:\DATN\skin-ai-project\ai\data\processed\skin_type\val\normal\normal_val_00511.jpg,normal,val
C:\DATN\skin-ai-project\ai\data\processed\skin_type\val\dry\dry_val_00512.jpg,dry,val
C:\DATN\skin-ai-project\ai\data\processed\skin_type\val\normal\normal_val_00513.jpg,normal,val
C:\DATN\skin-ai-project\ai\data\processed\skin_type\val\normal\normal_val_00514.jpg,normal,val
C:\DATN\skin-ai-project\ai\data\processed\skin_type\val\normal\normal_val_00515.jpg,normal,val
C:\DATN\skin-ai-project\ai\data\processed\skin_type\val\normal\normal_val_00516.jpg,normal,val
C:\DATN\skin-ai-project\ai\data\processed\skin_type\val\oily\oily_val_00517.jpg,oily,val
C:\DATN\skin-ai-project\ai\data\processed\skin_type\val\oily\oily_val_00518.jpg,oily,val
C:\DATN\skin-ai-project\ai\data\processed\skin_type\val\oily\oily_val_00519.jpg,oily,val
C:\DATN\skin-ai-project\ai\data\processed\skin_type\val\normal\normal_val_00520.jpg,normal,val
C:\DATN\skin-ai-project\ai\data\processed\skin_type\val\normal\normal_val_00521.jpg,normal,val
C:\DATN\skin-ai-project\ai\data\processed\skin_type\val\normal\normal_val_00522.jpg,normal,val
C:\DATN\skin-ai-project\ai\data\processed\skin_type\val\dry\dry_val_00523.jpg,dry,val
C:\DATN\skin-ai-project\ai\data\processed\skin_type\val\dry\dry_val_00524.jpg,dry,val
C:\DATN\skin-ai-project\ai\data\processed\skin_type\val\dry\dry_val_00525.jpg,dry,val
C:\DATN\skin-ai-project\ai\data\processed\skin_type\val\normal\normal_val_00526.jpg,normal,val
C:\DATN\skin-ai-project\ai\data\processed\skin_type\val\normal\normal_val_00527.jpg,normal,val
C:\DATN\skin-ai-project\ai\data\processed\skin_type\val\normal\normal_val_00528.jpg,normal,val
C:\DATN\skin-ai-project\ai\data\processed\skin_type\val\oily\oily_val_00529.jpg,oily,val
C:\DATN\skin-ai-project\ai\data\processed\skin_type\val\normal\normal_val_00530.jpg,normal,val
C:\DATN\skin-ai-project\ai\data\processed\skin_type\val\normal\normal_val_00531.jpg,normal,val
C:\DATN\skin-ai-project\ai\data\processed\skin_type\val\normal\normal_val_00532.jpg,normal,val
C:\DATN\skin-ai-project\ai\data\processed\skin_type\val\oily\oily_val_00533.jpg,oily,val
C:\DATN\skin-ai-project\ai\data\processed\skin_type\val\oily\oily_val_00534.jpg,oily,val
C:\DATN\skin-ai-project\ai\data\processed\skin_type\val\oily\oily_val_00535.jpg,oily,val
C:\DATN\skin-ai-project\ai\data\processed\skin_type\val\normal\normal_val_00536.jpg,normal,val
C:\DATN\skin-ai-project\ai\data\processed\skin_type\val\oily\oily_val_00537.jpg,oily,val
C:\DATN\skin-ai-project\ai\data\processed\skin_type\val\dry\dry_val_00538.jpg,dry,val
C:\DATN\skin-ai-project\ai\data\processed\skin_type\val\normal\normal_val_00539.jpg,normal,val
C:\DATN\skin-ai-project\ai\data\processed\skin_type\val\oily\oily_val_00540.jpg,oily,val
C:\DATN\skin-ai-project\ai\data\processed\skin_type\val\oily\oily_val_00541.jpg,oily,val
C:\DATN\skin-ai-project\ai\data\processed\skin_type\val\normal\normal_val_00542.jpg,normal,val
C:\DATN\skin-ai-project\ai\data\processed\skin_type\val\normal\normal_val_00543.jpg,normal,val
C:\DATN\skin-ai-project\ai\data\processed\skin_type\val\normal\normal_val_00544.jpg,normal,val
C:\DATN\skin-ai-project\ai\data\processed\skin_type\val\oily\oily_val_00545.jpg,oily,val
C:\DATN\skin-ai-project\ai\data\processed\skin_type\val\normal\normal_val_00546.jpg,normal,val
C:\DATN\skin-ai-project\ai\data\processed\skin_type\val\dry\dry_val_00547.jpg,dry,val
C:\DATN\skin-ai-project\ai\data\processed\skin_type\val\dry\dry_val_00548.jpg,dry,val
C:\DATN\skin-ai-project\ai\data\processed\skin_type\val\normal\normal_val_00549.jpg,normal,val
C:\DATN\skin-ai-project\ai\data\processed\skin_type\val\normal\normal_val_00550.jpg,normal,val
C:\DATN\skin-ai-project\ai\data\processed\skin_type\val\normal\normal_val_00551.jpg,normal,val
C:\DATN\skin-ai-project\ai\data\processed\skin_type\val\dry\dry_val_00552.jpg,dry,val
C:\DATN\skin-ai-project\ai\data\processed\skin_type\val\normal\normal_val_00553.jpg,normal,val
C:\DATN\skin-ai-project\ai\data\processed\skin_type\val\normal\normal_val_00554.jpg,normal,val
C:\DATN\skin-ai-project\ai\data\processed\skin_type\val\dry\dry_val_00555.jpg,dry,val
C:\DATN\skin-ai-project\ai\data\processed\skin_type\val\normal\normal_val_00556.jpg,normal,val
C:\DATN\skin-ai-project\ai\data\processed\skin_type\val\normal\normal_val_00557.jpg,normal,val
C:\DATN\skin-ai-project\ai\data\processed\skin_type\val\dry\dry_val_00558.jpg,dry,val
C:\DATN\skin-ai-project\ai\data\processed\skin_type\val\dry\dry_val_00559.jpg,dry,val
C:\DATN\skin-ai-project\ai\data\processed\skin_type\val\normal\normal_val_00560.jpg,normal,val
C:\DATN\skin-ai-project\ai\data\processed\skin_type\val\dry\dry_val_00561.jpg,dry,val
C:\DATN\skin-ai-project\ai\data\processed\skin_type\val\oily\oily_val_00562.jpg,oily,val
C:\DATN\skin-ai-project\ai\data\processed\skin_type\val\oily\oily_val_00563.jpg,oily,val
C:\DATN\skin-ai-project\ai\data\processed\skin_type\val\dry\dry_val_00564.jpg,dry,val
C:\DATN\skin-ai-project\ai\data\processed\skin_type\val\normal\normal_val_00565.jpg,normal,val
C:\DATN\skin-ai-project\ai\data\processed\skin_type\val\oily\oily_val_00566.jpg,oily,val
C:\DATN\skin-ai-project\ai\data\processed\skin_type\val\oily\oily_val_00567.jpg,oily,val
C:\DATN\skin-ai-project\ai\data\processed\skin_type\val\oily\oily_val_00568.jpg,oily,val
C:\DATN\skin-ai-project\ai\data\processed\skin_type\val\normal\normal_val_00569.jpg,normal,val
C:\DATN\skin-ai-project\ai\data\processed\skin_type\val\dry\dry_val_00570.jpg,dry,val
C:\DATN\skin-ai-project\ai\data\processed\skin_type\val\normal\normal_val_00571.jpg,normal,val
C:\DATN\skin-ai-project\ai\data\processed\skin_type\val\normal\normal_val_00572.jpg,normal,val
C:\DATN\skin-ai-project\ai\data\processed\skin_type\val\normal\normal_val_00573.jpg,normal,val
C:\DATN\skin-ai-project\ai\data\processed\skin_type\val\dry\dry_val_00574.jpg,dry,val
C:\DATN\skin-ai-project\ai\data\processed\skin_type\val\oily\oily_val_00575.jpg,oily,val
C:\DATN\skin-ai-project\ai\data\processed\skin_type\val\dry\dry_val_00576.jpg,dry,val
C:\DATN\skin-ai-project\ai\data\processed\skin_type\val\normal\normal_val_00577.jpg,normal,val
C:\DATN\skin-ai-project\ai\data\processed\skin_type\val\normal\normal_val_00578.jpg,normal,val
C:\DATN\skin-ai-project\ai\data\processed\skin_type\val\normal\normal_val_00579.jpg,normal,val
C:\DATN\skin-ai-project\ai\data\processed\skin_type\val\normal\normal_val_00580.jpg,normal,val
C:\DATN\skin-ai-project\ai\data\processed\skin_type\val\normal\normal_val_00581.jpg,normal,val
C:\DATN\skin-ai-project\ai\data\processed\skin_type\val\normal\normal_val_00582.jpg,normal,val
C:\DATN\skin-ai-project\ai\data\processed\skin_type\val\normal\normal_val_00583.jpg,normal,val
C:\DATN\skin-ai-project\ai\data\processed\skin_type\val\dry\dry_val_00584.jpg,dry,val
C:\DATN\skin-ai-project\ai\data\processed\skin_type\val\dry\dry_val_00585.jpg,dry,val
C:\DATN\skin-ai-project\ai\data\processed\skin_type\val\oily\oily_val_00586.jpg,oily,val
C:\DATN\skin-ai-project\ai\data\processed\skin_type\val\normal\normal_val_00587.jpg,normal,val
C:\DATN\skin-ai-project\ai\data\processed\skin_type\val\normal\normal_val_00588.jpg,normal,val
C:\DATN\skin-ai-project\ai\data\processed\skin_type\val\normal\normal_val_00589.jpg,normal,val
C:\DATN\skin-ai-project\ai\data\processed\skin_type\val\dry\dry_val_00590.jpg,dry,val
C:\DATN\skin-ai-project\ai\data\processed\skin_type\val\normal\normal_val_00591.jpg,normal,val
C:\DATN\skin-ai-project\ai\data\processed\skin_type\val\oily\oily_val_00592.jpg,oily,val
C:\DATN\skin-ai-project\ai\data\processed\skin_type\val\normal\normal_val_00593.jpg,normal,val
C:\DATN\skin-ai-project\ai\data\processed\skin_type\val\normal\normal_val_00594.jpg,normal,val
C:\DATN\skin-ai-project\ai\data\processed\skin_type\val\oily\oily_val_00595.jpg,oily,val
C:\DATN\skin-ai-project\ai\data\processed\skin_type\val\normal\normal_val_00596.jpg,normal,val
C:\DATN\skin-ai-project\ai\data\processed\skin_type\val\normal\normal_val_00597.jpg,normal,val
C:\DATN\skin-ai-project\ai\data\processed\skin_type\val\oily\oily_val_00598.jpg,oily,val
C:\DATN\skin-ai-project\ai\data\processed\skin_type\val\normal\normal_val_00599.jpg,normal,val
C:\DATN\skin-ai-project\ai\data\processed\skin_type\val\normal\normal_val_00600.jpg,normal,val
C:\DATN\skin-ai-project\ai\data\processed\skin_type\val\normal\normal_val_00601.jpg,normal,val
C:\DATN\skin-ai-project\ai\data\processed\skin_type\val\oily\oily_val_00602.jpg,oily,val
C:\DATN\skin-ai-project\ai\data\processed\skin_type\val\oily\oily_val_00603.jpg,oily,val
C:\DATN\skin-ai-project\ai\data\processed\skin_type\val\normal\normal_val_00604.jpg,normal,val
C:\DATN\skin-ai-project\ai\data\processed\skin_type\val\normal\normal_val_00605.jpg,normal,val
C:\DATN\skin-ai-project\ai\data\processed\skin_type\val\dry\dry_val_00606.jpg,dry,val
C:\DATN\skin-ai-project\ai\data\processed\skin_type\val\normal\normal_val_00607.jpg,normal,val
C:\DATN\skin-ai-project\ai\data\processed\skin_type\val\normal\normal_val_00608.jpg,normal,val
C:\DATN\skin-ai-project\ai\data\processed\skin_type\val\normal\normal_val_00609.jpg,normal,val
C:\DATN\skin-ai-project\ai\data\processed\skin_type\val\normal\normal_val_00610.jpg,normal,val
C:\DATN\skin-ai-project\ai\data\processed\skin_type\val\oily\oily_val_00611.jpg,oily,val
C:\DATN\skin-ai-project\ai\data\processed\skin_type\val\dry\dry_val_00612.jpg,dry,val
C:\DATN\skin-ai-project\ai\data\processed\skin_type\val\normal\normal_val_00613.jpg,normal,val
C:\DATN\skin-ai-project\ai\data\processed\skin_type\val\oily\oily_val_00614.jpg,oily,val
C:\DATN\skin-ai-project\ai\data\processed\skin_type\val\normal\normal_val_00615.jpg,normal,val
C:\DATN\skin-ai-project\ai\data\processed\skin_type\val\normal\normal_val_00616.jpg,normal,val
C:\DATN\skin-ai-project\ai\data\processed\skin_type\val\oily\oily_val_00617.jpg,oily,val
C:\DATN\skin-ai-project\ai\data\processed\skin_type\val\oily\oily_val_00618.jpg,oily,val
C:\DATN\skin-ai-project\ai\data\processed\skin_type\val\normal\normal_val_00619.jpg,normal,val
C:\DATN\skin-ai-project\ai\data\processed\skin_type\val\normal\normal_val_00620.jpg,normal,val
C:\DATN\skin-ai-project\ai\data\processed\skin_type\val\normal\normal_val_00621.jpg,normal,val
C:\DATN\skin-ai-project\ai\data\processed\skin_type\val\oily\oily_val_00622.jpg,oily,val
C:\DATN\skin-ai-project\ai\data\processed\skin_type\val\normal\normal_val_00623.jpg,normal,val
C:\DATN\skin-ai-project\ai\data\processed\skin_type\val\normal\normal_val_00624.jpg,normal,val
C:\DATN\skin-ai-project\ai\data\processed\skin_type\val\normal\normal_val_00625.jpg,normal,val
C:\DATN\skin-ai-project\ai\data\processed\skin_type\val\normal\normal_val_00626.jpg,normal,val
C:\DATN\skin-ai-project\ai\data\processed\skin_type\val\oily\oily_val_00627.jpg,oily,val
C:\DATN\skin-ai-project\ai\data\processed\skin_type\val\normal\normal_val_00628.jpg,normal,val
C:\DATN\skin-ai-project\ai\data\processed\skin_type\val\dry\dry_val_00629.jpg,dry,val
C:\DATN\skin-ai-project\ai\data\processed\skin_type\val\normal\normal_val_00630.jpg,normal,val
C:\DATN\skin-ai-project\ai\data\processed\skin_type\val\normal\normal_val_00631.jpg,normal,val
C:\DATN\skin-ai-project\ai\data\processed\skin_type\val\normal\normal_val_00632.jpg,normal,val
C:\DATN\skin-ai-project\ai\data\processed\skin_type\val\normal\normal_val_00633.jpg,normal,val
C:\DATN\skin-ai-project\ai\data\processed\skin_type\val\oily\oily_val_00634.jpg,oily,val
C:\DATN\skin-ai-project\ai\data\processed\skin_type\val\oily\oily_val_00635.jpg,oily,val
C:\DATN\skin-ai-project\ai\data\processed\skin_type\val\dry\dry_val_00636.jpg,dry,val
C:\DATN\skin-ai-project\ai\data\processed\skin_type\val\normal\normal_val_00637.jpg,normal,val
C:\DATN\skin-ai-project\ai\data\processed\skin_type\val\dry\dry_val_00638.jpg,dry,val
C:\DATN\skin-ai-project\ai\data\processed\skin_type\val\normal\normal_val_00639.jpg,normal,val
C:\DATN\skin-ai-project\ai\data\processed\skin_type\val\normal\normal_val_00640.jpg,normal,val
C:\DATN\skin-ai-project\ai\data\processed\skin_type\val\dry\dry_val_00641.jpg,dry,val
C:\DATN\skin-ai-project\ai\data\processed\skin_type\val\normal\normal_val_00642.jpg,normal,val
C:\DATN\skin-ai-project\ai\data\processed\skin_type\val\normal\normal_val_00643.jpg,normal,val
C:\DATN\skin-ai-project\ai\data\processed\skin_type\val\dry\dry_val_00644.jpg,dry,val
C:\DATN\skin-ai-project\ai\data\processed\skin_type\val\normal\normal_val_00645.jpg,normal,val
C:\DATN\skin-ai-project\ai\data\processed\skin_type\val\oily\oily_val_00646.jpg,oily,val
C:\DATN\skin-ai-project\ai\data\processed\skin_type\val\normal\normal_val_00647.jpg,normal,val
C:\DATN\skin-ai-project\ai\data\processed\skin_type\val\normal\normal_val_00648.jpg,normal,val
C:\DATN\skin-ai-project\ai\data\processed\skin_type\val\normal\normal_val_00649.jpg,normal,val
C:\DATN\skin-ai-project\ai\data\processed\skin_type\val\normal\normal_val_00650.jpg,normal,val
C:\DATN\skin-ai-project\ai\data\processed\skin_type\val\normal\normal_val_00651.jpg,normal,val
C:\DATN\skin-ai-project\ai\data\processed\skin_type\val\dry\dry_val_00652.jpg,dry,val
C:\DATN\skin-ai-project\ai\data\processed\skin_type\val\oily\oily_val_00653.jpg,oily,val
C:\DATN\skin-ai-project\ai\data\processed\skin_type\val\dry\dry_val_00654.jpg,dry,val
C:\DATN\skin-ai-project\ai\data\processed\skin_type\val\dry\dry_val_00655.jpg,dry,val
C:\DATN\skin-ai-project\ai\data\processed\skin_type\val\oily\oily_val_00656.jpg,oily,val
C:\DATN\skin-ai-project\ai\data\processed\skin_type\val\normal\normal_val_00657.jpg,normal,val
C:\DATN\skin-ai-project\ai\data\processed\skin_type\val\normal\normal_val_00658.jpg,normal,val
C:\DATN\skin-ai-project\ai\data\processed\skin_type\val\normal\normal_val_00659.jpg,normal,val
C:\DATN\skin-ai-project\ai\data\processed\skin_type\val\normal\normal_val_00660.jpg,normal,val
C:\DATN\skin-ai-project\ai\data\processed\skin_type\val\normal\normal_val_00661.jpg,normal,val
C:\DATN\skin-ai-project\ai\data\processed\skin_type\val\normal\normal_val_00662.jpg,normal,val
C:\DATN\skin-ai-project\ai\data\processed\skin_type\val\normal\normal_val_00663.jpg,normal,val
C:\DATN\skin-ai-project\ai\data\processed\skin_type\val\oily\oily_val_00664.jpg,oily,val
C:\DATN\skin-ai-project\ai\data\processed\skin_type\val\normal\normal_val_00665.jpg,normal,val
C:\DATN\skin-ai-project\ai\data\processed\skin_type\val\dry\dry_val_00666.jpg,dry,val
C:\DATN\skin-ai-project\ai\data\processed\skin_type\val\normal\normal_val_00667.jpg,normal,val
C:\DATN\skin-ai-project\ai\data\processed\skin_type\val\oily\oily_val_00668.jpg,oily,val
C:\DATN\skin-ai-project\ai\data\processed\skin_type\val\oily\oily_val_00669.jpg,oily,val
C:\DATN\skin-ai-project\ai\data\processed\skin_type\val\normal\normal_val_00670.jpg,normal,val
C:\DATN\skin-ai-project\ai\data\processed\skin_type\val\normal\normal_val_00671.jpg,normal,val
C:\DATN\skin-ai-project\ai\data\processed\skin_type\val\normal\normal_val_00672.jpg,normal,val
C:\DATN\skin-ai-project\ai\data\processed\skin_type\val\normal\normal_val_00673.jpg,normal,val
C:\DATN\skin-ai-project\ai\data\processed\skin_type\val\normal\normal_val_00674.jpg,normal,val
C:\DATN\skin-ai-project\ai\data\processed\skin_type\val\normal\normal_val_00675.jpg,normal,val
C:\DATN\skin-ai-project\ai\data\processed\skin_type\val\oily\oily_val_00676.jpg,oily,val
C:\DATN\skin-ai-project\ai\data\processed\skin_type\val\normal\normal_val_00677.jpg,normal,val
C:\DATN\skin-ai-project\ai\data\processed\skin_type\val\normal\normal_val_00678.jpg,normal,val
C:\DATN\skin-ai-project\ai\data\processed\skin_type\val\normal\normal_val_00679.jpg,normal,val
C:\DATN\skin-ai-project\ai\data\processed\skin_type\val\normal\normal_val_00680.jpg,normal,val
C:\DATN\skin-ai-project\ai\data\processed\skin_type\val\oily\oily_val_00681.jpg,oily,val
C:\DATN\skin-ai-project\ai\data\processed\skin_type\val\oily\oily_val_00682.jpg,oily,val
C:\DATN\skin-ai-project\ai\data\processed\skin_type\val\normal\normal_val_00683.jpg,normal,val
C:\DATN\skin-ai-project\ai\data\processed\skin_type\val\normal\normal_val_00684.jpg,normal,val
C:\DATN\skin-ai-project\ai\data\processed\skin_type\val\normal\normal_val_00685.jpg,normal,val
C:\DATN\skin-ai-project\ai\data\processed\skin_type\val\normal\normal_val_00686.jpg,normal,val
C:\DATN\skin-ai-project\ai\data\processed\skin_type\val\normal\normal_val_00687.jpg,normal,val
C:\DATN\skin-ai-project\ai\data\processed\skin_type\val\oily\oily_val_00688.jpg,oily,val
C:\DATN\skin-ai-project\ai\data\processed\skin_type\val\normal\normal_val_00689.jpg,normal,val
C:\DATN\skin-ai-project\ai\data\processed\skin_type\val\normal\normal_val_00690.jpg,normal,val
C:\DATN\skin-ai-project\ai\data\processed\skin_type\val\normal\normal_val_00691.jpg,normal,val
C:\DATN\skin-ai-project\ai\data\processed\skin_type\val\normal\normal_val_00692.jpg,normal,val
C:\DATN\skin-ai-project\ai\data\processed\skin_type\val\dry\dry_val_00693.jpg,dry,val
C:\DATN\skin-ai-project\ai\data\processed\skin_type\val\normal\normal_val_00694.jpg,normal,val
C:\DATN\skin-ai-project\ai\data\processed\skin_type\val\dry\dry_val_00695.jpg,dry,val
C:\DATN\skin-ai-project\ai\data\processed\skin_type\val\oily\oily_val_00696.jpg,oily,val
C:\DATN\skin-ai-project\ai\data\processed\skin_type\val\dry\dry_val_00697.jpg,dry,val
C:\DATN\skin-ai-project\ai\data\processed\skin_type\val\normal\normal_val_00698.jpg,normal,val
C:\DATN\skin-ai-project\ai\data\processed\skin_type\val\oily\oily_val_00699.jpg,oily,val
C:\DATN\skin-ai-project\ai\data\processed\skin_type\val\normal\normal_val_00700.jpg,normal,val
C:\DATN\skin-ai-project\ai\data\processed\skin_type\val\normal\normal_val_00701.jpg,normal,val
C:\DATN\skin-ai-project\ai\data\processed\skin_type\val\normal\normal_val_00702.jpg,normal,val
C:\DATN\skin-ai-project\ai\data\processed\skin_type\val\normal\normal_val_00703.jpg,normal,val
C:\DATN\skin-ai-project\ai\data\processed\skin_type\val\oily\oily_val_00704.jpg,oily,val
C:\DATN\skin-ai-project\ai\data\processed\skin_type\val\dry\dry_val_00705.jpg,dry,val
C:\DATN\skin-ai-project\ai\data\processed\skin_type\val\normal\normal_val_00706.jpg,normal,val
C:\DATN\skin-ai-project\ai\data\processed\skin_type\val\oily\oily_val_00707.jpg,oily,val
C:\DATN\skin-ai-project\ai\data\processed\skin_type\val\normal\normal_val_00708.jpg,normal,val
C:\DATN\skin-ai-project\ai\data\processed\skin_type\val\oily\oily_val_00709.jpg,oily,val
C:\DATN\skin-ai-project\ai\data\processed\skin_type\val\oily\oily_val_00710.jpg,oily,val
C:\DATN\skin-ai-project\ai\data\processed\skin_type\val\normal\normal_val_00711.jpg,normal,val
C:\DATN\skin-ai-project\ai\data\processed\skin_type\val\normal\normal_val_00712.jpg,normal,val
C:\DATN\skin-ai-project\ai\data\processed\skin_type\val\normal\normal_val_00713.jpg,normal,val
C:\DATN\skin-ai-project\ai\data\processed\skin_type\val\dry\dry_val_00714.jpg,dry,val
C:\DATN\skin-ai-project\ai\data\processed\skin_type\val\oily\oily_val_00715.jpg,oily,val
C:\DATN\skin-ai-project\ai\data\processed\skin_type\val\normal\normal_val_00716.jpg,normal,val
C:\DATN\skin-ai-project\ai\data\processed\skin_type\val\dry\dry_val_00717.jpg,dry,val
C:\DATN\skin-ai-project\ai\data\processed\skin_type\val\oily\oily_val_00718.jpg,oily,val
C:\DATN\skin-ai-project\ai\data\processed\skin_type\val\normal\normal_val_00719.jpg,normal,val
C:\DATN\skin-ai-project\ai\data\processed\skin_type\val\oily\oily_val_00720.jpg,oily,val
C:\DATN\skin-ai-project\ai\data\processed\skin_type\val\normal\normal_val_00721.jpg,normal,val
C:\DATN\skin-ai-project\ai\data\processed\skin_type\val\normal\normal_val_00722.jpg,normal,val
C:\DATN\skin-ai-project\ai\data\processed\skin_type\val\oily\oily_val_00723.jpg,oily,val
C:\DATN\skin-ai-project\ai\data\processed\skin_type\val\oily\oily_val_00724.jpg,oily,val
C:\DATN\skin-ai-project\ai\data\processed\skin_type\val\normal\normal_val_00725.jpg,normal,val
C:\DATN\skin-ai-project\ai\data\processed\skin_type\val\normal\normal_val_00726.jpg,normal,val
C:\DATN\skin-ai-project\ai\data\processed\skin_type\val\normal\normal_val_00727.jpg,normal,val
C:\DATN\skin-ai-project\ai\data\processed\skin_type\val\oily\oily_val_00728.jpg,oily,val
C:\DATN\skin-ai-project\ai\data\processed\skin_type\val\oily\oily_val_00729.jpg,oily,val
C:\DATN\skin-ai-project\ai\data\processed\skin_type\val\normal\normal_val_00730.jpg,normal,val
C:\DATN\skin-ai-project\ai\data\processed\skin_type\val\normal\normal_val_00731.jpg,normal,val
C:\DATN\skin-ai-project\ai\data\processed\skin_type\val\dry\dry_val_00732.jpg,dry,val
C:\DATN\skin-ai-project\ai\data\processed\skin_type\val\normal\normal_val_00733.jpg,normal,val
C:\DATN\skin-ai-project\ai\data\processed\skin_type\val\normal\normal_val_00734.jpg,normal,val
C:\DATN\skin-ai-project\ai\data\processed\skin_type\val\normal\normal_val_00735.jpg,normal,val
C:\DATN\skin-ai-project\ai\data\processed\skin_type\val\oily\oily_val_00736.jpg,oily,val
C:\DATN\skin-ai-project\ai\data\processed\skin_type\val\normal\normal_val_00737.jpg,normal,val
C:\DATN\skin-ai-project\ai\data\processed\skin_type\val\normal\normal_val_00738.jpg,normal,val
C:\DATN\skin-ai-project\ai\data\processed\skin_type\val\oily\oily_val_00739.jpg,oily,val
C:\DATN\skin-ai-project\ai\data\processed\skin_type\val\oily\oily_val_00740.jpg,oily,val
C:\DATN\skin-ai-project\ai\data\processed\skin_type\val\normal\normal_val_00741.jpg,normal,val
C:\DATN\skin-ai-project\ai\data\processed\skin_type\val\oily\oily_val_00742.jpg,oily,val
C:\DATN\skin-ai-project\ai\data\processed\skin_type\val\oily\oily_val_00743.jpg,oily,val
C:\DATN\skin-ai-project\ai\data\processed\skin_type\val\dry\dry_val_00744.jpg,dry,val
C:\DATN\skin-ai-project\ai\data\processed\skin_type\val\normal\normal_val_00745.jpg,normal,val
C:\DATN\skin-ai-project\ai\data\processed\skin_type\val\normal\normal_val_00746.jpg,normal,val
C:\DATN\skin-ai-project\ai\data\processed\skin_type\val\normal\normal_val_00747.jpg,normal,val
C:\DATN\skin-ai-project\ai\data\processed\skin_type\val\normal\normal_val_00748.jpg,normal,val
C:\DATN\skin-ai-project\ai\data\processed\skin_type\val\oily\oily_val_00749.jpg,oily,val
C:\DATN\skin-ai-project\ai\data\processed\skin_type\val\dry\dry_val_00750.jpg,dry,val
C:\DATN\skin-ai-project\ai\data\processed\skin_type\val\normal\normal_val_00751.jpg,normal,val
C:\DATN\skin-ai-project\ai\data\processed\skin_type\val\oily\oily_val_00752.jpg,oily,val
C:\DATN\skin-ai-project\ai\data\processed\skin_type\val\normal\normal_val_00753.jpg,normal,val
C:\DATN\skin-ai-project\ai\data\processed\skin_type\val\dry\dry_val_00754.jpg,dry,val
C:\DATN\skin-ai-project\ai\data\processed\skin_type\val\normal\normal_val_00755.jpg,normal,val
C:\DATN\skin-ai-project\ai\data\processed\skin_type\val\normal\normal_val_00756.jpg,normal,val
C:\DATN\skin-ai-project\ai\data\processed\skin_type\val\normal\normal_val_00757.jpg,normal,val
C:\DATN\skin-ai-project\ai\data\processed\skin_type\val\normal\normal_val_00758.jpg,normal,val
C:\DATN\skin-ai-project\ai\data\processed\skin_type\val\normal\normal_val_00759.jpg,normal,val
C:\DATN\skin-ai-project\ai\data\processed\skin_type\val\dry\dry_val_00760.jpg,dry,val
C:\DATN\skin-ai-project\ai\data\processed\skin_type\val\normal\normal_val_00761.jpg,normal,val
C:\DATN\skin-ai-project\ai\data\processed\skin_type\val\normal\normal_val_00762.jpg,normal,val
C:\DATN\skin-ai-project\ai\data\processed\skin_type\val\normal\normal_val_00763.jpg,normal,val
C:\DATN\skin-ai-project\ai\data\processed\skin_type\val\normal\normal_val_00764.jpg,normal,val
C:\DATN\skin-ai-project\ai\data\processed\skin_type\val\normal\normal_val_00765.jpg,normal,val
C:\DATN\skin-ai-project\ai\data\processed\skin_type\val\dry\dry_val_00766.jpg,dry,val
C:\DATN\skin-ai-project\ai\data\processed\skin_type\val\normal\normal_val_00767.jpg,normal,val
C:\DATN\skin-ai-project\ai\data\processed\skin_type\val\normal\normal_val_00768.jpg,normal,val
C:\DATN\skin-ai-project\ai\data\processed\skin_type\val\normal\normal_val_00769.jpg,normal,val
C:\DATN\skin-ai-project\ai\data\processed\skin_type\val\normal\normal_val_00770.jpg,normal,val
C:\DATN\skin-ai-project\ai\data\processed\skin_type\val\oily\oily_val_00771.jpg,oily,val
C:\DATN\skin-ai-project\ai\data\processed\skin_type\val\normal\normal_val_00772.jpg,normal,val
C:\DATN\skin-ai-project\ai\data\processed\skin_type\val\oily\oily_val_00773.jpg,oily,val
C:\DATN\skin-ai-project\ai\data\processed\skin_type\val\normal\normal_val_00774.jpg,normal,val
C:\DATN\skin-ai-project\ai\data\processed\skin_type\val\oily\oily_val_00775.jpg,oily,val
C:\DATN\skin-ai-project\ai\data\processed\skin_type\val\normal\normal_val_00776.jpg,normal,val
C:\DATN\skin-ai-project\ai\data\processed\skin_type\val\normal\normal_val_00777.jpg,normal,val
C:\DATN\skin-ai-project\ai\data\processed\skin_type\val\normal\normal_val_00778.jpg,normal,val
C:\DATN\skin-ai-project\ai\data\processed\skin_type\val\normal\normal_val_00779.jpg,normal,val
C:\DATN\skin-ai-project\ai\data\processed\skin_type\val\normal\normal_val_00780.jpg,normal,val
C:\DATN\skin-ai-project\ai\data\processed\skin_type\val\normal\normal_val_00781.jpg,normal,val
C:\DATN\skin-ai-project\ai\data\processed\skin_type\val\normal\normal_val_00782.jpg,normal,val
C:\DATN\skin-ai-project\ai\data\processed\skin_type\val\dry\dry_val_00783.jpg,dry,val
C:\DATN\skin-ai-project\ai\data\processed\skin_type\val\dry\dry_val_00784.jpg,dry,val
C:\DATN\skin-ai-project\ai\data\processed\skin_type\val\oily\oily_val_00785.jpg,oily,val
C:\DATN\skin-ai-project\ai\data\processed\skin_type\val\oily\oily_val_00786.jpg,oily,val
C:\DATN\skin-ai-project\ai\data\processed\skin_type\val\normal\normal_val_00787.jpg,normal,val
C:\DATN\skin-ai-project\ai\data\processed\skin_type\val\dry\dry_val_00788.jpg,dry,val
C:\DATN\skin-ai-project\ai\data\processed\skin_type\val\normal\normal_val_00789.jpg,normal,val
C:\DATN\skin-ai-project\ai\data\processed\skin_type\val\normal\normal_val_00790.jpg,normal,val
C:\DATN\skin-ai-project\ai\data\processed\skin_type\test\oily\oily_test_00000.jpg,oily,test
C:\DATN\skin-ai-project\ai\data\processed\skin_type\test\oily\oily_test_00001.jpg,oily,test
C:\DATN\skin-ai-project\ai\data\processed\skin_type\test\normal\normal_test_00002.jpg,normal,test
C:\DATN\skin-ai-project\ai\data\processed\skin_type\test\normal\normal_test_00003.jpg,normal,test
C:\DATN\skin-ai-project\ai\data\processed\skin_type\test\normal\normal_test_00004.jpg,normal,test
C:\DATN\skin-ai-project\ai\data\processed\skin_type\test\normal\normal_test_00005.jpg,normal,test
C:\DATN\skin-ai-project\ai\data\processed\skin_type\test\normal\normal_test_00006.jpg,normal,test
C:\DATN\skin-ai-project\ai\data\processed\skin_type\test\dry\dry_test_00007.jpg,dry,test
C:\DATN\skin-ai-project\ai\data\processed\skin_type\test\normal\normal_test_00008.jpg,normal,test
C:\DATN\skin-ai-project\ai\data\processed\skin_type\test\normal\normal_test_00009.jpg,normal,test
C:\DATN\skin-ai-project\ai\data\processed\skin_type\test\normal\normal_test_00010.jpg,normal,test
C:\DATN\skin-ai-project\ai\data\processed\skin_type\test\oily\oily_test_00011.jpg,oily,test
C:\DATN\skin-ai-project\ai\data\processed\skin_type\test\normal\normal_test_00012.jpg,normal,test
C:\DATN\skin-ai-project\ai\data\processed\skin_type\test\dry\dry_test_00013.jpg,dry,test
C:\DATN\skin-ai-project\ai\data\processed\skin_type\test\normal\normal_test_00014.jpg,normal,test
C:\DATN\skin-ai-project\ai\data\processed\skin_type\test\oily\oily_test_00015.jpg,oily,test
C:\DATN\skin-ai-project\ai\data\processed\skin_type\test\normal\normal_test_00016.jpg,normal,test
C:\DATN\skin-ai-project\ai\data\processed\skin_type\test\normal\normal_test_00017.jpg,normal,test
C:\DATN\skin-ai-project\ai\data\processed\skin_type\test\normal\normal_test_00018.jpg,normal,test
C:\DATN\skin-ai-project\ai\data\processed\skin_type\test\normal\normal_test_00019.jpg,normal,test
C:\DATN\skin-ai-project\ai\data\processed\skin_type\test\normal\normal_test_00020.jpg,normal,test
C:\DATN\skin-ai-project\ai\data\processed\skin_type\test\oily\oily_test_00021.jpg,oily,test
C:\DATN\skin-ai-project\ai\data\processed\skin_type\test\normal\normal_test_00022.jpg,normal,test
C:\DATN\skin-ai-project\ai\data\processed\skin_type\test\dry\dry_test_00023.jpg,dry,test
C:\DATN\skin-ai-project\ai\data\processed\skin_type\test\normal\normal_test_00024.jpg,normal,test
C:\DATN\skin-ai-project\ai\data\processed\skin_type\test\oily\oily_test_00025.jpg,oily,test
C:\DATN\skin-ai-project\ai\data\processed\skin_type\test\normal\normal_test_00026.jpg,normal,test
C:\DATN\skin-ai-project\ai\data\processed\skin_type\test\dry\dry_test_00027.jpg,dry,test
C:\DATN\skin-ai-project\ai\data\processed\skin_type\test\normal\normal_test_00028.jpg,normal,test
C:\DATN\skin-ai-project\ai\data\processed\skin_type\test\normal\normal_test_00029.jpg,normal,test
C:\DATN\skin-ai-project\ai\data\processed\skin_type\test\normal\normal_test_00030.jpg,normal,test
C:\DATN\skin-ai-project\ai\data\processed\skin_type\test\normal\normal_test_00031.jpg,normal,test
C:\DATN\skin-ai-project\ai\data\processed\skin_type\test\oily\oily_test_00032.jpg,oily,test
C:\DATN\skin-ai-project\ai\data\processed\skin_type\test\normal\normal_test_00033.jpg,normal,test
C:\DATN\skin-ai-project\ai\data\processed\skin_type\test\normal\normal_test_00034.jpg,normal,test
C:\DATN\skin-ai-project\ai\data\processed\skin_type\test\dry\dry_test_00035.jpg,dry,test
C:\DATN\skin-ai-project\ai\data\processed\skin_type\test\normal\normal_test_00036.jpg,normal,test
C:\DATN\skin-ai-project\ai\data\processed\skin_type\test\normal\normal_test_00037.jpg,normal,test
C:\DATN\skin-ai-project\ai\data\processed\skin_type\test\normal\normal_test_00038.jpg,normal,test
C:\DATN\skin-ai-project\ai\data\processed\skin_type\test\normal\normal_test_00039.jpg,normal,test
C:\DATN\skin-ai-project\ai\data\processed\skin_type\test\normal\normal_test_00040.jpg,normal,test
C:\DATN\skin-ai-project\ai\data\processed\skin_type\test\oily\oily_test_00041.jpg,oily,test
C:\DATN\skin-ai-project\ai\data\processed\skin_type\test\oily\oily_test_00042.jpg,oily,test
C:\DATN\skin-ai-project\ai\data\processed\skin_type\test\normal\normal_test_00043.jpg,normal,test
C:\DATN\skin-ai-project\ai\data\processed\skin_type\test\oily\oily_test_00044.jpg,oily,test
C:\DATN\skin-ai-project\ai\data\processed\skin_type\test\normal\normal_test_00045.jpg,normal,test
C:\DATN\skin-ai-project\ai\data\processed\skin_type\test\normal\normal_test_00046.jpg,normal,test
C:\DATN\skin-ai-project\ai\data\processed\skin_type\test\normal\normal_test_00047.jpg,normal,test
C:\DATN\skin-ai-project\ai\data\processed\skin_type\test\dry\dry_test_00048.jpg,dry,test
C:\DATN\skin-ai-project\ai\data\processed\skin_type\test\normal\normal_test_00049.jpg,normal,test
C:\DATN\skin-ai-project\ai\data\processed\skin_type\test\normal\normal_test_00050.jpg,normal,test
C:\DATN\skin-ai-project\ai\data\processed\skin_type\test\oily\oily_test_00051.jpg,oily,test
C:\DATN\skin-ai-project\ai\data\processed\skin_type\test\normal\normal_test_00052.jpg,normal,test
C:\DATN\skin-ai-project\ai\data\processed\skin_type\test\normal\normal_test_00053.jpg,normal,test
C:\DATN\skin-ai-project\ai\data\processed\skin_type\test\normal\normal_test_00054.jpg,normal,test
C:\DATN\skin-ai-project\ai\data\processed\skin_type\test\dry\dry_test_00055.jpg,dry,test
C:\DATN\skin-ai-project\ai\data\processed\skin_type\test\normal\normal_test_00056.jpg,normal,test
C:\DATN\skin-ai-project\ai\data\processed\skin_type\test\normal\normal_test_00057.jpg,normal,test
C:\DATN\skin-ai-project\ai\data\processed\skin_type\test\normal\normal_test_00058.jpg,normal,test
C:\DATN\skin-ai-project\ai\data\processed\skin_type\test\dry\dry_test_00059.jpg,dry,test
C:\DATN\skin-ai-project\ai\data\processed\skin_type\test\dry\dry_test_00060.jpg,dry,test
C:\DATN\skin-ai-project\ai\data\processed\skin_type\test\oily\oily_test_00061.jpg,oily,test
C:\DATN\skin-ai-project\ai\data\processed\skin_type\test\normal\normal_test_00062.jpg,normal,test
C:\DATN\skin-ai-project\ai\data\processed\skin_type\test\oily\oily_test_00063.jpg,oily,test
C:\DATN\skin-ai-project\ai\data\processed\skin_type\test\oily\oily_test_00064.jpg,oily,test
C:\DATN\skin-ai-project\ai\data\processed\skin_type\test\oily\oily_test_00065.jpg,oily,test
C:\DATN\skin-ai-project\ai\data\processed\skin_type\test\normal\normal_test_00066.jpg,normal,test
C:\DATN\skin-ai-project\ai\data\processed\skin_type\test\oily\oily_test_00067.jpg,oily,test
C:\DATN\skin-ai-project\ai\data\processed\skin_type\test\normal\normal_test_00068.jpg,normal,test
C:\DATN\skin-ai-project\ai\data\processed\skin_type\test\normal\normal_test_00069.jpg,normal,test
C:\DATN\skin-ai-project\ai\data\processed\skin_type\test\normal\normal_test_00070.jpg,normal,test
C:\DATN\skin-ai-project\ai\data\processed\skin_type\test\normal\normal_test_00071.jpg,normal,test
C:\DATN\skin-ai-project\ai\data\processed\skin_type\test\oily\oily_test_00072.jpg,oily,test
C:\DATN\skin-ai-project\ai\data\processed\skin_type\test\normal\normal_test_00073.jpg,normal,test
C:\DATN\skin-ai-project\ai\data\processed\skin_type\test\normal\normal_test_00074.jpg,normal,test
C:\DATN\skin-ai-project\ai\data\processed\skin_type\test\normal\normal_test_00075.jpg,normal,test
C:\DATN\skin-ai-project\ai\data\processed\skin_type\test\dry\dry_test_00076.jpg,dry,test
C:\DATN\skin-ai-project\ai\data\processed\skin_type\test\normal\normal_test_00077.jpg,normal,test
C:\DATN\skin-ai-project\ai\data\processed\skin_type\test\dry\dry_test_00078.jpg,dry,test
C:\DATN\skin-ai-project\ai\data\processed\skin_type\test\dry\dry_test_00079.jpg,dry,test
C:\DATN\skin-ai-project\ai\data\processed\skin_type\test\normal\normal_test_00080.jpg,normal,test
C:\DATN\skin-ai-project\ai\data\processed\skin_type\test\normal\normal_test_00081.jpg,normal,test
C:\DATN\skin-ai-project\ai\data\processed\skin_type\test\normal\normal_test_00082.jpg,normal,test
C:\DATN\skin-ai-project\ai\data\processed\skin_type\test\oily\oily_test_00083.jpg,oily,test
C:\DATN\skin-ai-project\ai\data\processed\skin_type\test\dry\dry_test_00084.jpg,dry,test
C:\DATN\skin-ai-project\ai\data\processed\skin_type\test\normal\normal_test_00085.jpg,normal,test
C:\DATN\skin-ai-project\ai\data\processed\skin_type\test\normal\normal_test_00086.jpg,normal,test
C:\DATN\skin-ai-project\ai\data\processed\skin_type\test\normal\normal_test_00087.jpg,normal,test
C:\DATN\skin-ai-project\ai\data\processed\skin_type\test\oily\oily_test_00088.jpg,oily,test
C:\DATN\skin-ai-project\ai\data\processed\skin_type\test\normal\normal_test_00089.jpg,normal,test
C:\DATN\skin-ai-project\ai\data\processed\skin_type\test\normal\normal_test_00090.jpg,normal,test
C:\DATN\skin-ai-project\ai\data\processed\skin_type\test\normal\normal_test_00091.jpg,normal,test
C:\DATN\skin-ai-project\ai\data\processed\skin_type\test\oily\oily_test_00092.jpg,oily,test
C:\DATN\skin-ai-project\ai\data\processed\skin_type\test\normal\normal_test_00093.jpg,normal,test
C:\DATN\skin-ai-project\ai\data\processed\skin_type\test\oily\oily_test_00094.jpg,oily,test
C:\DATN\skin-ai-project\ai\data\processed\skin_type\test\normal\normal_test_00095.jpg,normal,test
C:\DATN\skin-ai-project\ai\data\processed\skin_type\test\dry\dry_test_00096.jpg,dry,test
C:\DATN\skin-ai-project\ai\data\processed\skin_type\test\oily\oily_test_00097.jpg,oily,test
C:\DATN\skin-ai-project\ai\data\processed\skin_type\test\normal\normal_test_00098.jpg,normal,test
C:\DATN\skin-ai-project\ai\data\processed\skin_type\test\oily\oily_test_00099.jpg,oily,test
C:\DATN\skin-ai-project\ai\data\processed\skin_type\test\normal\normal_test_00100.jpg,normal,test
C:\DATN\skin-ai-project\ai\data\processed\skin_type\test\normal\normal_test_00101.jpg,normal,test
C:\DATN\skin-ai-project\ai\data\processed\skin_type\test\normal\normal_test_00102.jpg,normal,test
C:\DATN\skin-ai-project\ai\data\processed\skin_type\test\normal\normal_test_00103.jpg,normal,test
C:\DATN\skin-ai-project\ai\data\processed\skin_type\test\oily\oily_test_00104.jpg,oily,test
C:\DATN\skin-ai-project\ai\data\processed\skin_type\test\normal\normal_test_00105.jpg,normal,test
C:\DATN\skin-ai-project\ai\data\processed\skin_type\test\normal\normal_test_00106.jpg,normal,test
C:\DATN\skin-ai-project\ai\data\processed\skin_type\test\normal\normal_test_00107.jpg,normal,test
C:\DATN\skin-ai-project\ai\data\processed\skin_type\test\normal\normal_test_00108.jpg,normal,test
C:\DATN\skin-ai-project\ai\data\processed\skin_type\test\normal\normal_test_00109.jpg,normal,test
C:\DATN\skin-ai-project\ai\data\processed\skin_type\test\dry\dry_test_00110.jpg,dry,test
C:\DATN\skin-ai-project\ai\data\processed\skin_type\test\normal\normal_test_00111.jpg,normal,test
C:\DATN\skin-ai-project\ai\data\processed\skin_type\test\normal\normal_test_00112.jpg,normal,test
C:\DATN\skin-ai-project\ai\data\processed\skin_type\test\normal\normal_test_00113.jpg,normal,test
C:\DATN\skin-ai-project\ai\data\processed\skin_type\test\normal\normal_test_00114.jpg,normal,test
C:\DATN\skin-ai-project\ai\data\processed\skin_type\test\normal\normal_test_00115.jpg,normal,test
C:\DATN\skin-ai-project\ai\data\processed\skin_type\test\normal\normal_test_00116.jpg,normal,test
C:\DATN\skin-ai-project\ai\data\processed\skin_type\test\normal\normal_test_00117.jpg,normal,test
C:\DATN\skin-ai-project\ai\data\processed\skin_type\test\normal\normal_test_00118.jpg,normal,test
C:\DATN\skin-ai-project\ai\data\processed\skin_type\test\normal\normal_test_00119.jpg,normal,test
C:\DATN\skin-ai-project\ai\data\processed\skin_type\test\dry\dry_test_00120.jpg,dry,test
C:\DATN\skin-ai-project\ai\data\processed\skin_type\test\normal\normal_test_00121.jpg,normal,test
C:\DATN\skin-ai-project\ai\data\processed\skin_type\test\oily\oily_test_00122.jpg,oily,test
C:\DATN\skin-ai-project\ai\data\processed\skin_type\test\oily\oily_test_00123.jpg,oily,test
C:\DATN\skin-ai-project\ai\data\processed\skin_type\test\normal\normal_test_00124.jpg,normal,test
C:\DATN\skin-ai-project\ai\data\processed\skin_type\test\normal\normal_test_00125.jpg,normal,test
C:\DATN\skin-ai-project\ai\data\processed\skin_type\test\normal\normal_test_00126.jpg,normal,test
C:\DATN\skin-ai-project\ai\data\processed\skin_type\test\normal\normal_test_00127.jpg,normal,test
C:\DATN\skin-ai-project\ai\data\processed\skin_type\test\oily\oily_test_00128.jpg,oily,test
C:\DATN\skin-ai-project\ai\data\processed\skin_type\test\normal\normal_test_00129.jpg,normal,test
C:\DATN\skin-ai-project\ai\data\processed\skin_type\test\dry\dry_test_00130.jpg,dry,test
C:\DATN\skin-ai-project\ai\data\processed\skin_type\test\normal\normal_test_00131.jpg,normal,test
C:\DATN\skin-ai-project\ai\data\processed\skin_type\test\normal\normal_test_00132.jpg,normal,test
C:\DATN\skin-ai-project\ai\data\processed\skin_type\test\dry\dry_test_00133.jpg,dry,test
C:\DATN\skin-ai-project\ai\data\processed\skin_type\test\normal\normal_test_00134.jpg,normal,test
C:\DATN\skin-ai-project\ai\data\processed\skin_type\test\normal\normal_test_00135.jpg,normal,test
C:\DATN\skin-ai-project\ai\data\processed\skin_type\test\oily\oily_test_00136.jpg,oily,test
C:\DATN\skin-ai-project\ai\data\processed\skin_type\test\normal\normal_test_00137.jpg,normal,test
C:\DATN\skin-ai-project\ai\data\processed\skin_type\test\normal\normal_test_00138.jpg,normal,test
C:\DATN\skin-ai-project\ai\data\processed\skin_type\test\dry\dry_test_00139.jpg,dry,test
C:\DATN\skin-ai-project\ai\data\processed\skin_type\test\dry\dry_test_00140.jpg,dry,test
C:\DATN\skin-ai-project\ai\data\processed\skin_type\test\dry\dry_test_00141.jpg,dry,test
C:\DATN\skin-ai-project\ai\data\processed\skin_type\test\dry\dry_test_00142.jpg,dry,test
C:\DATN\skin-ai-project\ai\data\processed\skin_type\test\normal\normal_test_00143.jpg,normal,test
C:\DATN\skin-ai-project\ai\data\processed\skin_type\test\normal\normal_test_00144.jpg,normal,test
C:\DATN\skin-ai-project\ai\data\processed\skin_type\test\normal\normal_test_00145.jpg,normal,test
C:\DATN\skin-ai-project\ai\data\processed\skin_type\test\oily\oily_test_00146.jpg,oily,test
C:\DATN\skin-ai-project\ai\data\processed\skin_type\test\normal\normal_test_00147.jpg,normal,test
C:\DATN\skin-ai-project\ai\data\processed\skin_type\test\oily\oily_test_00148.jpg,oily,test
C:\DATN\skin-ai-project\ai\data\processed\skin_type\test\oily\oily_test_00149.jpg,oily,test
C:\DATN\skin-ai-project\ai\data\processed\skin_type\test\normal\normal_test_00150.jpg,normal,test
C:\DATN\skin-ai-project\ai\data\processed\skin_type\test\normal\normal_test_00151.jpg,normal,test
C:\DATN\skin-ai-project\ai\data\processed\skin_type\test\oily\oily_test_00152.jpg,oily,test
C:\DATN\skin-ai-project\ai\data\processed\skin_type\test\normal\normal_test_00153.jpg,normal,test
C:\DATN\skin-ai-project\ai\data\processed\skin_type\test\dry\dry_test_00154.jpg,dry,test
C:\DATN\skin-ai-project\ai\data\processed\skin_type\test\normal\normal_test_00155.jpg,normal,test
C:\DATN\skin-ai-project\ai\data\processed\skin_type\test\oily\oily_test_00156.jpg,oily,test
C:\DATN\skin-ai-project\ai\data\processed\skin_type\test\normal\normal_test_00157.jpg,normal,test
C:\DATN\skin-ai-project\ai\data\processed\skin_type\test\normal\normal_test_00158.jpg,normal,test
C:\DATN\skin-ai-project\ai\data\processed\skin_type\test\normal\normal_test_00159.jpg,normal,test
C:\DATN\skin-ai-project\ai\data\processed\skin_type\test\oily\oily_test_00160.jpg,oily,test
C:\DATN\skin-ai-project\ai\data\processed\skin_type\test\normal\normal_test_00161.jpg,normal,test
C:\DATN\skin-ai-project\ai\data\processed\skin_type\test\normal\normal_test_00162.jpg,normal,test
C:\DATN\skin-ai-project\ai\data\processed\skin_type\test\normal\normal_test_00163.jpg,normal,test
C:\DATN\skin-ai-project\ai\data\processed\skin_type\test\normal\normal_test_00164.jpg,normal,test
C:\DATN\skin-ai-project\ai\data\processed\skin_type\test\normal\normal_test_00165.jpg,normal,test
C:\DATN\skin-ai-project\ai\data\processed\skin_type\test\normal\normal_test_00166.jpg,normal,test
C:\DATN\skin-ai-project\ai\data\processed\skin_type\test\dry\dry_test_00167.jpg,dry,test
C:\DATN\skin-ai-project\ai\data\processed\skin_type\test\normal\normal_test_00168.jpg,normal,test
C:\DATN\skin-ai-project\ai\data\processed\skin_type\test\normal\normal_test_00169.jpg,normal,test
C:\DATN\skin-ai-project\ai\data\processed\skin_type\test\normal\normal_test_00170.jpg,normal,test
C:\DATN\skin-ai-project\ai\data\processed\skin_type\test\normal\normal_test_00171.jpg,normal,test
C:\DATN\skin-ai-project\ai\data\processed\skin_type\test\normal\normal_test_00172.jpg,normal,test
C:\DATN\skin-ai-project\ai\data\processed\skin_type\test\normal\normal_test_00173.jpg,normal,test
C:\DATN\skin-ai-project\ai\data\processed\skin_type\test\normal\normal_test_00174.jpg,normal,test
C:\DATN\skin-ai-project\ai\data\processed\skin_type\test\normal\normal_test_00175.jpg,normal,test
C:\DATN\skin-ai-project\ai\data\processed\skin_type\test\dry\dry_test_00176.jpg,dry,test
C:\DATN\skin-ai-project\ai\data\processed\skin_type\test\normal\normal_test_00177.jpg,normal,test
C:\DATN\skin-ai-project\ai\data\processed\skin_type\test\normal\normal_test_00178.jpg,normal,test
C:\DATN\skin-ai-project\ai\data\processed\skin_type\test\oily\oily_test_00179.jpg,oily,test
C:\DATN\skin-ai-project\ai\data\processed\skin_type\test\normal\normal_test_00180.jpg,normal,test
C:\DATN\skin-ai-project\ai\data\processed\skin_type\test\dry\dry_test_00181.jpg,dry,test
C:\DATN\skin-ai-project\ai\data\processed\skin_type\test\oily\oily_test_00182.jpg,oily,test
C:\DATN\skin-ai-project\ai\data\processed\skin_type\test\normal\normal_test_00183.jpg,normal,test
C:\DATN\skin-ai-project\ai\data\processed\skin_type\test\normal\normal_test_00184.jpg,normal,test
C:\DATN\skin-ai-project\ai\data\processed\skin_type\test\normal\normal_test_00185.jpg,normal,test
C:\DATN\skin-ai-project\ai\data\processed\skin_type\test\oily\oily_test_00186.jpg,oily,test
C:\DATN\skin-ai-project\ai\data\processed\skin_type\test\normal\normal_test_00187.jpg,normal,test
C:\DATN\skin-ai-project\ai\data\processed\skin_type\test\normal\normal_test_00188.jpg,normal,test
C:\DATN\skin-ai-project\ai\data\processed\skin_type\test\normal\normal_test_00189.jpg,normal,test
C:\DATN\skin-ai-project\ai\data\processed\skin_type\test\oily\oily_test_00190.jpg,oily,test
C:\DATN\skin-ai-project\ai\data\processed\skin_type\test\oily\oily_test_00191.jpg,oily,test
C:\DATN\skin-ai-project\ai\data\processed\skin_type\test\dry\dry_test_00192.jpg,dry,test
C:\DATN\skin-ai-project\ai\data\processed\skin_type\test\normal\normal_test_00193.jpg,normal,test
C:\DATN\skin-ai-project\ai\data\processed\skin_type\test\dry\dry_test_00194.jpg,dry,test
C:\DATN\skin-ai-project\ai\data\processed\skin_type\test\normal\normal_test_00195.jpg,normal,test
C:\DATN\skin-ai-project\ai\data\processed\skin_type\test\oily\oily_test_00196.jpg,oily,test
C:\DATN\skin-ai-project\ai\data\processed\skin_type\test\normal\normal_test_00197.jpg,normal,test
C:\DATN\skin-ai-project\ai\data\processed\skin_type\test\normal\normal_test_00198.jpg,normal,test
C:\DATN\skin-ai-project\ai\data\processed\skin_type\test\normal\normal_test_00199.jpg,normal,test
C:\DATN\skin-ai-project\ai\data\processed\skin_type\test\dry\dry_test_00200.jpg,dry,test
C:\DATN\skin-ai-project\ai\data\processed\skin_type\test\normal\normal_test_00201.jpg,normal,test
C:\DATN\skin-ai-project\ai\data\processed\skin_type\test\normal\normal_test_00202.jpg,normal,test
C:\DATN\skin-ai-project\ai\data\processed\skin_type\test\oily\oily_test_00203.jpg,oily,test
C:\DATN\skin-ai-project\ai\data\processed\skin_type\test\normal\normal_test_00204.jpg,normal,test
C:\DATN\skin-ai-project\ai\data\processed\skin_type\test\normal\normal_test_00205.jpg,normal,test
C:\DATN\skin-ai-project\ai\data\processed\skin_type\test\normal\normal_test_00206.jpg,normal,test
C:\DATN\skin-ai-project\ai\data\processed\skin_type\test\normal\normal_test_00207.jpg,normal,test
C:\DATN\skin-ai-project\ai\data\processed\skin_type\test\oily\oily_test_00208.jpg,oily,test
C:\DATN\skin-ai-project\ai\data\processed\skin_type\test\oily\oily_test_00209.jpg,oily,test
C:\DATN\skin-ai-project\ai\data\processed\skin_type\test\oily\oily_test_00210.jpg,oily,test
C:\DATN\skin-ai-project\ai\data\processed\skin_type\test\normal\normal_test_00211.jpg,normal,test
C:\DATN\skin-ai-project\ai\data\processed\skin_type\test\dry\dry_test_00212.jpg,dry,test
C:\DATN\skin-ai-project\ai\data\processed\skin_type\test\normal\normal_test_00213.jpg,normal,test
C:\DATN\skin-ai-project\ai\data\processed\skin_type\test\dry\dry_test_00214.jpg,dry,test
C:\DATN\skin-ai-project\ai\data\processed\skin_type\test\dry\dry_test_00215.jpg,dry,test
C:\DATN\skin-ai-project\ai\data\processed\skin_type\test\normal\normal_test_00216.jpg,normal,test
C:\DATN\skin-ai-project\ai\data\processed\skin_type\test\normal\normal_test_00217.jpg,normal,test
C:\DATN\skin-ai-project\ai\data\processed\skin_type\test\normal\normal_test_00218.jpg,normal,test
C:\DATN\skin-ai-project\ai\data\processed\skin_type\test\oily\oily_test_00219.jpg,oily,test
C:\DATN\skin-ai-project\ai\data\processed\skin_type\test\normal\normal_test_00220.jpg,normal,test
C:\DATN\skin-ai-project\ai\data\processed\skin_type\test\oily\oily_test_00221.jpg,oily,test
C:\DATN\skin-ai-project\ai\data\processed\skin_type\test\normal\normal_test_00222.jpg,normal,test
C:\DATN\skin-ai-project\ai\data\processed\skin_type\test\normal\normal_test_00223.jpg,normal,test
C:\DATN\skin-ai-project\ai\data\processed\skin_type\test\normal\normal_test_00224.jpg,normal,test
C:\DATN\skin-ai-project\ai\data\processed\skin_type\test\normal\normal_test_00225.jpg,normal,test
C:\DATN\skin-ai-project\ai\data\processed\skin_type\test\normal\normal_test_00226.jpg,normal,test
C:\DATN\skin-ai-project\ai\data\processed\skin_type\test\normal\normal_test_00227.jpg,normal,test
C:\DATN\skin-ai-project\ai\data\processed\skin_type\test\normal\normal_test_00228.jpg,normal,test
C:\DATN\skin-ai-project\ai\data\processed\skin_type\test\normal\normal_test_00229.jpg,normal,test
C:\DATN\skin-ai-project\ai\data\processed\skin_type\test\normal\normal_test_00230.jpg,normal,test
C:\DATN\skin-ai-project\ai\data\processed\skin_type\test\normal\normal_test_00231.jpg,normal,test
C:\DATN\skin-ai-project\ai\data\processed\skin_type\test\normal\normal_test_00232.jpg,normal,test
C:\DATN\skin-ai-project\ai\data\processed\skin_type\test\oily\oily_test_00233.jpg,oily,test
C:\DATN\skin-ai-project\ai\data\processed\skin_type\test\dry\dry_test_00234.jpg,dry,test
C:\DATN\skin-ai-project\ai\data\processed\skin_type\test\dry\dry_test_00235.jpg,dry,test
C:\DATN\skin-ai-project\ai\data\processed\skin_type\test\normal\normal_test_00236.jpg,normal,test
C:\DATN\skin-ai-project\ai\data\processed\skin_type\test\oily\oily_test_00237.jpg,oily,test
C:\DATN\skin-ai-project\ai\data\processed\skin_type\test\dry\dry_test_00238.jpg,dry,test
C:\DATN\skin-ai-project\ai\data\processed\skin_type\test\oily\oily_test_00239.jpg,oily,test
C:\DATN\skin-ai-project\ai\data\processed\skin_type\test\normal\normal_test_00240.jpg,normal,test
C:\DATN\skin-ai-project\ai\data\processed\skin_type\test\oily\oily_test_00241.jpg,oily,test
C:\DATN\skin-ai-project\ai\data\processed\skin_type\test\oily\oily_test_00242.jpg,oily,test
C:\DATN\skin-ai-project\ai\data\processed\skin_type\test\oily\oily_test_00243.jpg,oily,test
C:\DATN\skin-ai-project\ai\data\processed\skin_type\test\dry\dry_test_00244.jpg,dry,test
C:\DATN\skin-ai-project\ai\data\processed\skin_type\test\normal\normal_test_00245.jpg,normal,test
C:\DATN\skin-ai-project\ai\data\processed\skin_type\test\normal\normal_test_00246.jpg,normal,test
C:\DATN\skin-ai-project\ai\data\processed\skin_type\test\normal\normal_test_00247.jpg,normal,test
C:\DATN\skin-ai-project\ai\data\processed\skin_type\test\normal\normal_test_00248.jpg,normal,test
C:\DATN\skin-ai-project\ai\data\processed\skin_type\test\normal\normal_test_00249.jpg,normal,test
C:\DATN\skin-ai-project\ai\data\processed\skin_type\test\normal\normal_test_00250.jpg,normal,test
C:\DATN\skin-ai-project\ai\data\processed\skin_type\test\dry\dry_test_00251.jpg,dry,test
C:\DATN\skin-ai-project\ai\data\processed\skin_type\test\oily\oily_test_00252.jpg,oily,test
C:\DATN\skin-ai-project\ai\data\processed\skin_type\test\normal\normal_test_00253.jpg,normal,test
C:\DATN\skin-ai-project\ai\data\processed\skin_type\test\normal\normal_test_00254.jpg,normal,test
C:\DATN\skin-ai-project\ai\data\processed\skin_type\test\dry\dry_test_00255.jpg,dry,test
C:\DATN\skin-ai-project\ai\data\processed\skin_type\test\normal\normal_test_00256.jpg,normal,test
C:\DATN\skin-ai-project\ai\data\processed\skin_type\test\dry\dry_test_00257.jpg,dry,test
C:\DATN\skin-ai-project\ai\data\processed\skin_type\test\oily\oily_test_00258.jpg,oily,test
C:\DATN\skin-ai-project\ai\data\processed\skin_type\test\normal\normal_test_00259.jpg,normal,test
C:\DATN\skin-ai-project\ai\data\processed\skin_type\test\normal\normal_test_00260.jpg,normal,test
C:\DATN\skin-ai-project\ai\data\processed\skin_type\test\normal\normal_test_00261.jpg,normal,test
C:\DATN\skin-ai-project\ai\data\processed\skin_type\test\normal\normal_test_00262.jpg,normal,test
C:\DATN\skin-ai-project\ai\data\processed\skin_type\test\dry\dry_test_00263.jpg,dry,test
C:\DATN\skin-ai-project\ai\data\processed\skin_type\test\dry\dry_test_00264.jpg,dry,test
C:\DATN\skin-ai-project\ai\data\processed\skin_type\test\normal\normal_test_00265.jpg,normal,test
C:\DATN\skin-ai-project\ai\data\processed\skin_type\test\oily\oily_test_00266.jpg,oily,test
C:\DATN\skin-ai-project\ai\data\processed\skin_type\test\normal\normal_test_00267.jpg,normal,test
C:\DATN\skin-ai-project\ai\data\processed\skin_type\test\normal\normal_test_00268.jpg,normal,test
C:\DATN\skin-ai-project\ai\data\processed\skin_type\test\oily\oily_test_00269.jpg,oily,test
C:\DATN\skin-ai-project\ai\data\processed\skin_type\test\normal\normal_test_00270.jpg,normal,test
C:\DATN\skin-ai-project\ai\data\processed\skin_type\test\oily\oily_test_00271.jpg,oily,test
C:\DATN\skin-ai-project\ai\data\processed\skin_type\test\normal\normal_test_00272.jpg,normal,test
C:\DATN\skin-ai-project\ai\data\processed\skin_type\test\normal\normal_test_00273.jpg,normal,test
C:\DATN\skin-ai-project\ai\data\processed\skin_type\test\dry\dry_test_00274.jpg,dry,test
C:\DATN\skin-ai-project\ai\data\processed\skin_type\test\normal\normal_test_00275.jpg,normal,test
C:\DATN\skin-ai-project\ai\data\processed\skin_type\test\oily\oily_test_00276.jpg,oily,test
C:\DATN\skin-ai-project\ai\data\processed\skin_type\test\oily\oily_test_00277.jpg,oily,test
C:\DATN\skin-ai-project\ai\data\processed\skin_type\test\dry\dry_test_00278.jpg,dry,test
C:\DATN\skin-ai-project\ai\data\processed\skin_type\test\oily\oily_test_00279.jpg,oily,test
C:\DATN\skin-ai-project\ai\data\processed\skin_type\test\normal\normal_test_00280.jpg,normal,test
C:\DATN\skin-ai-project\ai\data\processed\skin_type\test\normal\normal_test_00281.jpg,normal,test
C:\DATN\skin-ai-project\ai\data\processed\skin_type\test\oily\oily_test_00282.jpg,oily,test
C:\DATN\skin-ai-project\ai\data\processed\skin_type\test\normal\normal_test_00283.jpg,normal,test
C:\DATN\skin-ai-project\ai\data\processed\skin_type\test\dry\dry_test_00284.jpg,dry,test
C:\DATN\skin-ai-project\ai\data\processed\skin_type\test\normal\normal_test_00285.jpg,normal,test
C:\DATN\skin-ai-project\ai\data\processed\skin_type\test\normal\normal_test_00286.jpg,normal,test
C:\DATN\skin-ai-project\ai\data\processed\skin_type\test\normal\normal_test_00287.jpg,normal,test
C:\DATN\skin-ai-project\ai\data\processed\skin_type\test\normal\normal_test_00288.jpg,normal,test
C:\DATN\skin-ai-project\ai\data\processed\skin_type\test\normal\normal_test_00289.jpg,normal,test
C:\DATN\skin-ai-project\ai\data\processed\skin_type\test\normal\normal_test_00290.jpg,normal,test
C:\DATN\skin-ai-project\ai\data\processed\skin_type\test\normal\normal_test_00291.jpg,normal,test
C:\DATN\skin-ai-project\ai\data\processed\skin_type\test\normal\normal_test_00292.jpg,normal,test
C:\DATN\skin-ai-project\ai\data\processed\skin_type\test\oily\oily_test_00293.jpg,oily,test
C:\DATN\skin-ai-project\ai\data\processed\skin_type\test\dry\dry_test_00294.jpg,dry,test
C:\DATN\skin-ai-project\ai\data\processed\skin_type\test\dry\dry_test_00295.jpg,dry,test
C:\DATN\skin-ai-project\ai\data\processed\skin_type\test\dry\dry_test_00296.jpg,dry,test
C:\DATN\skin-ai-project\ai\data\processed\skin_type\test\oily\oily_test_00297.jpg,oily,test
C:\DATN\skin-ai-project\ai\data\processed\skin_type\test\normal\normal_test_00298.jpg,normal,test
C:\DATN\skin-ai-project\ai\data\processed\skin_type\test\normal\normal_test_00299.jpg,normal,test
C:\DATN\skin-ai-project\ai\data\processed\skin_type\test\dry\dry_test_00300.jpg,dry,test
C:\DATN\skin-ai-project\ai\data\processed\skin_type\test\oily\oily_test_00301.jpg,oily,test
C:\DATN\skin-ai-project\ai\data\processed\skin_type\test\normal\normal_test_00302.jpg,normal,test
C:\DATN\skin-ai-project\ai\data\processed\skin_type\test\normal\normal_test_00303.jpg,normal,test
C:\DATN\skin-ai-project\ai\data\processed\skin_type\test\normal\normal_test_00304.jpg,normal,test
C:\DATN\skin-ai-project\ai\data\processed\skin_type\test\oily\oily_test_00305.jpg,oily,test
C:\DATN\skin-ai-project\ai\data\processed\skin_type\test\dry\dry_test_00306.jpg,dry,test
C:\DATN\skin-ai-project\ai\data\processed\skin_type\test\normal\normal_test_00307.jpg,normal,test
C:\DATN\skin-ai-project\ai\data\processed\skin_type\test\normal\normal_test_00308.jpg,normal,test
C:\DATN\skin-ai-project\ai\data\processed\skin_type\test\normal\normal_test_00309.jpg,normal,test
C:\DATN\skin-ai-project\ai\data\processed\skin_type\test\dry\dry_test_00310.jpg,dry,test
C:\DATN\skin-ai-project\ai\data\processed\skin_type\test\normal\normal_test_00311.jpg,normal,test
C:\DATN\skin-ai-project\ai\data\processed\skin_type\test\dry\dry_test_00312.jpg,dry,test
C:\DATN\skin-ai-project\ai\data\processed\skin_type\test\normal\normal_test_00313.jpg,normal,test
C:\DATN\skin-ai-project\ai\data\processed\skin_type\test\normal\normal_test_00314.jpg,normal,test
C:\DATN\skin-ai-project\ai\data\processed\skin_type\test\normal\normal_test_00315.jpg,normal,test
C:\DATN\skin-ai-project\ai\data\processed\skin_type\test\normal\normal_test_00316.jpg,normal,test
C:\DATN\skin-ai-project\ai\data\processed\skin_type\test\normal\normal_test_00317.jpg,normal,test
C:\DATN\skin-ai-project\ai\data\processed\skin_type\test\normal\normal_test_00318.jpg,normal,test
C:\DATN\skin-ai-project\ai\data\processed\skin_type\test\oily\oily_test_00319.jpg,oily,test
C:\DATN\skin-ai-project\ai\data\processed\skin_type\test\normal\normal_test_00320.jpg,normal,test
C:\DATN\skin-ai-project\ai\data\processed\skin_type\test\normal\normal_test_00321.jpg,normal,test
C:\DATN\skin-ai-project\ai\data\processed\skin_type\test\normal\normal_test_00322.jpg,normal,test
C:\DATN\skin-ai-project\ai\data\processed\skin_type\test\normal\normal_test_00323.jpg,normal,test
C:\DATN\skin-ai-project\ai\data\processed\skin_type\test\normal\normal_test_00324.jpg,normal,test
C:\DATN\skin-ai-project\ai\data\processed\skin_type\test\normal\normal_test_00325.jpg,normal,test
C:\DATN\skin-ai-project\ai\data\processed\skin_type\test\normal\normal_test_00326.jpg,normal,test
C:\DATN\skin-ai-project\ai\data\processed\skin_type\test\normal\normal_test_00327.jpg,normal,test
C:\DATN\skin-ai-project\ai\data\processed\skin_type\test\normal\normal_test_00328.jpg,normal,test
C:\DATN\skin-ai-project\ai\data\processed\skin_type\test\normal\normal_test_00329.jpg,normal,test
C:\DATN\skin-ai-project\ai\data\processed\skin_type\test\normal\normal_test_00330.jpg,normal,test
C:\DATN\skin-ai-project\ai\data\processed\skin_type\test\normal\normal_test_00331.jpg,normal,test
C:\DATN\skin-ai-project\ai\data\processed\skin_type\test\oily\oily_test_00332.jpg,oily,test
C:\DATN\skin-ai-project\ai\data\processed\skin_type\test\normal\normal_test_00333.jpg,normal,test
C:\DATN\skin-ai-project\ai\data\processed\skin_type\test\normal\normal_test_00334.jpg,normal,test
C:\DATN\skin-ai-project\ai\data\processed\skin_type\test\normal\normal_test_00335.jpg,normal,test
C:\DATN\skin-ai-project\ai\data\processed\skin_type\test\normal\normal_test_00336.jpg,normal,test
C:\DATN\skin-ai-project\ai\data\processed\skin_type\test\dry\dry_test_00337.jpg,dry,test
C:\DATN\skin-ai-project\ai\data\processed\skin_type\test\normal\normal_test_00338.jpg,normal,test
C:\DATN\skin-ai-project\ai\data\processed\skin_type\test\normal\normal_test_00339.jpg,normal,test
C:\DATN\skin-ai-project\ai\data\processed\skin_type\test\oily\oily_test_00340.jpg,oily,test
C:\DATN\skin-ai-project\ai\data\processed\skin_type\test\normal\normal_test_00341.jpg,normal,test
C:\DATN\skin-ai-project\ai\data\processed\skin_type\test\oily\oily_test_00342.jpg,oily,test
C:\DATN\skin-ai-project\ai\data\processed\skin_type\test\normal\normal_test_00343.jpg,normal,test
C:\DATN\skin-ai-project\ai\data\processed\skin_type\test\normal\normal_test_00344.jpg,normal,test
C:\DATN\skin-ai-project\ai\data\processed\skin_type\test\normal\normal_test_00345.jpg,normal,test
C:\DATN\skin-ai-project\ai\data\processed\skin_type\test\normal\normal_test_00346.jpg,normal,test
C:\DATN\skin-ai-project\ai\data\processed\skin_type\test\normal\normal_test_00347.jpg,normal,test
C:\DATN\skin-ai-project\ai\data\processed\skin_type\test\oily\oily_test_00348.jpg,oily,test
C:\DATN\skin-ai-project\ai\data\processed\skin_type\test\normal\normal_test_00349.jpg,normal,test
C:\DATN\skin-ai-project\ai\data\processed\skin_type\test\oily\oily_test_00350.jpg,oily,test
C:\DATN\skin-ai-project\ai\data\processed\skin_type\test\normal\normal_test_00351.jpg,normal,test
C:\DATN\skin-ai-project\ai\data\processed\skin_type\test\normal\normal_test_00352.jpg,normal,test
C:\DATN\skin-ai-project\ai\data\processed\skin_type\test\normal\normal_test_00353.jpg,normal,test
C:\DATN\skin-ai-project\ai\data\processed\skin_type\test\normal\normal_test_00354.jpg,normal,test
C:\DATN\skin-ai-project\ai\data\processed\skin_type\test\normal\normal_test_00355.jpg,normal,test
C:\DATN\skin-ai-project\ai\data\processed\skin_type\test\oily\oily_test_00356.jpg,oily,test
C:\DATN\skin-ai-project\ai\data\processed\skin_type\test\normal\normal_test_00357.jpg,normal,test
C:\DATN\skin-ai-project\ai\data\processed\skin_type\test\normal\normal_test_00358.jpg,normal,test
C:\DATN\skin-ai-project\ai\data\processed\skin_type\test\normal\normal_test_00359.jpg,normal,test
C:\DATN\skin-ai-project\ai\data\processed\skin_type\test\oily\oily_test_00360.jpg,oily,test
C:\DATN\skin-ai-project\ai\data\processed\skin_type\test\normal\normal_test_00361.jpg,normal,test
C:\DATN\skin-ai-project\ai\data\processed\skin_type\test\dry\dry_test_00362.jpg,dry,test
C:\DATN\skin-ai-project\ai\data\processed\skin_type\test\normal\normal_test_00363.jpg,normal,test
C:\DATN\skin-ai-project\ai\data\processed\skin_type\test\dry\dry_test_00364.jpg,dry,test
C:\DATN\skin-ai-project\ai\data\processed\skin_type\test\oily\oily_test_00365.jpg,oily,test
C:\DATN\skin-ai-project\ai\data\processed\skin_type\test\dry\dry_test_00366.jpg,dry,test
C:\DATN\skin-ai-project\ai\data\processed\skin_type\test\dry\dry_test_00367.jpg,dry,test
C:\DATN\skin-ai-project\ai\data\processed\skin_type\test\normal\normal_test_00368.jpg,normal,test
C:\DATN\skin-ai-project\ai\data\processed\skin_type\test\oily\oily_test_00369.jpg,oily,test
C:\DATN\skin-ai-project\ai\data\processed\skin_type\test\normal\normal_test_00370.jpg,normal,test
C:\DATN\skin-ai-project\ai\data\processed\skin_type\test\normal\normal_test_00371.jpg,normal,test
C:\DATN\skin-ai-project\ai\data\processed\skin_type\test\normal\normal_test_00372.jpg,normal,test
C:\DATN\skin-ai-project\ai\data\processed\skin_type\test\normal\normal_test_00373.jpg,normal,test
C:\DATN\skin-ai-project\ai\data\processed\skin_type\test\normal\normal_test_00374.jpg,normal,test
C:\DATN\skin-ai-project\ai\data\processed\skin_type\test\normal\normal_test_00375.jpg,normal,test
C:\DATN\skin-ai-project\ai\data\processed\skin_type\test\dry\dry_test_00376.jpg,dry,test
C:\DATN\skin-ai-project\ai\data\processed\skin_type\test\normal\normal_test_00377.jpg,normal,test
C:\DATN\skin-ai-project\ai\data\processed\skin_type\test\normal\normal_test_00378.jpg,normal,test
C:\DATN\skin-ai-project\ai\data\processed\skin_type\test\oily\oily_test_00379.jpg,oily,test
C:\DATN\skin-ai-project\ai\data\processed\skin_type\test\normal\normal_test_00380.jpg,normal,test
C:\DATN\skin-ai-project\ai\data\processed\skin_type\test\normal\normal_test_00381.jpg,normal,test
C:\DATN\skin-ai-project\ai\data\processed\skin_type\test\normal\normal_test_00382.jpg,normal,test
C:\DATN\skin-ai-project\ai\data\processed\skin_type\test\oily\oily_test_00383.jpg,oily,test
C:\DATN\skin-ai-project\ai\data\processed\skin_type\test\normal\normal_test_00384.jpg,normal,test
C:\DATN\skin-ai-project\ai\data\processed\skin_type\test\normal\normal_test_00385.jpg,normal,test
C:\DATN\skin-ai-project\ai\data\processed\skin_type\test\normal\normal_test_00386.jpg,normal,test
C:\DATN\skin-ai-project\ai\data\processed\skin_type\test\normal\normal_test_00387.jpg,normal,test
C:\DATN\skin-ai-project\ai\data\processed\skin_type\test\oily\oily_test_00388.jpg,oily,test
C:\DATN\skin-ai-project\ai\data\processed\skin_type\test\dry\dry_test_00389.jpg,dry,test
C:\DATN\skin-ai-project\ai\data\processed\skin_type\test\dry\dry_test_00390.jpg,dry,test
C:\DATN\skin-ai-project\ai\data\processed\skin_type\test\oily\oily_test_00391.jpg,oily,test
C:\DATN\skin-ai-project\ai\data\processed\skin_type\test\normal\normal_test_00392.jpg,normal,test
C:\DATN\skin-ai-project\ai\data\processed\skin_type\test\dry\dry_test_00393.jpg,dry,test
C:\DATN\skin-ai-project\ai\data\processed\skin_type\test\normal\normal_test_00394.jpg,normal,test
C:\DATN\skin-ai-project\ai\data\processed\skin_type\test\dry\dry_test_00395.jpg,dry,test
C:\DATN\skin-ai-project\ai\data\processed\skin_type\test\normal\normal_test_00396.jpg,normal,test
C:\DATN\skin-ai-project\ai\data\processed\skin_type\test\dry\dry_test_00397.jpg,dry,test
C:\DATN\skin-ai-project\ai\data\processed\skin_type\test\normal\normal_test_00398.jpg,normal,test
C:\DATN\skin-ai-project\ai\data\processed\skin_type\test\oily\oily_test_00399.jpg,oily,test
C:\DATN\skin-ai-project\ai\data\processed\skin_type\test\oily\oily_test_00400.jpg,oily,test
C:\DATN\skin-ai-project\ai\data\processed\skin_type\test\normal\normal_test_00401.jpg,normal,test
C:\DATN\skin-ai-project\ai\data\processed\skin_type\test\normal\normal_test_00402.jpg,normal,test
C:\DATN\skin-ai-project\ai\data\processed\skin_type\test\oily\oily_test_00403.jpg,oily,test
C:\DATN\skin-ai-project\ai\data\processed\skin_type\test\normal\normal_test_00404.jpg,normal,test
C:\DATN\skin-ai-project\ai\data\processed\skin_type\test\dry\dry_test_00405.jpg,dry,test
C:\DATN\skin-ai-project\ai\data\processed\skin_type\test\normal\normal_test_00406.jpg,normal,test
C:\DATN\skin-ai-project\ai\data\processed\skin_type\test\dry\dry_test_00407.jpg,dry,test
C:\DATN\skin-ai-project\ai\data\processed\skin_type\test\oily\oily_test_00408.jpg,oily,test
C:\DATN\skin-ai-project\ai\data\processed\skin_type\test\dry\dry_test_00409.jpg,dry,test
C:\DATN\skin-ai-project\ai\data\processed\skin_type\test\normal\normal_test_00410.jpg,normal,test
C:\DATN\skin-ai-project\ai\data\processed\skin_type\test\oily\oily_test_00411.jpg,oily,test
C:\DATN\skin-ai-project\ai\data\processed\skin_type\test\dry\dry_test_00412.jpg,dry,test
C:\DATN\skin-ai-project\ai\data\processed\skin_type\test\normal\normal_test_00413.jpg,normal,test
C:\DATN\skin-ai-project\ai\data\processed\skin_type\test\oily\oily_test_00414.jpg,oily,test
C:\DATN\skin-ai-project\ai\data\processed\skin_type\test\dry\dry_test_00415.jpg,dry,test
C:\DATN\skin-ai-project\ai\data\processed\skin_type\test\normal\normal_test_00416.jpg,normal,test
C:\DATN\skin-ai-project\ai\data\processed\skin_type\test\dry\dry_test_00417.jpg,dry,test
C:\DATN\skin-ai-project\ai\data\processed\skin_type\test\oily\oily_test_00418.jpg,oily,test
C:\DATN\skin-ai-project\ai\data\processed\skin_type\test\normal\normal_test_00419.jpg,normal,test
C:\DATN\skin-ai-project\ai\data\processed\skin_type\test\oily\oily_test_00420.jpg,oily,test
C:\DATN\skin-ai-project\ai\data\processed\skin_type\test\dry\dry_test_00421.jpg,dry,test
C:\DATN\skin-ai-project\ai\data\processed\skin_type\test\normal\normal_test_00422.jpg,normal,test
C:\DATN\skin-ai-project\ai\data\processed\skin_type\test\oily\oily_test_00423.jpg,oily,test
C:\DATN\skin-ai-project\ai\data\processed\skin_type\test\normal\normal_test_00424.jpg,normal,test
C:\DATN\skin-ai-project\ai\data\processed\skin_type\test\normal\normal_test_00425.jpg,normal,test
C:\DATN\skin-ai-project\ai\data\processed\skin_type\test\normal\normal_test_00426.jpg,normal,test
C:\DATN\skin-ai-project\ai\data\processed\skin_type\test\normal\normal_test_00427.jpg,normal,test
C:\DATN\skin-ai-project\ai\data\processed\skin_type\test\normal\normal_test_00428.jpg,normal,test
C:\DATN\skin-ai-project\ai\data\processed\skin_type\test\dry\dry_test_00429.jpg,dry,test
C:\DATN\skin-ai-project\ai\data\processed\skin_type\test\normal\normal_test_00430.jpg,normal,test
C:\DATN\skin-ai-project\ai\data\processed\skin_type\test\normal\normal_test_00431.jpg,normal,test
C:\DATN\skin-ai-project\ai\data\processed\skin_type\test\normal\normal_test_00432.jpg,normal,test
C:\DATN\skin-ai-project\ai\data\processed\skin_type\test\normal\normal_test_00433.jpg,normal,test
C:\DATN\skin-ai-project\ai\data\processed\skin_type\test\normal\normal_test_00434.jpg,normal,test
C:\DATN\skin-ai-project\ai\data\processed\skin_type\test\dry\dry_test_00435.jpg,dry,test
C:\DATN\skin-ai-project\ai\data\processed\skin_type\test\normal\normal_test_00436.jpg,normal,test
C:\DATN\skin-ai-project\ai\data\processed\skin_type\test\normal\normal_test_00437.jpg,normal,test
C:\DATN\skin-ai-project\ai\data\processed\skin_type\test\normal\normal_test_00438.jpg,normal,test
C:\DATN\skin-ai-project\ai\data\processed\skin_type\test\normal\normal_test_00439.jpg,normal,test
C:\DATN\skin-ai-project\ai\data\processed\skin_type\test\normal\normal_test_00440.jpg,normal,test
C:\DATN\skin-ai-project\ai\data\processed\skin_type\test\oily\oily_test_00441.jpg,oily,test
C:\DATN\skin-ai-project\ai\data\processed\skin_type\test\oily\oily_test_00442.jpg,oily,test
C:\DATN\skin-ai-project\ai\data\processed\skin_type\test\oily\oily_test_00443.jpg,oily,test
C:\DATN\skin-ai-project\ai\data\processed\skin_type\test\normal\normal_test_00444.jpg,normal,test
C:\DATN\skin-ai-project\ai\data\processed\skin_type\test\normal\normal_test_00445.jpg,normal,test
C:\DATN\skin-ai-project\ai\data\processed\skin_type\test\oily\oily_test_00446.jpg,oily,test
C:\DATN\skin-ai-project\ai\data\processed\skin_type\test\normal\normal_test_00447.jpg,normal,test
C:\DATN\skin-ai-project\ai\data\processed\skin_type\test\normal\normal_test_00448.jpg,normal,test
C:\DATN\skin-ai-project\ai\data\processed\skin_type\test\dry\dry_test_00449.jpg,dry,test
C:\DATN\skin-ai-project\ai\data\processed\skin_type\test\normal\normal_test_00450.jpg,normal,test
C:\DATN\skin-ai-project\ai\data\processed\skin_type\test\oily\oily_test_00451.jpg,oily,test
C:\DATN\skin-ai-project\ai\data\processed\skin_type\test\dry\dry_test_00452.jpg,dry,test
C:\DATN\skin-ai-project\ai\data\processed\skin_type\test\dry\dry_test_00453.jpg,dry,test
C:\DATN\skin-ai-project\ai\data\processed\skin_type\test\normal\normal_test_00454.jpg,normal,test
C:\DATN\skin-ai-project\ai\data\processed\skin_type\test\normal\normal_test_00455.jpg,normal,test
C:\DATN\skin-ai-project\ai\data\processed\skin_type\test\normal\normal_test_00456.jpg,normal,test
C:\DATN\skin-ai-project\ai\data\processed\skin_type\test\oily\oily_test_00457.jpg,oily,test
C:\DATN\skin-ai-project\ai\data\processed\skin_type\test\normal\normal_test_00458.jpg,normal,test
C:\DATN\skin-ai-project\ai\data\processed\skin_type\test\normal\normal_test_00459.jpg,normal,test
C:\DATN\skin-ai-project\ai\data\processed\skin_type\test\oily\oily_test_00460.jpg,oily,test
C:\DATN\skin-ai-project\ai\data\processed\skin_type\test\oily\oily_test_00461.jpg,oily,test
C:\DATN\skin-ai-project\ai\data\processed\skin_type\test\normal\normal_test_00462.jpg,normal,test
C:\DATN\skin-ai-project\ai\data\processed\skin_type\test\normal\normal_test_00463.jpg,normal,test
C:\DATN\skin-ai-project\ai\data\processed\skin_type\test\normal\normal_test_00464.jpg,normal,test
C:\DATN\skin-ai-project\ai\data\processed\skin_type\test\dry\dry_test_00465.jpg,dry,test
C:\DATN\skin-ai-project\ai\data\processed\skin_type\test\normal\normal_test_00466.jpg,normal,test
C:\DATN\skin-ai-project\ai\data\processed\skin_type\test\normal\normal_test_00467.jpg,normal,test
C:\DATN\skin-ai-project\ai\data\processed\skin_type\test\normal\normal_test_00468.jpg,normal,test
C:\DATN\skin-ai-project\ai\data\processed\skin_type\test\oily\oily_test_00469.jpg,oily,test
C:\DATN\skin-ai-project\ai\data\processed\skin_type\test\normal\normal_test_00470.jpg,normal,test
C:\DATN\skin-ai-project\ai\data\processed\skin_type\test\normal\normal_test_00471.jpg,normal,test
C:\DATN\skin-ai-project\ai\data\processed\skin_type\test\dry\dry_test_00472.jpg,dry,test
C:\DATN\skin-ai-project\ai\data\processed\skin_type\test\normal\normal_test_00473.jpg,normal,test
C:\DATN\skin-ai-project\ai\data\processed\skin_type\test\normal\normal_test_00474.jpg,normal,test
C:\DATN\skin-ai-project\ai\data\processed\skin_type\test\normal\normal_test_00475.jpg,normal,test
C:\DATN\skin-ai-project\ai\data\processed\skin_type\test\normal\normal_test_00476.jpg,normal,test
C:\DATN\skin-ai-project\ai\data\processed\skin_type\test\dry\dry_test_00477.jpg,dry,test
C:\DATN\skin-ai-project\ai\data\processed\skin_type\test\normal\normal_test_00478.jpg,normal,test
C:\DATN\skin-ai-project\ai\data\processed\skin_type\test\oily\oily_test_00479.jpg,oily,test
C:\DATN\skin-ai-project\ai\data\processed\skin_type\test\dry\dry_test_00480.jpg,dry,test
C:\DATN\skin-ai-project\ai\data\processed\skin_type\test\dry\dry_test_00481.jpg,dry,test
C:\DATN\skin-ai-project\ai\data\processed\skin_type\test\normal\normal_test_00482.jpg,normal,test
C:\DATN\skin-ai-project\ai\data\processed\skin_type\test\normal\normal_test_00483.jpg,normal,test
C:\DATN\skin-ai-project\ai\data\processed\skin_type\test\normal\normal_test_00484.jpg,normal,test
C:\DATN\skin-ai-project\ai\data\processed\skin_type\test\normal\normal_test_00485.jpg,normal,test
C:\DATN\skin-ai-project\ai\data\processed\skin_type\test\dry\dry_test_00486.jpg,dry,test
C:\DATN\skin-ai-project\ai\data\processed\skin_type\test\normal\normal_test_00487.jpg,normal,test
C:\DATN\skin-ai-project\ai\data\processed\skin_type\test\oily\oily_test_00488.jpg,oily,test
C:\DATN\skin-ai-project\ai\data\processed\skin_type\test\normal\normal_test_00489.jpg,normal,test
C:\DATN\skin-ai-project\ai\data\processed\skin_type\test\dry\dry_test_00490.jpg,dry,test
C:\DATN\skin-ai-project\ai\data\processed\skin_type\test\normal\normal_test_00491.jpg,normal,test
C:\DATN\skin-ai-project\ai\data\processed\skin_type\test\oily\oily_test_00492.jpg,oily,test
C:\DATN\skin-ai-project\ai\data\processed\skin_type\test\oily\oily_test_00493.jpg,oily,test
C:\DATN\skin-ai-project\ai\data\processed\skin_type\test\oily\oily_test_00494.jpg,oily,test
C:\DATN\skin-ai-project\ai\data\processed\skin_type\test\normal\normal_test_00495.jpg,normal,test
C:\DATN\skin-ai-project\ai\data\processed\skin_type\test\normal\normal_test_00496.jpg,normal,test
C:\DATN\skin-ai-project\ai\data\processed\skin_type\test\normal\normal_test_00497.jpg,normal,test
C:\DATN\skin-ai-project\ai\data\processed\skin_type\test\normal\normal_test_00498.jpg,normal,test
C:\DATN\skin-ai-project\ai\data\processed\skin_type\test\normal\normal_test_00499.jpg,normal,test
C:\DATN\skin-ai-project\ai\data\processed\skin_type\test\oily\oily_test_00500.jpg,oily,test
C:\DATN\skin-ai-project\ai\data\processed\skin_type\test\dry\dry_test_00501.jpg,dry,test
C:\DATN\skin-ai-project\ai\data\processed\skin_type\test\normal\normal_test_00502.jpg,normal,test
C:\DATN\skin-ai-project\ai\data\processed\skin_type\test\normal\normal_test_00503.jpg,normal,test
C:\DATN\skin-ai-project\ai\data\processed\skin_type\test\normal\normal_test_00504.jpg,normal,test
C:\DATN\skin-ai-project\ai\data\processed\skin_type\test\normal\normal_test_00505.jpg,normal,test
C:\DATN\skin-ai-project\ai\data\processed\skin_type\test\normal\normal_test_00506.jpg,normal,test
C:\DATN\skin-ai-project\ai\data\processed\skin_type\test\normal\normal_test_00507.jpg,normal,test
C:\DATN\skin-ai-project\ai\data\processed\skin_type\test\normal\normal_test_00508.jpg,normal,test
C:\DATN\skin-ai-project\ai\data\processed\skin_type\test\oily\oily_test_00509.jpg,oily,test
C:\DATN\skin-ai-project\ai\data\processed\skin_type\test\oily\oily_test_00510.jpg,oily,test
C:\DATN\skin-ai-project\ai\data\processed\skin_type\test\normal\normal_test_00511.jpg,normal,test
C:\DATN\skin-ai-project\ai\data\processed\skin_type\test\dry\dry_test_00512.jpg,dry,test
C:\DATN\skin-ai-project\ai\data\processed\skin_type\test\dry\dry_test_00513.jpg,dry,test
C:\DATN\skin-ai-project\ai\data\processed\skin_type\test\normal\normal_test_00514.jpg,normal,test
C:\DATN\skin-ai-project\ai\data\processed\skin_type\test\normal\normal_test_00515.jpg,normal,test
C:\DATN\skin-ai-project\ai\data\processed\skin_type\test\normal\normal_test_00516.jpg,normal,test
C:\DATN\skin-ai-project\ai\data\processed\skin_type\test\dry\dry_test_00517.jpg,dry,test
C:\DATN\skin-ai-project\ai\data\processed\skin_type\test\normal\normal_test_00518.jpg,normal,test
C:\DATN\skin-ai-project\ai\data\processed\skin_type\test\oily\oily_test_00519.jpg,oily,test
C:\DATN\skin-ai-project\ai\data\processed\skin_type\test\normal\normal_test_00520.jpg,normal,test
C:\DATN\skin-ai-project\ai\data\processed\skin_type\test\normal\normal_test_00521.jpg,normal,test
C:\DATN\skin-ai-project\ai\data\processed\skin_type\test\normal\normal_test_00522.jpg,normal,test
C:\DATN\skin-ai-project\ai\data\processed\skin_type\test\oily\oily_test_00523.jpg,oily,test
C:\DATN\skin-ai-project\ai\data\processed\skin_type\test\oily\oily_test_00524.jpg,oily,test
C:\DATN\skin-ai-project\ai\data\processed\skin_type\test\dry\dry_test_00525.jpg,dry,test
C:\DATN\skin-ai-project\ai\data\processed\skin_type\test\dry\dry_test_00526.jpg,dry,test
C:\DATN\skin-ai-project\ai\data\processed\skin_type\test\oily\oily_test_00527.jpg,oily,test
C:\DATN\skin-ai-project\ai\data\processed\skin_type\test\normal\normal_test_00528.jpg,normal,test
C:\DATN\skin-ai-project\ai\data\processed\skin_type\test\oily\oily_test_00529.jpg,oily,test
C:\DATN\skin-ai-project\ai\data\processed\skin_type\test\oily\oily_test_00530.jpg,oily,test
C:\DATN\skin-ai-project\ai\data\processed\skin_type\test\normal\normal_test_00531.jpg,normal,test
C:\DATN\skin-ai-project\ai\data\processed\skin_type\test\oily\oily_test_00532.jpg,oily,test
C:\DATN\skin-ai-project\ai\data\processed\skin_type\test\normal\normal_test_00533.jpg,normal,test
C:\DATN\skin-ai-project\ai\data\processed\skin_type\test\oily\oily_test_00534.jpg,oily,test
C:\DATN\skin-ai-project\ai\data\processed\skin_type\test\dry\dry_test_00535.jpg,dry,test
C:\DATN\skin-ai-project\ai\data\processed\skin_type\test\oily\oily_test_00536.jpg,oily,test
C:\DATN\skin-ai-project\ai\data\processed\skin_type\test\oily\oily_test_00537.jpg,oily,test
C:\DATN\skin-ai-project\ai\data\processed\skin_type\test\oily\oily_test_00538.jpg,oily,test
C:\DATN\skin-ai-project\ai\data\processed\skin_type\test\oily\oily_test_00539.jpg,oily,test
C:\DATN\skin-ai-project\ai\data\processed\skin_type\test\normal\normal_test_00540.jpg,normal,test
C:\DATN\skin-ai-project\ai\data\processed\skin_type\test\normal\normal_test_00541.jpg,normal,test
C:\DATN\skin-ai-project\ai\data\processed\skin_type\test\normal\normal_test_00542.jpg,normal,test
C:\DATN\skin-ai-project\ai\data\processed\skin_type\test\dry\dry_test_00543.jpg,dry,test
C:\DATN\skin-ai-project\ai\data\processed\skin_type\test\normal\normal_test_00544.jpg,normal,test
C:\DATN\skin-ai-project\ai\data\processed\skin_type\test\oily\oily_test_00545.jpg,oily,test
C:\DATN\skin-ai-project\ai\data\processed\skin_type\test\normal\normal_test_00546.jpg,normal,test
C:\DATN\skin-ai-project\ai\data\processed\skin_type\test\normal\normal_test_00547.jpg,normal,test
C:\DATN\skin-ai-project\ai\data\processed\skin_type\test\dry\dry_test_00548.jpg,dry,test
C:\DATN\skin-ai-project\ai\data\processed\skin_type\test\dry\dry_test_00549.jpg,dry,test
C:\DATN\skin-ai-project\ai\data\processed\skin_type\test\normal\normal_test_00550.jpg,normal,test
C:\DATN\skin-ai-project\ai\data\processed\skin_type\test\dry\dry_test_00551.jpg,dry,test
C:\DATN\skin-ai-project\ai\data\processed\skin_type\test\dry\dry_test_00552.jpg,dry,test
C:\DATN\skin-ai-project\ai\data\processed\skin_type\test\normal\normal_test_00553.jpg,normal,test
C:\DATN\skin-ai-project\ai\data\processed\skin_type\test\normal\normal_test_00554.jpg,normal,test
C:\DATN\skin-ai-project\ai\data\processed\skin_type\test\normal\normal_test_00555.jpg,normal,test
C:\DATN\skin-ai-project\ai\data\processed\skin_type\test\normal\normal_test_00556.jpg,normal,test
C:\DATN\skin-ai-project\ai\data\processed\skin_type\test\normal\normal_test_00557.jpg,normal,test
C:\DATN\skin-ai-project\ai\data\processed\skin_type\test\dry\dry_test_00558.jpg,dry,test
C:\DATN\skin-ai-project\ai\data\processed\skin_type\test\dry\dry_test_00559.jpg,dry,test
C:\DATN\skin-ai-project\ai\data\processed\skin_type\test\normal\normal_test_00560.jpg,normal,test
C:\DATN\skin-ai-project\ai\data\processed\skin_type\test\normal\normal_test_00561.jpg,normal,test
C:\DATN\skin-ai-project\ai\data\processed\skin_type\test\normal\normal_test_00562.jpg,normal,test
C:\DATN\skin-ai-project\ai\data\processed\skin_type\test\normal\normal_test_00563.jpg,normal,test
C:\DATN\skin-ai-project\ai\data\processed\skin_type\test\oily\oily_test_00564.jpg,oily,test
C:\DATN\skin-ai-project\ai\data\processed\skin_type\test\normal\normal_test_00565.jpg,normal,test
C:\DATN\skin-ai-project\ai\data\processed\skin_type\test\oily\oily_test_00566.jpg,oily,test
C:\DATN\skin-ai-project\ai\data\processed\skin_type\test\normal\normal_test_00567.jpg,normal,test
C:\DATN\skin-ai-project\ai\data\processed\skin_type\test\normal\normal_test_00568.jpg,normal,test
C:\DATN\skin-ai-project\ai\data\processed\skin_type\test\normal\normal_test_00569.jpg,normal,test
C:\DATN\skin-ai-project\ai\data\processed\skin_type\test\oily\oily_test_00570.jpg,oily,test
C:\DATN\skin-ai-project\ai\data\processed\skin_type\test\normal\normal_test_00571.jpg,normal,test
C:\DATN\skin-ai-project\ai\data\processed\skin_type\test\normal\normal_test_00572.jpg,normal,test
C:\DATN\skin-ai-project\ai\data\processed\skin_type\test\normal\normal_test_00573.jpg,normal,test
C:\DATN\skin-ai-project\ai\data\processed\skin_type\test\normal\normal_test_00574.jpg,normal,test
C:\DATN\skin-ai-project\ai\data\processed\skin_type\test\normal\normal_test_00575.jpg,normal,test
C:\DATN\skin-ai-project\ai\data\processed\skin_type\test\oily\oily_test_00576.jpg,oily,test
C:\DATN\skin-ai-project\ai\data\processed\skin_type\test\normal\normal_test_00577.jpg,normal,test
C:\DATN\skin-ai-project\ai\data\processed\skin_type\test\oily\oily_test_00578.jpg,oily,test
C:\DATN\skin-ai-project\ai\data\processed\skin_type\test\normal\normal_test_00579.jpg,normal,test
C:\DATN\skin-ai-project\ai\data\processed\skin_type\test\normal\normal_test_00580.jpg,normal,test
C:\DATN\skin-ai-project\ai\data\processed\skin_type\test\normal\normal_test_00581.jpg,normal,test
C:\DATN\skin-ai-project\ai\data\processed\skin_type\test\oily\oily_test_00582.jpg,oily,test
C:\DATN\skin-ai-project\ai\data\processed\skin_type\test\dry\dry_test_00583.jpg,dry,test
C:\DATN\skin-ai-project\ai\data\processed\skin_type\test\normal\normal_test_00584.jpg,normal,test
C:\DATN\skin-ai-project\ai\data\processed\skin_type\test\normal\normal_test_00585.jpg,normal,test
C:\DATN\skin-ai-project\ai\data\processed\skin_type\test\normal\normal_test_00586.jpg,normal,test
C:\DATN\skin-ai-project\ai\data\processed\skin_type\test\dry\dry_test_00587.jpg,dry,test
C:\DATN\skin-ai-project\ai\data\processed\skin_type\test\oily\oily_test_00588.jpg,oily,test
C:\DATN\skin-ai-project\ai\data\processed\skin_type\test\normal\normal_test_00589.jpg,normal,test
C:\DATN\skin-ai-project\ai\data\processed\skin_type\test\normal\normal_test_00590.jpg,normal,test
C:\DATN\skin-ai-project\ai\data\processed\skin_type\test\normal\normal_test_00591.jpg,normal,test
C:\DATN\skin-ai-project\ai\data\processed\skin_type\test\oily\oily_test_00592.jpg,oily,test
C:\DATN\skin-ai-project\ai\data\processed\skin_type\test\normal\normal_test_00593.jpg,normal,test
C:\DATN\skin-ai-project\ai\data\processed\skin_type\test\oily\oily_test_00594.jpg,oily,test
C:\DATN\skin-ai-project\ai\data\processed\skin_type\test\normal\normal_test_00595.jpg,normal,test
C:\DATN\skin-ai-project\ai\data\processed\skin_type\test\normal\normal_test_00596.jpg,normal,test
C:\DATN\skin-ai-project\ai\data\processed\skin_type\test\normal\normal_test_00597.jpg,normal,test
C:\DATN\skin-ai-project\ai\data\processed\skin_type\test\normal\normal_test_00598.jpg,normal,test
C:\DATN\skin-ai-project\ai\data\processed\skin_type\test\normal\normal_test_00599.jpg,normal,test
C:\DATN\skin-ai-project\ai\data\processed\skin_type\test\normal\normal_test_00600.jpg,normal,test
C:\DATN\skin-ai-project\ai\data\processed\skin_type\test\normal\normal_test_00601.jpg,normal,test
C:\DATN\skin-ai-project\ai\data\processed\skin_type\test\normal\normal_test_00602.jpg,normal,test
C:\DATN\skin-ai-project\ai\data\processed\skin_type\test\normal\normal_test_00603.jpg,normal,test
C:\DATN\skin-ai-project\ai\data\processed\skin_type\test\normal\normal_test_00604.jpg,normal,test
C:\DATN\skin-ai-project\ai\data\processed\skin_type\test\normal\normal_test_00605.jpg,normal,test
C:\DATN\skin-ai-project\ai\data\processed\skin_type\test\oily\oily_test_00606.jpg,oily,test
C:\DATN\skin-ai-project\ai\data\processed\skin_type\test\normal\normal_test_00607.jpg,normal,test
C:\DATN\skin-ai-project\ai\data\processed\skin_type\test\oily\oily_test_00608.jpg,oily,test
C:\DATN\skin-ai-project\ai\data\processed\skin_type\test\dry\dry_test_00609.jpg,dry,test
C:\DATN\skin-ai-project\ai\data\processed\skin_type\test\normal\normal_test_00610.jpg,normal,test
C:\DATN\skin-ai-project\ai\data\processed\skin_type\test\normal\normal_test_00611.jpg,normal,test
C:\DATN\skin-ai-project\ai\data\processed\skin_type\test\normal\normal_test_00612.jpg,normal,test
C:\DATN\skin-ai-project\ai\data\processed\skin_type\test\normal\normal_test_00613.jpg,normal,test
C:\DATN\skin-ai-project\ai\data\processed\skin_type\test\oily\oily_test_00614.jpg,oily,test
C:\DATN\skin-ai-project\ai\data\processed\skin_type\test\normal\normal_test_00615.jpg,normal,test
C:\DATN\skin-ai-project\ai\data\processed\skin_type\test\oily\oily_test_00616.jpg,oily,test
C:\DATN\skin-ai-project\ai\data\processed\skin_type\test\oily\oily_test_00617.jpg,oily,test
C:\DATN\skin-ai-project\ai\data\processed\skin_type\test\normal\normal_test_00618.jpg,normal,test
C:\DATN\skin-ai-project\ai\data\processed\skin_type\test\normal\normal_test_00619.jpg,normal,test
C:\DATN\skin-ai-project\ai\data\processed\skin_type\test\normal\normal_test_00620.jpg,normal,test
C:\DATN\skin-ai-project\ai\data\processed\skin_type\test\normal\normal_test_00621.jpg,normal,test
C:\DATN\skin-ai-project\ai\data\processed\skin_type\test\normal\normal_test_00622.jpg,normal,test
C:\DATN\skin-ai-project\ai\data\processed\skin_type\test\oily\oily_test_00623.jpg,oily,test
C:\DATN\skin-ai-project\ai\data\processed\skin_type\test\normal\normal_test_00624.jpg,normal,test
C:\DATN\skin-ai-project\ai\data\processed\skin_type\test\normal\normal_test_00625.jpg,normal,test
C:\DATN\skin-ai-project\ai\data\processed\skin_type\test\normal\normal_test_00626.jpg,normal,test
C:\DATN\skin-ai-project\ai\data\processed\skin_type\test\normal\normal_test_00627.jpg,normal,test
C:\DATN\skin-ai-project\ai\data\processed\skin_type\test\normal\normal_test_00628.jpg,normal,test
C:\DATN\skin-ai-project\ai\data\processed\skin_type\test\normal\normal_test_00629.jpg,normal,test
C:\DATN\skin-ai-project\ai\data\processed\skin_type\test\normal\normal_test_00630.jpg,normal,test
C:\DATN\skin-ai-project\ai\data\processed\skin_type\test\normal\normal_test_00631.jpg,normal,test
C:\DATN\skin-ai-project\ai\data\processed\skin_type\test\normal\normal_test_00632.jpg,normal,test
C:\DATN\skin-ai-project\ai\data\processed\skin_type\test\normal\normal_test_00633.jpg,normal,test
C:\DATN\skin-ai-project\ai\data\processed\skin_type\test\normal\normal_test_00634.jpg,normal,test
C:\DATN\skin-ai-project\ai\data\processed\skin_type\test\normal\normal_test_00635.jpg,normal,test
C:\DATN\skin-ai-project\ai\data\processed\skin_type\test\normal\normal_test_00636.jpg,normal,test
C:\DATN\skin-ai-project\ai\data\processed\skin_type\test\normal\normal_test_00637.jpg,normal,test
C:\DATN\skin-ai-project\ai\data\processed\skin_type\test\normal\normal_test_00638.jpg,normal,test
C:\DATN\skin-ai-project\ai\data\processed\skin_type\test\oily\oily_test_00639.jpg,oily,test
C:\DATN\skin-ai-project\ai\data\processed\skin_type\test\normal\normal_test_00640.jpg,normal,test
C:\DATN\skin-ai-project\ai\data\processed\skin_type\test\normal\normal_test_00641.jpg,normal,test
C:\DATN\skin-ai-project\ai\data\processed\skin_type\test\oily\oily_test_00642.jpg,oily,test
C:\DATN\skin-ai-project\ai\data\processed\skin_type\test\normal\normal_test_00643.jpg,normal,test
C:\DATN\skin-ai-project\ai\data\processed\skin_type\test\normal\normal_test_00644.jpg,normal,test
C:\DATN\skin-ai-project\ai\data\processed\skin_type\test\oily\oily_test_00645.jpg,oily,test
C:\DATN\skin-ai-project\ai\data\processed\skin_type\test\oily\oily_test_00646.jpg,oily,test
C:\DATN\skin-ai-project\ai\data\processed\skin_type\test\oily\oily_test_00647.jpg,oily,test
C:\DATN\skin-ai-project\ai\data\processed\skin_type\test\normal\normal_test_00648.jpg,normal,test
C:\DATN\skin-ai-project\ai\data\processed\skin_type\test\normal\normal_test_00649.jpg,normal,test
C:\DATN\skin-ai-project\ai\data\processed\skin_type\test\oily\oily_test_00650.jpg,oily,test
C:\DATN\skin-ai-project\ai\data\processed\skin_type\test\normal\normal_test_00651.jpg,normal,test
C:\DATN\skin-ai-project\ai\data\processed\skin_type\test\oily\oily_test_00652.jpg,oily,test
C:\DATN\skin-ai-project\ai\data\processed\skin_type\test\oily\oily_test_00653.jpg,oily,test
C:\DATN\skin-ai-project\ai\data\processed\skin_type\test\normal\normal_test_00654.jpg,normal,test
C:\DATN\skin-ai-project\ai\data\processed\skin_type\test\oily\oily_test_00655.jpg,oily,test
C:\DATN\skin-ai-project\ai\data\processed\skin_type\test\dry\dry_test_00656.jpg,dry,test
C:\DATN\skin-ai-project\ai\data\processed\skin_type\test\oily\oily_test_00657.jpg,oily,test
C:\DATN\skin-ai-project\ai\data\processed\skin_type\test\dry\dry_test_00658.jpg,dry,test
C:\DATN\skin-ai-project\ai\data\processed\skin_type\test\normal\normal_test_00659.jpg,normal,test
C:\DATN\skin-ai-project\ai\data\processed\skin_type\test\normal\normal_test_00660.jpg,normal,test
C:\DATN\skin-ai-project\ai\data\processed\skin_type\test\normal\normal_test_00661.jpg,normal,test
C:\DATN\skin-ai-project\ai\data\processed\skin_type\test\oily\oily_test_00662.jpg,oily,test
C:\DATN\skin-ai-project\ai\data\processed\skin_type\test\oily\oily_test_00663.jpg,oily,test
C:\DATN\skin-ai-project\ai\data\processed\skin_type\test\oily\oily_test_00664.jpg,oily,test
C:\DATN\skin-ai-project\ai\data\processed\skin_type\test\normal\normal_test_00665.jpg,normal,test
C:\DATN\skin-ai-project\ai\data\processed\skin_type\test\normal\normal_test_00666.jpg,normal,test
C:\DATN\skin-ai-project\ai\data\processed\skin_type\test\normal\normal_test_00667.jpg,normal,test
C:\DATN\skin-ai-project\ai\data\processed\skin_type\test\oily\oily_test_00668.jpg,oily,test
C:\DATN\skin-ai-project\ai\data\processed\skin_type\test\dry\dry_test_00669.jpg,dry,test
C:\DATN\skin-ai-project\ai\data\processed\skin_type\test\dry\dry_test_00670.jpg,dry,test
C:\DATN\skin-ai-project\ai\data\processed\skin_type\test\dry\dry_test_00671.jpg,dry,test
C:\DATN\skin-ai-project\ai\data\processed\skin_type\test\normal\normal_test_00672.jpg,normal,test
C:\DATN\skin-ai-project\ai\data\processed\skin_type\test\normal\normal_test_00673.jpg,normal,test
C:\DATN\skin-ai-project\ai\data\processed\skin_type\test\oily\oily_test_00674.jpg,oily,test
C:\DATN\skin-ai-project\ai\data\processed\skin_type\test\normal\normal_test_00675.jpg,normal,test
C:\DATN\skin-ai-project\ai\data\processed\skin_type\test\normal\normal_test_00676.jpg,normal,test
C:\DATN\skin-ai-project\ai\data\processed\skin_type\test\normal\normal_test_00677.jpg,normal,test
C:\DATN\skin-ai-project\ai\data\processed\skin_type\test\normal\normal_test_00678.jpg,normal,test
C:\DATN\skin-ai-project\ai\data\processed\skin_type\test\dry\dry_test_00679.jpg,dry,test
C:\DATN\skin-ai-project\ai\data\processed\skin_type\test\normal\normal_test_00680.jpg,normal,test
C:\DATN\skin-ai-project\ai\data\processed\skin_type\test\dry\dry_test_00681.jpg,dry,test
C:\DATN\skin-ai-project\ai\data\processed\skin_type\test\oily\oily_test_00682.jpg,oily,test
C:\DATN\skin-ai-project\ai\data\processed\skin_type\test\normal\normal_test_00683.jpg,normal,test
C:\DATN\skin-ai-project\ai\data\processed\skin_type\test\oily\oily_test_00684.jpg,oily,test
C:\DATN\skin-ai-project\ai\data\processed\skin_type\test\dry\dry_test_00685.jpg,dry,test
C:\DATN\skin-ai-project\ai\data\processed\skin_type\test\normal\normal_test_00686.jpg,normal,test
C:\DATN\skin-ai-project\ai\data\processed\skin_type\test\oily\oily_test_00687.jpg,oily,test
C:\DATN\skin-ai-project\ai\data\processed\skin_type\test\normal\normal_test_00688.jpg,normal,test
C:\DATN\skin-ai-project\ai\data\processed\skin_type\test\normal\normal_test_00689.jpg,normal,test
C:\DATN\skin-ai-project\ai\data\processed\skin_type\test\normal\normal_test_00690.jpg,normal,test
C:\DATN\skin-ai-project\ai\data\processed\skin_type\test\oily\oily_test_00691.jpg,oily,test
C:\DATN\skin-ai-project\ai\data\processed\skin_type\test\normal\normal_test_00692.jpg,normal,test
C:\DATN\skin-ai-project\ai\data\processed\skin_type\test\normal\normal_test_00693.jpg,normal,test
C:\DATN\skin-ai-project\ai\data\processed\skin_type\test\oily\oily_test_00694.jpg,oily,test
C:\DATN\skin-ai-project\ai\data\processed\skin_type\test\oily\oily_test_00695.jpg,oily,test
C:\DATN\skin-ai-project\ai\data\processed\skin_type\test\oily\oily_test_00696.jpg,oily,test
C:\DATN\skin-ai-project\ai\data\processed\skin_type\test\normal\normal_test_00697.jpg,normal,test
C:\DATN\skin-ai-project\ai\data\processed\skin_type\test\normal\normal_test_00698.jpg,normal,test
C:\DATN\skin-ai-project\ai\data\processed\skin_type\test\normal\normal_test_00699.jpg,normal,test
C:\DATN\skin-ai-project\ai\data\processed\skin_type\test\normal\normal_test_00700.jpg,normal,test
C:\DATN\skin-ai-project\ai\data\processed\skin_type\test\normal\normal_test_00701.jpg,normal,test
C:\DATN\skin-ai-project\ai\data\processed\skin_type\test\oily\oily_test_00702.jpg,oily,test
C:\DATN\skin-ai-project\ai\data\processed\skin_type\test\oily\oily_test_00703.jpg,oily,test
C:\DATN\skin-ai-project\ai\data\processed\skin_type\test\normal\normal_test_00704.jpg,normal,test
C:\DATN\skin-ai-project\ai\data\processed\skin_type\test\oily\oily_test_00705.jpg,oily,test
C:\DATN\skin-ai-project\ai\data\processed\skin_type\test\oily\oily_test_00706.jpg,oily,test
C:\DATN\skin-ai-project\ai\data\processed\skin_type\test\normal\normal_test_00707.jpg,normal,test
C:\DATN\skin-ai-project\ai\data\processed\skin_type\test\normal\normal_test_00708.jpg,normal,test
C:\DATN\skin-ai-project\ai\data\processed\skin_type\test\normal\normal_test_00709.jpg,normal,test
C:\DATN\skin-ai-project\ai\data\processed\skin_type\test\dry\dry_test_00710.jpg,dry,test
C:\DATN\skin-ai-project\ai\data\processed\skin_type\test\dry\dry_test_00711.jpg,dry,test
C:\DATN\skin-ai-project\ai\data\processed\skin_type\test\normal\normal_test_00712.jpg,normal,test
C:\DATN\skin-ai-project\ai\data\processed\skin_type\test\normal\normal_test_00713.jpg,normal,test
C:\DATN\skin-ai-project\ai\data\processed\skin_type\test\oily\oily_test_00714.jpg,oily,test
C:\DATN\skin-ai-project\ai\data\processed\skin_type\test\oily\oily_test_00715.jpg,oily,test
C:\DATN\skin-ai-project\ai\data\processed\skin_type\test\normal\normal_test_00716.jpg,normal,test
C:\DATN\skin-ai-project\ai\data\processed\skin_type\test\normal\normal_test_00717.jpg,normal,test
C:\DATN\skin-ai-project\ai\data\processed\skin_type\test\normal\normal_test_00718.jpg,normal,test
C:\DATN\skin-ai-project\ai\data\processed\skin_type\test\oily\oily_test_00719.jpg,oily,test
C:\DATN\skin-ai-project\ai\data\processed\skin_type\test\normal\normal_test_00720.jpg,normal,test
C:\DATN\skin-ai-project\ai\data\processed\skin_type\test\normal\normal_test_00721.jpg,normal,test
C:\DATN\skin-ai-project\ai\data\processed\skin_type\test\normal\normal_test_00722.jpg,normal,test
C:\DATN\skin-ai-project\ai\data\processed\skin_type\test\oily\oily_test_00723.jpg,oily,test
C:\DATN\skin-ai-project\ai\data\processed\skin_type\test\normal\normal_test_00724.jpg,normal,test
C:\DATN\skin-ai-project\ai\data\processed\skin_type\test\normal\normal_test_00725.jpg,normal,test
C:\DATN\skin-ai-project\ai\data\processed\skin_type\test\normal\normal_test_00726.jpg,normal,test
C:\DATN\skin-ai-project\ai\data\processed\skin_type\test\oily\oily_test_00727.jpg,oily,test
C:\DATN\skin-ai-project\ai\data\processed\skin_type\test\normal\normal_test_00728.jpg,normal,test
C:\DATN\skin-ai-project\ai\data\processed\skin_type\test\normal\normal_test_00729.jpg,normal,test
C:\DATN\skin-ai-project\ai\data\processed\skin_type\test\normal\normal_test_00730.jpg,normal,test
C:\DATN\skin-ai-project\ai\data\processed\skin_type\test\normal\normal_test_00731.jpg,normal,test
C:\DATN\skin-ai-project\ai\data\processed\skin_type\test\oily\oily_test_00732.jpg,oily,test
C:\DATN\skin-ai-project\ai\data\processed\skin_type\test\oily\oily_test_00733.jpg,oily,test
C:\DATN\skin-ai-project\ai\data\processed\skin_type\test\normal\normal_test_00734.jpg,normal,test
C:\DATN\skin-ai-project\ai\data\processed\skin_type\test\dry\dry_test_00735.jpg,dry,test
C:\DATN\skin-ai-project\ai\data\processed\skin_type\test\oily\oily_test_00736.jpg,oily,test
C:\DATN\skin-ai-project\ai\data\processed\skin_type\test\normal\normal_test_00737.jpg,normal,test
C:\DATN\skin-ai-project\ai\data\processed\skin_type\test\normal\normal_test_00738.jpg,normal,test
C:\DATN\skin-ai-project\ai\data\processed\skin_type\test\normal\normal_test_00739.jpg,normal,test
C:\DATN\skin-ai-project\ai\data\processed\skin_type\test\normal\normal_test_00740.jpg,normal,test
C:\DATN\skin-ai-project\ai\data\processed\skin_type\test\normal\normal_test_00741.jpg,normal,test
C:\DATN\skin-ai-project\ai\data\processed\skin_type\test\normal\normal_test_00742.jpg,normal,test
C:\DATN\skin-ai-project\ai\data\processed\skin_type\test\normal\normal_test_00743.jpg,normal,test
C:\DATN\skin-ai-project\ai\data\processed\skin_type\test\dry\dry_test_00744.jpg,dry,test
C:\DATN\skin-ai-project\ai\data\processed\skin_type\test\normal\normal_test_00745.jpg,normal,test
C:\DATN\skin-ai-project\ai\data\processed\skin_type\test\normal\normal_test_00746.jpg,normal,test
C:\DATN\skin-ai-project\ai\data\processed\skin_type\test\normal\normal_test_00747.jpg,normal,test
C:\DATN\skin-ai-project\ai\data\processed\skin_type\test\normal\normal_test_00748.jpg,normal,test
C:\DATN\skin-ai-project\ai\data\processed\skin_type\test\normal\normal_test_00749.jpg,normal,test
C:\DATN\skin-ai-project\ai\data\processed\skin_type\test\dry\dry_test_00750.jpg,dry,test
C:\DATN\skin-ai-project\ai\data\processed\skin_type\test\normal\normal_test_00751.jpg,normal,test
C:\DATN\skin-ai-project\ai\data\processed\skin_type\test\normal\normal_test_00752.jpg,normal,test
C:\DATN\skin-ai-project\ai\data\processed\skin_type\test\normal\normal_test_00753.jpg,normal,test
C:\DATN\skin-ai-project\ai\data\processed\skin_type\test\normal\normal_test_00754.jpg,normal,test
C:\DATN\skin-ai-project\ai\data\processed\skin_type\test\normal\normal_test_00755.jpg,normal,test
C:\DATN\skin-ai-project\ai\data\processed\skin_type\test\normal\normal_test_00756.jpg,normal,test
C:\DATN\skin-ai-project\ai\data\processed\skin_type\test\dry\dry_test_00757.jpg,dry,test
C:\DATN\skin-ai-project\ai\data\processed\skin_type\test\dry\dry_test_00758.jpg,dry,test
C:\DATN\skin-ai-project\ai\data\processed\skin_type\test\normal\normal_test_00759.jpg,normal,test
C:\DATN\skin-ai-project\ai\data\processed\skin_type\test\normal\normal_test_00760.jpg,normal,test
C:\DATN\skin-ai-project\ai\data\processed\skin_type\test\dry\dry_test_00761.jpg,dry,test
C:\DATN\skin-ai-project\ai\data\processed\skin_type\test\normal\normal_test_00762.jpg,normal,test
C:\DATN\skin-ai-project\ai\data\processed\skin_type\test\oily\oily_test_00763.jpg,oily,test
C:\DATN\skin-ai-project\ai\data\processed\skin_type\test\normal\normal_test_00764.jpg,normal,test
C:\DATN\skin-ai-project\ai\data\processed\skin_type\test\oily\oily_test_00765.jpg,oily,test
C:\DATN\skin-ai-project\ai\data\processed\skin_type\test\normal\normal_test_00766.jpg,normal,test
C:\DATN\skin-ai-project\ai\data\processed\skin_type\test\oily\oily_test_00767.jpg,oily,test
C:\DATN\skin-ai-project\ai\data\processed\skin_type\test\normal\normal_test_00768.jpg,normal,test
C:\DATN\skin-ai-project\ai\data\processed\skin_type\test\normal\normal_test_00769.jpg,normal,test
C:\DATN\skin-ai-project\ai\data\processed\skin_type\test\normal\normal_test_00770.jpg,normal,test
C:\DATN\skin-ai-project\ai\data\processed\skin_type\test\oily\oily_test_00771.jpg,oily,test
C:\DATN\skin-ai-project\ai\data\processed\skin_type\test\dry\dry_test_00772.jpg,dry,test
C:\DATN\skin-ai-project\ai\data\processed\skin_type\test\normal\normal_test_00773.jpg,normal,test
C:\DATN\skin-ai-project\ai\data\processed\skin_type\test\normal\normal_test_00774.jpg,normal,test
C:\DATN\skin-ai-project\ai\data\processed\skin_type\test\dry\dry_test_00775.jpg,dry,test
C:\DATN\skin-ai-project\ai\data\processed\skin_type\test\oily\oily_test_00776.jpg,oily,test
C:\DATN\skin-ai-project\ai\data\processed\skin_type\test\normal\normal_test_00777.jpg,normal,test
C:\DATN\skin-ai-project\ai\data\processed\skin_type\test\normal\normal_test_00778.jpg,normal,test
C:\DATN\skin-ai-project\ai\data\processed\skin_type\test\oily\oily_test_00779.jpg,oily,test
C:\DATN\skin-ai-project\ai\data\processed\skin_type\test\normal\normal_test_00780.jpg,normal,test
C:\DATN\skin-ai-project\ai\data\processed\skin_type\test\normal\normal_test_00781.jpg,normal,test
C:\DATN\skin-ai-project\ai\data\processed\skin_type\test\oily\oily_test_00782.jpg,oily,test
C:\DATN\skin-ai-project\ai\data\processed\skin_type\test\dry\dry_test_00783.jpg,dry,test
C:\DATN\skin-ai-project\ai\data\processed\skin_type\test\normal\normal_test_00784.jpg,normal,test
C:\DATN\skin-ai-project\ai\data\processed\skin_type\test\normal\normal_test_00785.jpg,normal,test
C:\DATN\skin-ai-project\ai\data\processed\skin_type\test\dry\dry_test_00786.jpg,dry,test
C:\DATN\skin-ai-project\ai\data\processed\skin_type\test\normal\normal_test_00787.jpg,normal,test
C:\DATN\skin-ai-project\ai\data\processed\skin_type\test\normal\normal_test_00788.jpg,normal,test
C:\DATN\skin-ai-project\ai\data\processed\skin_type\test\dry\dry_test_00789.jpg,dry,test
C:\DATN\skin-ai-project\ai\data\processed\skin_type\test\normal\normal_test_00790.jpg,normal,test
C:\DATN\skin-ai-project\ai\data\processed\skin_type\train\oily\oily_aug_00000.jpg,oily,train_aug
C:\DATN\skin-ai-project\ai\data\processed\skin_type\train\oily\oily_aug_00001.jpg,oily,train_aug
C:\DATN\skin-ai-project\ai\data\processed\skin_type\train\oily\oily_aug_00002.jpg,oily,train_aug
C:\DATN\skin-ai-project\ai\data\processed\skin_type\train\oily\oily_aug_00003.jpg,oily,train_aug
C:\DATN\skin-ai-project\ai\data\processed\skin_type\train\oily\oily_aug_00004.jpg,oily,train_aug
C:\DATN\skin-ai-project\ai\data\processed\skin_type\train\oily\oily_aug_00005.jpg,oily,train_aug
C:\DATN\skin-ai-project\ai\data\processed\skin_type\train\oily\oily_aug_00006.jpg,oily,train_aug
C:\DATN\skin-ai-project\ai\data\processed\skin_type\train\oily\oily_aug_00007.jpg,oily,train_aug
C:\DATN\skin-ai-project\ai\data\processed\skin_type\train\oily\oily_aug_00008.jpg,oily,train_aug
C:\DATN\skin-ai-project\ai\data\processed\skin_type\train\oily\oily_aug_00009.jpg,oily,train_aug
C:\DATN\skin-ai-project\ai\data\processed\skin_type\train\oily\oily_aug_00010.jpg,oily,train_aug
C:\DATN\skin-ai-project\ai\data\processed\skin_type\train\oily\oily_aug_00011.jpg,oily,train_aug
C:\DATN\skin-ai-project\ai\data\processed\skin_type\train\oily\oily_aug_00012.jpg,oily,train_aug
C:\DATN\skin-ai-project\ai\data\processed\skin_type\train\oily\oily_aug_00013.jpg,oily,train_aug
C:\DATN\skin-ai-project\ai\data\processed\skin_type\train\oily\oily_aug_00014.jpg,oily,train_aug
C:\DATN\skin-ai-project\ai\data\processed\skin_type\train\oily\oily_aug_00015.jpg,oily,train_aug
C:\DATN\skin-ai-project\ai\data\processed\skin_type\train\oily\oily_aug_00016.jpg,oily,train_aug
C:\DATN\skin-ai-project\ai\data\processed\skin_type\train\oily\oily_aug_00017.jpg,oily,train_aug
C:\DATN\skin-ai-project\ai\data\processed\skin_type\train\oily\oily_aug_00018.jpg,oily,train_aug
C:\DATN\skin-ai-project\ai\data\processed\skin_type\train\oily\oily_aug_00019.jpg,oily,train_aug
C:\DATN\skin-ai-project\ai\data\processed\skin_type\train\oily\oily_aug_00020.jpg,oily,train_aug
C:\DATN\skin-ai-project\ai\data\processed\skin_type\train\oily\oily_aug_00021.jpg,oily,train_aug
C:\DATN\skin-ai-project\ai\data\processed\skin_type\train\oily\oily_aug_00022.jpg,oily,train_aug
C:\DATN\skin-ai-project\ai\data\processed\skin_type\train\oily\oily_aug_00023.jpg,oily,train_aug
C:\DATN\skin-ai-project\ai\data\processed\skin_type\train\oily\oily_aug_00024.jpg,oily,train_aug
C:\DATN\skin-ai-project\ai\data\processed\skin_type\train\oily\oily_aug_00025.jpg,oily,train_aug
C:\DATN\skin-ai-project\ai\data\processed\skin_type\train\oily\oily_aug_00026.jpg,oily,train_aug
C:\DATN\skin-ai-project\ai\data\processed\skin_type\train\oily\oily_aug_00027.jpg,oily,train_aug
C:\DATN\skin-ai-project\ai\data\processed\skin_type\train\oily\oily_aug_00028.jpg,oily,train_aug
C:\DATN\skin-ai-project\ai\data\processed\skin_type\train\oily\oily_aug_00029.jpg,oily,train_aug
C:\DATN\skin-ai-project\ai\data\processed\skin_type\train\oily\oily_aug_00030.jpg,oily,train_aug
C:\DATN\skin-ai-project\ai\data\processed\skin_type\train\oily\oily_aug_00031.jpg,oily,train_aug
C:\DATN\skin-ai-project\ai\data\processed\skin_type\train\oily\oily_aug_00032.jpg,oily,train_aug
C:\DATN\skin-ai-project\ai\data\processed\skin_type\train\oily\oily_aug_00033.jpg,oily,train_aug
C:\DATN\skin-ai-project\ai\data\processed\skin_type\train\oily\oily_aug_00034.jpg,oily,train_aug
C:\DATN\skin-ai-project\ai\data\processed\skin_type\train\oily\oily_aug_00035.jpg,oily,train_aug
C:\DATN\skin-ai-project\ai\data\processed\skin_type\train\oily\oily_aug_00036.jpg,oily,train_aug
C:\DATN\skin-ai-project\ai\data\processed\skin_type\train\oily\oily_aug_00037.jpg,oily,train_aug
C:\DATN\skin-ai-project\ai\data\processed\skin_type\train\oily\oily_aug_00038.jpg,oily,train_aug
C:\DATN\skin-ai-project\ai\data\processed\skin_type\train\oily\oily_aug_00039.jpg,oily,train_aug
C:\DATN\skin-ai-project\ai\data\processed\skin_type\train\oily\oily_aug_00040.jpg,oily,train_aug
C:\DATN\skin-ai-project\ai\data\processed\skin_type\train\oily\oily_aug_00041.jpg,oily,train_aug
C:\DATN\skin-ai-project\ai\data\processed\skin_type\train\oily\oily_aug_00042.jpg,oily,train_aug
C:\DATN\skin-ai-project\ai\data\processed\skin_type\train\oily\oily_aug_00043.jpg,oily,train_aug
C:\DATN\skin-ai-project\ai\data\processed\skin_type\train\oily\oily_aug_00044.jpg,oily,train_aug
C:\DATN\skin-ai-project\ai\data\processed\skin_type\train\oily\oily_aug_00045.jpg,oily,train_aug
C:\DATN\skin-ai-project\ai\data\processed\skin_type\train\oily\oily_aug_00046.jpg,oily,train_aug
C:\DATN\skin-ai-project\ai\data\processed\skin_type\train\oily\oily_aug_00047.jpg,oily,train_aug
C:\DATN\skin-ai-project\ai\data\processed\skin_type\train\oily\oily_aug_00048.jpg,oily,train_aug
C:\DATN\skin-ai-project\ai\data\processed\skin_type\train\oily\oily_aug_00049.jpg,oily,train_aug
C:\DATN\skin-ai-project\ai\data\processed\skin_type\train\oily\oily_aug_00050.jpg,oily,train_aug
C:\DATN\skin-ai-project\ai\data\processed\skin_type\train\oily\oily_aug_00051.jpg,oily,train_aug
C:\DATN\skin-ai-project\ai\data\processed\skin_type\train\oily\oily_aug_00052.jpg,oily,train_aug
C:\DATN\skin-ai-project\ai\data\processed\skin_type\train\oily\oily_aug_00053.jpg,oily,train_aug
C:\DATN\skin-ai-project\ai\data\processed\skin_type\train\oily\oily_aug_00054.jpg,oily,train_aug
C:\DATN\skin-ai-project\ai\data\processed\skin_type\train\oily\oily_aug_00055.jpg,oily,train_aug
C:\DATN\skin-ai-project\ai\data\processed\skin_type\train\oily\oily_aug_00056.jpg,oily,train_aug
C:\DATN\skin-ai-project\ai\data\processed\skin_type\train\oily\oily_aug_00057.jpg,oily,train_aug
C:\DATN\skin-ai-project\ai\data\processed\skin_type\train\oily\oily_aug_00058.jpg,oily,train_aug
C:\DATN\skin-ai-project\ai\data\processed\skin_type\train\oily\oily_aug_00059.jpg,oily,train_aug
C:\DATN\skin-ai-project\ai\data\processed\skin_type\train\oily\oily_aug_00060.jpg,oily,train_aug
C:\DATN\skin-ai-project\ai\data\processed\skin_type\train\oily\oily_aug_00061.jpg,oily,train_aug
C:\DATN\skin-ai-project\ai\data\processed\skin_type\train\oily\oily_aug_00062.jpg,oily,train_aug
C:\DATN\skin-ai-project\ai\data\processed\skin_type\train\oily\oily_aug_00063.jpg,oily,train_aug
C:\DATN\skin-ai-project\ai\data\processed\skin_type\train\oily\oily_aug_00064.jpg,oily,train_aug
C:\DATN\skin-ai-project\ai\data\processed\skin_type\train\oily\oily_aug_00065.jpg,oily,train_aug
C:\DATN\skin-ai-project\ai\data\processed\skin_type\train\oily\oily_aug_00066.jpg,oily,train_aug
C:\DATN\skin-ai-project\ai\data\processed\skin_type\train\oily\oily_aug_00067.jpg,oily,train_aug
C:\DATN\skin-ai-project\ai\data\processed\skin_type\train\oily\oily_aug_00068.jpg,oily,train_aug
C:\DATN\skin-ai-project\ai\data\processed\skin_type\train\oily\oily_aug_00069.jpg,oily,train_aug
C:\DATN\skin-ai-project\ai\data\processed\skin_type\train\oily\oily_aug_00070.jpg,oily,train_aug
C:\DATN\skin-ai-project\ai\data\processed\skin_type\train\oily\oily_aug_00071.jpg,oily,train_aug
C:\DATN\skin-ai-project\ai\data\processed\skin_type\train\oily\oily_aug_00072.jpg,oily,train_aug
C:\DATN\skin-ai-project\ai\data\processed\skin_type\train\oily\oily_aug_00073.jpg,oily,train_aug
C:\DATN\skin-ai-project\ai\data\processed\skin_type\train\oily\oily_aug_00074.jpg,oily,train_aug
C:\DATN\skin-ai-project\ai\data\processed\skin_type\train\oily\oily_aug_00075.jpg,oily,train_aug
C:\DATN\skin-ai-project\ai\data\processed\skin_type\train\oily\oily_aug_00076.jpg,oily,train_aug
C:\DATN\skin-ai-project\ai\data\processed\skin_type\train\oily\oily_aug_00077.jpg,oily,train_aug
C:\DATN\skin-ai-project\ai\data\processed\skin_type\train\oily\oily_aug_00078.jpg,oily,train_aug
C:\DATN\skin-ai-project\ai\data\processed\skin_type\train\oily\oily_aug_00079.jpg,oily,train_aug
C:\DATN\skin-ai-project\ai\data\processed\skin_type\train\oily\oily_aug_00080.jpg,oily,train_aug
C:\DATN\skin-ai-project\ai\data\processed\skin_type\train\oily\oily_aug_00081.jpg,oily,train_aug
C:\DATN\skin-ai-project\ai\data\processed\skin_type\train\oily\oily_aug_00082.jpg,oily,train_aug
C:\DATN\skin-ai-project\ai\data\processed\skin_type\train\oily\oily_aug_00083.jpg,oily,train_aug
C:\DATN\skin-ai-project\ai\data\processed\skin_type\train\oily\oily_aug_00084.jpg,oily,train_aug
C:\DATN\skin-ai-project\ai\data\processed\skin_type\train\oily\oily_aug_00085.jpg,oily,train_aug
C:\DATN\skin-ai-project\ai\data\processed\skin_type\train\oily\oily_aug_00086.jpg,oily,train_aug
C:\DATN\skin-ai-project\ai\data\processed\skin_type\train\oily\oily_aug_00087.jpg,oily,train_aug
C:\DATN\skin-ai-project\ai\data\processed\skin_type\train\oily\oily_aug_00088.jpg,oily,train_aug
C:\DATN\skin-ai-project\ai\data\processed\skin_type\train\oily\oily_aug_00089.jpg,oily,train_aug
C:\DATN\skin-ai-project\ai\data\processed\skin_type\train\oily\oily_aug_00090.jpg,oily,train_aug
C:\DATN\skin-ai-project\ai\data\processed\skin_type\train\oily\oily_aug_00091.jpg,oily,train_aug
C:\DATN\skin-ai-project\ai\data\processed\skin_type\train\oily\oily_aug_00092.jpg,oily,train_aug
C:\DATN\skin-ai-project\ai\data\processed\skin_type\train\oily\oily_aug_00093.jpg,oily,train_aug
C:\DATN\skin-ai-project\ai\data\processed\skin_type\train\oily\oily_aug_00094.jpg,oily,train_aug
C:\DATN\skin-ai-project\ai\data\processed\skin_type\train\oily\oily_aug_00095.jpg,oily,train_aug
C:\DATN\skin-ai-project\ai\data\processed\skin_type\train\oily\oily_aug_00096.jpg,oily,train_aug
C:\DATN\skin-ai-project\ai\data\processed\skin_type\train\oily\oily_aug_00097.jpg,oily,train_aug
C:\DATN\skin-ai-project\ai\data\processed\skin_type\train\oily\oily_aug_00098.jpg,oily,train_aug
C:\DATN\skin-ai-project\ai\data\processed\skin_type\train\oily\oily_aug_00099.jpg,oily,train_aug
C:\DATN\skin-ai-project\ai\data\processed\skin_type\train\oily\oily_aug_00100.jpg,oily,train_aug
C:\DATN\skin-ai-project\ai\data\processed\skin_type\train\oily\oily_aug_00101.jpg,oily,train_aug
C:\DATN\skin-ai-project\ai\data\processed\skin_type\train\oily\oily_aug_00102.jpg,oily,train_aug
C:\DATN\skin-ai-project\ai\data\processed\skin_type\train\oily\oily_aug_00103.jpg,oily,train_aug
C:\DATN\skin-ai-project\ai\data\processed\skin_type\train\oily\oily_aug_00104.jpg,oily,train_aug
C:\DATN\skin-ai-project\ai\data\processed\skin_type\train\oily\oily_aug_00105.jpg,oily,train_aug
C:\DATN\skin-ai-project\ai\data\processed\skin_type\train\oily\oily_aug_00106.jpg,oily,train_aug
C:\DATN\skin-ai-project\ai\data\processed\skin_type\train\oily\oily_aug_00107.jpg,oily,train_aug
C:\DATN\skin-ai-project\ai\data\processed\skin_type\train\oily\oily_aug_00108.jpg,oily,train_aug
C:\DATN\skin-ai-project\ai\data\processed\skin_type\train\oily\oily_aug_00109.jpg,oily,train_aug
C:\DATN\skin-ai-project\ai\data\processed\skin_type\train\oily\oily_aug_00110.jpg,oily,train_aug
C:\DATN\skin-ai-project\ai\data\processed\skin_type\train\oily\oily_aug_00111.jpg,oily,train_aug
C:\DATN\skin-ai-project\ai\data\processed\skin_type\train\oily\oily_aug_00112.jpg,oily,train_aug
C:\DATN\skin-ai-project\ai\data\processed\skin_type\train\oily\oily_aug_00113.jpg,oily,train_aug
C:\DATN\skin-ai-project\ai\data\processed\skin_type\train\oily\oily_aug_00114.jpg,oily,train_aug
C:\DATN\skin-ai-project\ai\data\processed\skin_type\train\oily\oily_aug_00115.jpg,oily,train_aug
C:\DATN\skin-ai-project\ai\data\processed\skin_type\train\oily\oily_aug_00116.jpg,oily,train_aug
C:\DATN\skin-ai-project\ai\data\processed\skin_type\train\oily\oily_aug_00117.jpg,oily,train_aug
C:\DATN\skin-ai-project\ai\data\processed\skin_type\train\oily\oily_aug_00118.jpg,oily,train_aug
C:\DATN\skin-ai-project\ai\data\processed\skin_type\train\oily\oily_aug_00119.jpg,oily,train_aug
C:\DATN\skin-ai-project\ai\data\processed\skin_type\train\oily\oily_aug_00120.jpg,oily,train_aug
C:\DATN\skin-ai-project\ai\data\processed\skin_type\train\oily\oily_aug_00121.jpg,oily,train_aug
C:\DATN\skin-ai-project\ai\data\processed\skin_type\train\oily\oily_aug_00122.jpg,oily,train_aug
C:\DATN\skin-ai-project\ai\data\processed\skin_type\train\oily\oily_aug_00123.jpg,oily,train_aug
C:\DATN\skin-ai-project\ai\data\processed\skin_type\train\oily\oily_aug_00124.jpg,oily,train_aug
C:\DATN\skin-ai-project\ai\data\processed\skin_type\train\oily\oily_aug_00125.jpg,oily,train_aug
C:\DATN\skin-ai-project\ai\data\processed\skin_type\train\oily\oily_aug_00126.jpg,oily,train_aug
C:\DATN\skin-ai-project\ai\data\processed\skin_type\train\oily\oily_aug_00127.jpg,oily,train_aug
C:\DATN\skin-ai-project\ai\data\processed\skin_type\train\oily\oily_aug_00128.jpg,oily,train_aug
C:\DATN\skin-ai-project\ai\data\processed\skin_type\train\oily\oily_aug_00129.jpg,oily,train_aug
C:\DATN\skin-ai-project\ai\data\processed\skin_type\train\oily\oily_aug_00130.jpg,oily,train_aug
C:\DATN\skin-ai-project\ai\data\processed\skin_type\train\oily\oily_aug_00131.jpg,oily,train_aug
C:\DATN\skin-ai-project\ai\data\processed\skin_type\train\oily\oily_aug_00132.jpg,oily,train_aug
C:\DATN\skin-ai-project\ai\data\processed\skin_type\train\oily\oily_aug_00133.jpg,oily,train_aug
C:\DATN\skin-ai-project\ai\data\processed\skin_type\train\oily\oily_aug_00134.jpg,oily,train_aug
C:\DATN\skin-ai-project\ai\data\processed\skin_type\train\oily\oily_aug_00135.jpg,oily,train_aug
C:\DATN\skin-ai-project\ai\data\processed\skin_type\train\oily\oily_aug_00136.jpg,oily,train_aug
C:\DATN\skin-ai-project\ai\data\processed\skin_type\train\oily\oily_aug_00137.jpg,oily,train_aug
C:\DATN\skin-ai-project\ai\data\processed\skin_type\train\oily\oily_aug_00138.jpg,oily,train_aug
C:\DATN\skin-ai-project\ai\data\processed\skin_type\train\oily\oily_aug_00139.jpg,oily,train_aug
C:\DATN\skin-ai-project\ai\data\processed\skin_type\train\oily\oily_aug_00140.jpg,oily,train_aug
C:\DATN\skin-ai-project\ai\data\processed\skin_type\train\oily\oily_aug_00141.jpg,oily,train_aug
C:\DATN\skin-ai-project\ai\data\processed\skin_type\train\oily\oily_aug_00142.jpg,oily,train_aug
C:\DATN\skin-ai-project\ai\data\processed\skin_type\train\oily\oily_aug_00143.jpg,oily,train_aug
C:\DATN\skin-ai-project\ai\data\processed\skin_type\train\oily\oily_aug_00144.jpg,oily,train_aug
C:\DATN\skin-ai-project\ai\data\processed\skin_type\train\oily\oily_aug_00145.jpg,oily,train_aug
C:\DATN\skin-ai-project\ai\data\processed\skin_type\train\oily\oily_aug_00146.jpg,oily,train_aug
C:\DATN\skin-ai-project\ai\data\processed\skin_type\train\oily\oily_aug_00147.jpg,oily,train_aug
C:\DATN\skin-ai-project\ai\data\processed\skin_type\train\oily\oily_aug_00148.jpg,oily,train_aug
C:\DATN\skin-ai-project\ai\data\processed\skin_type\train\oily\oily_aug_00149.jpg,oily,train_aug
C:\DATN\skin-ai-project\ai\data\processed\skin_type\train\oily\oily_aug_00150.jpg,oily,train_aug
C:\DATN\skin-ai-project\ai\data\processed\skin_type\train\oily\oily_aug_00151.jpg,oily,train_aug
C:\DATN\skin-ai-project\ai\data\processed\skin_type\train\oily\oily_aug_00152.jpg,oily,train_aug
C:\DATN\skin-ai-project\ai\data\processed\skin_type\train\oily\oily_aug_00153.jpg,oily,train_aug
C:\DATN\skin-ai-project\ai\data\processed\skin_type\train\oily\oily_aug_00154.jpg,oily,train_aug
C:\DATN\skin-ai-project\ai\data\processed\skin_type\train\oily\oily_aug_00155.jpg,oily,train_aug
C:\DATN\skin-ai-project\ai\data\processed\skin_type\train\oily\oily_aug_00156.jpg,oily,train_aug
C:\DATN\skin-ai-project\ai\data\processed\skin_type\train\oily\oily_aug_00157.jpg,oily,train_aug
C:\DATN\skin-ai-project\ai\data\processed\skin_type\train\oily\oily_aug_00158.jpg,oily,train_aug
C:\DATN\skin-ai-project\ai\data\processed\skin_type\train\oily\oily_aug_00159.jpg,oily,train_aug
C:\DATN\skin-ai-project\ai\data\processed\skin_type\train\oily\oily_aug_00160.jpg,oily,train_aug
C:\DATN\skin-ai-project\ai\data\processed\skin_type\train\oily\oily_aug_00161.jpg,oily,train_aug
C:\DATN\skin-ai-project\ai\data\processed\skin_type\train\oily\oily_aug_00162.jpg,oily,train_aug
C:\DATN\skin-ai-project\ai\data\processed\skin_type\train\oily\oily_aug_00163.jpg,oily,train_aug
C:\DATN\skin-ai-project\ai\data\processed\skin_type\train\oily\oily_aug_00164.jpg,oily,train_aug
C:\DATN\skin-ai-project\ai\data\processed\skin_type\train\oily\oily_aug_00165.jpg,oily,train_aug
C:\DATN\skin-ai-project\ai\data\processed\skin_type\train\oily\oily_aug_00166.jpg,oily,train_aug
C:\DATN\skin-ai-project\ai\data\processed\skin_type\train\oily\oily_aug_00167.jpg,oily,train_aug
C:\DATN\skin-ai-project\ai\data\processed\skin_type\train\oily\oily_aug_00168.jpg,oily,train_aug
C:\DATN\skin-ai-project\ai\data\processed\skin_type\train\oily\oily_aug_00169.jpg,oily,train_aug
C:\DATN\skin-ai-project\ai\data\processed\skin_type\train\oily\oily_aug_00170.jpg,oily,train_aug
C:\DATN\skin-ai-project\ai\data\processed\skin_type\train\oily\oily_aug_00171.jpg,oily,train_aug
C:\DATN\skin-ai-project\ai\data\processed\skin_type\train\oily\oily_aug_00172.jpg,oily,train_aug
C:\DATN\skin-ai-project\ai\data\processed\skin_type\train\oily\oily_aug_00173.jpg,oily,train_aug
C:\DATN\skin-ai-project\ai\data\processed\skin_type\train\oily\oily_aug_00174.jpg,oily,train_aug
C:\DATN\skin-ai-project\ai\data\processed\skin_type\train\oily\oily_aug_00175.jpg,oily,train_aug
C:\DATN\skin-ai-project\ai\data\processed\skin_type\train\oily\oily_aug_00176.jpg,oily,train_aug
C:\DATN\skin-ai-project\ai\data\processed\skin_type\train\oily\oily_aug_00177.jpg,oily,train_aug
C:\DATN\skin-ai-project\ai\data\processed\skin_type\train\oily\oily_aug_00178.jpg,oily,train_aug
C:\DATN\skin-ai-project\ai\data\processed\skin_type\train\oily\oily_aug_00179.jpg,oily,train_aug
C:\DATN\skin-ai-project\ai\data\processed\skin_type\train\oily\oily_aug_00180.jpg,oily,train_aug
C:\DATN\skin-ai-project\ai\data\processed\skin_type\train\oily\oily_aug_00181.jpg,oily,train_aug
C:\DATN\skin-ai-project\ai\data\processed\skin_type\train\oily\oily_aug_00182.jpg,oily,train_aug
C:\DATN\skin-ai-project\ai\data\processed\skin_type\train\oily\oily_aug_00183.jpg,oily,train_aug
C:\DATN\skin-ai-project\ai\data\processed\skin_type\train\oily\oily_aug_00184.jpg,oily,train_aug
C:\DATN\skin-ai-project\ai\data\processed\skin_type\train\oily\oily_aug_00185.jpg,oily,train_aug
C:\DATN\skin-ai-project\ai\data\processed\skin_type\train\oily\oily_aug_00186.jpg,oily,train_aug
C:\DATN\skin-ai-project\ai\data\processed\skin_type\train\oily\oily_aug_00187.jpg,oily,train_aug
C:\DATN\skin-ai-project\ai\data\processed\skin_type\train\oily\oily_aug_00188.jpg,oily,train_aug
C:\DATN\skin-ai-project\ai\data\processed\skin_type\train\oily\oily_aug_00189.jpg,oily,train_aug
C:\DATN\skin-ai-project\ai\data\processed\skin_type\train\oily\oily_aug_00190.jpg,oily,train_aug
C:\DATN\skin-ai-project\ai\data\processed\skin_type\train\oily\oily_aug_00191.jpg,oily,train_aug
C:\DATN\skin-ai-project\ai\data\processed\skin_type\train\oily\oily_aug_00192.jpg,oily,train_aug
C:\DATN\skin-ai-project\ai\data\processed\skin_type\train\oily\oily_aug_00193.jpg,oily,train_aug
C:\DATN\skin-ai-project\ai\data\processed\skin_type\train\oily\oily_aug_00194.jpg,oily,train_aug
C:\DATN\skin-ai-project\ai\data\processed\skin_type\train\oily\oily_aug_00195.jpg,oily,train_aug
C:\DATN\skin-ai-project\ai\data\processed\skin_type\train\oily\oily_aug_00196.jpg,oily,train_aug
C:\DATN\skin-ai-project\ai\data\processed\skin_type\train\oily\oily_aug_00197.jpg,oily,train_aug
C:\DATN\skin-ai-project\ai\data\processed\skin_type\train\oily\oily_aug_00198.jpg,oily,train_aug
C:\DATN\skin-ai-project\ai\data\processed\skin_type\train\oily\oily_aug_00199.jpg,oily,train_aug
C:\DATN\skin-ai-project\ai\data\processed\skin_type\train\oily\oily_aug_00200.jpg,oily,train_aug
C:\DATN\skin-ai-project\ai\data\processed\skin_type\train\oily\oily_aug_00201.jpg,oily,train_aug
C:\DATN\skin-ai-project\ai\data\processed\skin_type\train\oily\oily_aug_00202.jpg,oily,train_aug
C:\DATN\skin-ai-project\ai\data\processed\skin_type\train\oily\oily_aug_00203.jpg,oily,train_aug
C:\DATN\skin-ai-project\ai\data\processed\skin_type\train\oily\oily_aug_00204.jpg,oily,train_aug
C:\DATN\skin-ai-project\ai\data\processed\skin_type\train\oily\oily_aug_00205.jpg,oily,train_aug
C:\DATN\skin-ai-project\ai\data\processed\skin_type\train\oily\oily_aug_00206.jpg,oily,train_aug
C:\DATN\skin-ai-project\ai\data\processed\skin_type\train\oily\oily_aug_00207.jpg,oily,train_aug
C:\DATN\skin-ai-project\ai\data\processed\skin_type\train\oily\oily_aug_00208.jpg,oily,train_aug
C:\DATN\skin-ai-project\ai\data\processed\skin_type\train\oily\oily_aug_00209.jpg,oily,train_aug
C:\DATN\skin-ai-project\ai\data\processed\skin_type\train\oily\oily_aug_00210.jpg,oily,train_aug
C:\DATN\skin-ai-project\ai\data\processed\skin_type\train\oily\oily_aug_00211.jpg,oily,train_aug
C:\DATN\skin-ai-project\ai\data\processed\skin_type\train\oily\oily_aug_00212.jpg,oily,train_aug
C:\DATN\skin-ai-project\ai\data\processed\skin_type\train\oily\oily_aug_00213.jpg,oily,train_aug
C:\DATN\skin-ai-project\ai\data\processed\skin_type\train\oily\oily_aug_00214.jpg,oily,train_aug
C:\DATN\skin-ai-project\ai\data\processed\skin_type\train\oily\oily_aug_00215.jpg,oily,train_aug
C:\DATN\skin-ai-project\ai\data\processed\skin_type\train\oily\oily_aug_00216.jpg,oily,train_aug
C:\DATN\skin-ai-project\ai\data\processed\skin_type\train\oily\oily_aug_00217.jpg,oily,train_aug
C:\DATN\skin-ai-project\ai\data\processed\skin_type\train\oily\oily_aug_00218.jpg,oily,train_aug
C:\DATN\skin-ai-project\ai\data\processed\skin_type\train\oily\oily_aug_00219.jpg,oily,train_aug
C:\DATN\skin-ai-project\ai\data\processed\skin_type\train\oily\oily_aug_00220.jpg,oily,train_aug
C:\DATN\skin-ai-project\ai\data\processed\skin_type\train\oily\oily_aug_00221.jpg,oily,train_aug
C:\DATN\skin-ai-project\ai\data\processed\skin_type\train\oily\oily_aug_00222.jpg,oily,train_aug
C:\DATN\skin-ai-project\ai\data\processed\skin_type\train\oily\oily_aug_00223.jpg,oily,train_aug
C:\DATN\skin-ai-project\ai\data\processed\skin_type\train\oily\oily_aug_00224.jpg,oily,train_aug
C:\DATN\skin-ai-project\ai\data\processed\skin_type\train\oily\oily_aug_00225.jpg,oily,train_aug
C:\DATN\skin-ai-project\ai\data\processed\skin_type\train\oily\oily_aug_00226.jpg,oily,train_aug
C:\DATN\skin-ai-project\ai\data\processed\skin_type\train\oily\oily_aug_00227.jpg,oily,train_aug
C:\DATN\skin-ai-project\ai\data\processed\skin_type\train\oily\oily_aug_00228.jpg,oily,train_aug
C:\DATN\skin-ai-project\ai\data\processed\skin_type\train\oily\oily_aug_00229.jpg,oily,train_aug
C:\DATN\skin-ai-project\ai\data\processed\skin_type\train\oily\oily_aug_00230.jpg,oily,train_aug
C:\DATN\skin-ai-project\ai\data\processed\skin_type\train\oily\oily_aug_00231.jpg,oily,train_aug
C:\DATN\skin-ai-project\ai\data\processed\skin_type\train\oily\oily_aug_00232.jpg,oily,train_aug
C:\DATN\skin-ai-project\ai\data\processed\skin_type\train\oily\oily_aug_00233.jpg,oily,train_aug
C:\DATN\skin-ai-project\ai\data\processed\skin_type\train\oily\oily_aug_00234.jpg,oily,train_aug
C:\DATN\skin-ai-project\ai\data\processed\skin_type\train\oily\oily_aug_00235.jpg,oily,train_aug
C:\DATN\skin-ai-project\ai\data\processed\skin_type\train\oily\oily_aug_00236.jpg,oily,train_aug
C:\DATN\skin-ai-project\ai\data\processed\skin_type\train\oily\oily_aug_00237.jpg,oily,train_aug
C:\DATN\skin-ai-project\ai\data\processed\skin_type\train\oily\oily_aug_00238.jpg,oily,train_aug
C:\DATN\skin-ai-project\ai\data\processed\skin_type\train\oily\oily_aug_00239.jpg,oily,train_aug
C:\DATN\skin-ai-project\ai\data\processed\skin_type\train\oily\oily_aug_00240.jpg,oily,train_aug
C:\DATN\skin-ai-project\ai\data\processed\skin_type\train\oily\oily_aug_00241.jpg,oily,train_aug
C:\DATN\skin-ai-project\ai\data\processed\skin_type\train\oily\oily_aug_00242.jpg,oily,train_aug
C:\DATN\skin-ai-project\ai\data\processed\skin_type\train\oily\oily_aug_00243.jpg,oily,train_aug
C:\DATN\skin-ai-project\ai\data\processed\skin_type\train\oily\oily_aug_00244.jpg,oily,train_aug
C:\DATN\skin-ai-project\ai\data\processed\skin_type\train\oily\oily_aug_00245.jpg,oily,train_aug
C:\DATN\skin-ai-project\ai\data\processed\skin_type\train\oily\oily_aug_00246.jpg,oily,train_aug
C:\DATN\skin-ai-project\ai\data\processed\skin_type\train\oily\oily_aug_00247.jpg,oily,train_aug
C:\DATN\skin-ai-project\ai\data\processed\skin_type\train\oily\oily_aug_00248.jpg,oily,train_aug
C:\DATN\skin-ai-project\ai\data\processed\skin_type\train\oily\oily_aug_00249.jpg,oily,train_aug
C:\DATN\skin-ai-project\ai\data\processed\skin_type\train\oily\oily_aug_00250.jpg,oily,train_aug
C:\DATN\skin-ai-project\ai\data\processed\skin_type\train\oily\oily_aug_00251.jpg,oily,train_aug
C:\DATN\skin-ai-project\ai\data\processed\skin_type\train\oily\oily_aug_00252.jpg,oily,train_aug
C:\DATN\skin-ai-project\ai\data\processed\skin_type\train\oily\oily_aug_00253.jpg,oily,train_aug
C:\DATN\skin-ai-project\ai\data\processed\skin_type\train\oily\oily_aug_00254.jpg,oily,train_aug
C:\DATN\skin-ai-project\ai\data\processed\skin_type\train\oily\oily_aug_00255.jpg,oily,train_aug
C:\DATN\skin-ai-project\ai\data\processed\skin_type\train\oily\oily_aug_00256.jpg,oily,train_aug
C:\DATN\skin-ai-project\ai\data\processed\skin_type\train\oily\oily_aug_00257.jpg,oily,train_aug
C:\DATN\skin-ai-project\ai\data\processed\skin_type\train\oily\oily_aug_00258.jpg,oily,train_aug
C:\DATN\skin-ai-project\ai\data\processed\skin_type\train\oily\oily_aug_00259.jpg,oily,train_aug
C:\DATN\skin-ai-project\ai\data\processed\skin_type\train\oily\oily_aug_00260.jpg,oily,train_aug
C:\DATN\skin-ai-project\ai\data\processed\skin_type\train\oily\oily_aug_00261.jpg,oily,train_aug
C:\DATN\skin-ai-project\ai\data\processed\skin_type\train\oily\oily_aug_00262.jpg,oily,train_aug
C:\DATN\skin-ai-project\ai\data\processed\skin_type\train\oily\oily_aug_00263.jpg,oily,train_aug
C:\DATN\skin-ai-project\ai\data\processed\skin_type\train\oily\oily_aug_00264.jpg,oily,train_aug
C:\DATN\skin-ai-project\ai\data\processed\skin_type\train\oily\oily_aug_00265.jpg,oily,train_aug
C:\DATN\skin-ai-project\ai\data\processed\skin_type\train\oily\oily_aug_00266.jpg,oily,train_aug
C:\DATN\skin-ai-project\ai\data\processed\skin_type\train\oily\oily_aug_00267.jpg,oily,train_aug
C:\DATN\skin-ai-project\ai\data\processed\skin_type\train\oily\oily_aug_00268.jpg,oily,train_aug
C:\DATN\skin-ai-project\ai\data\processed\skin_type\train\oily\oily_aug_00269.jpg,oily,train_aug
C:\DATN\skin-ai-project\ai\data\processed\skin_type\train\oily\oily_aug_00270.jpg,oily,train_aug
C:\DATN\skin-ai-project\ai\data\processed\skin_type\train\oily\oily_aug_00271.jpg,oily,train_aug
C:\DATN\skin-ai-project\ai\data\processed\skin_type\train\oily\oily_aug_00272.jpg,oily,train_aug
C:\DATN\skin-ai-project\ai\data\processed\skin_type\train\oily\oily_aug_00273.jpg,oily,train_aug
C:\DATN\skin-ai-project\ai\data\processed\skin_type\train\oily\oily_aug_00274.jpg,oily,train_aug
C:\DATN\skin-ai-project\ai\data\processed\skin_type\train\oily\oily_aug_00275.jpg,oily,train_aug
C:\DATN\skin-ai-project\ai\data\processed\skin_type\train\oily\oily_aug_00276.jpg,oily,train_aug
C:\DATN\skin-ai-project\ai\data\processed\skin_type\train\oily\oily_aug_00277.jpg,oily,train_aug
C:\DATN\skin-ai-project\ai\data\processed\skin_type\train\oily\oily_aug_00278.jpg,oily,train_aug
C:\DATN\skin-ai-project\ai\data\processed\skin_type\train\oily\oily_aug_00279.jpg,oily,train_aug
C:\DATN\skin-ai-project\ai\data\processed\skin_type\train\oily\oily_aug_00280.jpg,oily,train_aug
C:\DATN\skin-ai-project\ai\data\processed\skin_type\train\oily\oily_aug_00281.jpg,oily,train_aug
C:\DATN\skin-ai-project\ai\data\processed\skin_type\train\oily\oily_aug_00282.jpg,oily,train_aug
C:\DATN\skin-ai-project\ai\data\processed\skin_type\train\oily\oily_aug_00283.jpg,oily,train_aug
C:\DATN\skin-ai-project\ai\data\processed\skin_type\train\oily\oily_aug_00284.jpg,oily,train_aug
C:\DATN\skin-ai-project\ai\data\processed\skin_type\train\oily\oily_aug_00285.jpg,oily,train_aug
C:\DATN\skin-ai-project\ai\data\processed\skin_type\train\oily\oily_aug_00286.jpg,oily,train_aug
C:\DATN\skin-ai-project\ai\data\processed\skin_type\train\oily\oily_aug_00287.jpg,oily,train_aug
C:\DATN\skin-ai-project\ai\data\processed\skin_type\train\oily\oily_aug_00288.jpg,oily,train_aug
C:\DATN\skin-ai-project\ai\data\processed\skin_type\train\oily\oily_aug_00289.jpg,oily,train_aug
C:\DATN\skin-ai-project\ai\data\processed\skin_type\train\oily\oily_aug_00290.jpg,oily,train_aug
C:\DATN\skin-ai-project\ai\data\processed\skin_type\train\oily\oily_aug_00291.jpg,oily,train_aug
C:\DATN\skin-ai-project\ai\data\processed\skin_type\train\oily\oily_aug_00292.jpg,oily,train_aug
C:\DATN\skin-ai-project\ai\data\processed\skin_type\train\oily\oily_aug_00293.jpg,oily,train_aug
C:\DATN\skin-ai-project\ai\data\processed\skin_type\train\oily\oily_aug_00294.jpg,oily,train_aug
C:\DATN\skin-ai-project\ai\data\processed\skin_type\train\oily\oily_aug_00295.jpg,oily,train_aug
C:\DATN\skin-ai-project\ai\data\processed\skin_type\train\oily\oily_aug_00296.jpg,oily,train_aug
C:\DATN\skin-ai-project\ai\data\processed\skin_type\train\oily\oily_aug_00297.jpg,oily,train_aug
C:\DATN\skin-ai-project\ai\data\processed\skin_type\train\oily\oily_aug_00298.jpg,oily,train_aug
C:\DATN\skin-ai-project\ai\data\processed\skin_type\train\oily\oily_aug_00299.jpg,oily,train_aug
C:\DATN\skin-ai-project\ai\data\processed\skin_type\train\oily\oily_aug_00300.jpg,oily,train_aug
C:\DATN\skin-ai-project\ai\data\processed\skin_type\train\oily\oily_aug_00301.jpg,oily,train_aug
C:\DATN\skin-ai-project\ai\data\processed\skin_type\train\oily\oily_aug_00302.jpg,oily,train_aug
C:\DATN\skin-ai-project\ai\data\processed\skin_type\train\oily\oily_aug_00303.jpg,oily,train_aug
C:\DATN\skin-ai-project\ai\data\processed\skin_type\train\oily\oily_aug_00304.jpg,oily,train_aug
C:\DATN\skin-ai-project\ai\data\processed\skin_type\train\oily\oily_aug_00305.jpg,oily,train_aug
C:\DATN\skin-ai-project\ai\data\processed\skin_type\train\oily\oily_aug_00306.jpg,oily,train_aug
C:\DATN\skin-ai-project\ai\data\processed\skin_type\train\oily\oily_aug_00307.jpg,oily,train_aug
C:\DATN\skin-ai-project\ai\data\processed\skin_type\train\oily\oily_aug_00308.jpg,oily,train_aug
C:\DATN\skin-ai-project\ai\data\processed\skin_type\train\oily\oily_aug_00309.jpg,oily,train_aug
C:\DATN\skin-ai-project\ai\data\processed\skin_type\train\oily\oily_aug_00310.jpg,oily,train_aug
C:\DATN\skin-ai-project\ai\data\processed\skin_type\train\oily\oily_aug_00311.jpg,oily,train_aug
C:\DATN\skin-ai-project\ai\data\processed\skin_type\train\oily\oily_aug_00312.jpg,oily,train_aug
C:\DATN\skin-ai-project\ai\data\processed\skin_type\train\oily\oily_aug_00313.jpg,oily,train_aug
C:\DATN\skin-ai-project\ai\data\processed\skin_type\train\oily\oily_aug_00314.jpg,oily,train_aug
C:\DATN\skin-ai-project\ai\data\processed\skin_type\train\oily\oily_aug_00315.jpg,oily,train_aug
C:\DATN\skin-ai-project\ai\data\processed\skin_type\train\oily\oily_aug_00316.jpg,oily,train_aug
C:\DATN\skin-ai-project\ai\data\processed\skin_type\train\oily\oily_aug_00317.jpg,oily,train_aug
C:\DATN\skin-ai-project\ai\data\processed\skin_type\train\oily\oily_aug_00318.jpg,oily,train_aug
C:\DATN\skin-ai-project\ai\data\processed\skin_type\train\oily\oily_aug_00319.jpg,oily,train_aug
C:\DATN\skin-ai-project\ai\data\processed\skin_type\train\oily\oily_aug_00320.jpg,oily,train_aug
C:\DATN\skin-ai-project\ai\data\processed\skin_type\train\oily\oily_aug_00321.jpg,oily,train_aug
C:\DATN\skin-ai-project\ai\data\processed\skin_type\train\oily\oily_aug_00322.jpg,oily,train_aug
C:\DATN\skin-ai-project\ai\data\processed\skin_type\train\oily\oily_aug_00323.jpg,oily,train_aug
C:\DATN\skin-ai-project\ai\data\processed\skin_type\train\oily\oily_aug_00324.jpg,oily,train_aug
C:\DATN\skin-ai-project\ai\data\processed\skin_type\train\oily\oily_aug_00325.jpg,oily,train_aug
C:\DATN\skin-ai-project\ai\data\processed\skin_type\train\oily\oily_aug_00326.jpg,oily,train_aug
C:\DATN\skin-ai-project\ai\data\processed\skin_type\train\oily\oily_aug_00327.jpg,oily,train_aug
C:\DATN\skin-ai-project\ai\data\processed\skin_type\train\oily\oily_aug_00328.jpg,oily,train_aug
C:\DATN\skin-ai-project\ai\data\processed\skin_type\train\oily\oily_aug_00329.jpg,oily,train_aug
C:\DATN\skin-ai-project\ai\data\processed\skin_type\train\oily\oily_aug_00330.jpg,oily,train_aug
C:\DATN\skin-ai-project\ai\data\processed\skin_type\train\oily\oily_aug_00331.jpg,oily,train_aug
C:\DATN\skin-ai-project\ai\data\processed\skin_type\train\oily\oily_aug_00332.jpg,oily,train_aug
C:\DATN\skin-ai-project\ai\data\processed\skin_type\train\oily\oily_aug_00333.jpg,oily,train_aug
C:\DATN\skin-ai-project\ai\data\processed\skin_type\train\oily\oily_aug_00334.jpg,oily,train_aug
C:\DATN\skin-ai-project\ai\data\processed\skin_type\train\oily\oily_aug_00335.jpg,oily,train_aug
C:\DATN\skin-ai-project\ai\data\processed\skin_type\train\oily\oily_aug_00336.jpg,oily,train_aug
C:\DATN\skin-ai-project\ai\data\processed\skin_type\train\oily\oily_aug_00337.jpg,oily,train_aug
C:\DATN\skin-ai-project\ai\data\processed\skin_type\train\oily\oily_aug_00338.jpg,oily,train_aug
C:\DATN\skin-ai-project\ai\data\processed\skin_type\train\oily\oily_aug_00339.jpg,oily,train_aug
C:\DATN\skin-ai-project\ai\data\processed\skin_type\train\oily\oily_aug_00340.jpg,oily,train_aug
C:\DATN\skin-ai-project\ai\data\processed\skin_type\train\oily\oily_aug_00341.jpg,oily,train_aug
C:\DATN\skin-ai-project\ai\data\processed\skin_type\train\oily\oily_aug_00342.jpg,oily,train_aug
C:\DATN\skin-ai-project\ai\data\processed\skin_type\train\oily\oily_aug_00343.jpg,oily,train_aug
C:\DATN\skin-ai-project\ai\data\processed\skin_type\train\oily\oily_aug_00344.jpg,oily,train_aug
C:\DATN\skin-ai-project\ai\data\processed\skin_type\train\oily\oily_aug_00345.jpg,oily,train_aug
C:\DATN\skin-ai-project\ai\data\processed\skin_type\train\oily\oily_aug_00346.jpg,oily,train_aug
C:\DATN\skin-ai-project\ai\data\processed\skin_type\train\oily\oily_aug_00347.jpg,oily,train_aug
C:\DATN\skin-ai-project\ai\data\processed\skin_type\train\oily\oily_aug_00348.jpg,oily,train_aug
C:\DATN\skin-ai-project\ai\data\processed\skin_type\train\oily\oily_aug_00349.jpg,oily,train_aug
C:\DATN\skin-ai-project\ai\data\processed\skin_type\train\oily\oily_aug_00350.jpg,oily,train_aug
C:\DATN\skin-ai-project\ai\data\processed\skin_type\train\oily\oily_aug_00351.jpg,oily,train_aug
C:\DATN\skin-ai-project\ai\data\processed\skin_type\train\oily\oily_aug_00352.jpg,oily,train_aug
C:\DATN\skin-ai-project\ai\data\processed\skin_type\train\oily\oily_aug_00353.jpg,oily,train_aug
C:\DATN\skin-ai-project\ai\data\processed\skin_type\train\oily\oily_aug_00354.jpg,oily,train_aug
C:\DATN\skin-ai-project\ai\data\processed\skin_type\train\oily\oily_aug_00355.jpg,oily,train_aug
C:\DATN\skin-ai-project\ai\data\processed\skin_type\train\oily\oily_aug_00356.jpg,oily,train_aug
C:\DATN\skin-ai-project\ai\data\processed\skin_type\train\oily\oily_aug_00357.jpg,oily,train_aug
C:\DATN\skin-ai-project\ai\data\processed\skin_type\train\oily\oily_aug_00358.jpg,oily,train_aug
C:\DATN\skin-ai-project\ai\data\processed\skin_type\train\oily\oily_aug_00359.jpg,oily,train_aug
C:\DATN\skin-ai-project\ai\data\processed\skin_type\train\oily\oily_aug_00360.jpg,oily,train_aug
C:\DATN\skin-ai-project\ai\data\processed\skin_type\train\oily\oily_aug_00361.jpg,oily,train_aug
C:\DATN\skin-ai-project\ai\data\processed\skin_type\train\oily\oily_aug_00362.jpg,oily,train_aug
C:\DATN\skin-ai-project\ai\data\processed\skin_type\train\oily\oily_aug_00363.jpg,oily,train_aug
C:\DATN\skin-ai-project\ai\data\processed\skin_type\train\oily\oily_aug_00364.jpg,oily,train_aug
C:\DATN\skin-ai-project\ai\data\processed\skin_type\train\oily\oily_aug_00365.jpg,oily,train_aug
C:\DATN\skin-ai-project\ai\data\processed\skin_type\train\oily\oily_aug_00366.jpg,oily,train_aug
C:\DATN\skin-ai-project\ai\data\processed\skin_type\train\oily\oily_aug_00367.jpg,oily,train_aug
C:\DATN\skin-ai-project\ai\data\processed\skin_type\train\oily\oily_aug_00368.jpg,oily,train_aug
C:\DATN\skin-ai-project\ai\data\processed\skin_type\train\oily\oily_aug_00369.jpg,oily,train_aug
C:\DATN\skin-ai-project\ai\data\processed\skin_type\train\oily\oily_aug_00370.jpg,oily,train_aug
C:\DATN\skin-ai-project\ai\data\processed\skin_type\train\oily\oily_aug_00371.jpg,oily,train_aug
C:\DATN\skin-ai-project\ai\data\processed\skin_type\train\oily\oily_aug_00372.jpg,oily,train_aug
C:\DATN\skin-ai-project\ai\data\processed\skin_type\train\oily\oily_aug_00373.jpg,oily,train_aug
C:\DATN\skin-ai-project\ai\data\processed\skin_type\train\oily\oily_aug_00374.jpg,oily,train_aug
C:\DATN\skin-ai-project\ai\data\processed\skin_type\train\oily\oily_aug_00375.jpg,oily,train_aug
C:\DATN\skin-ai-project\ai\data\processed\skin_type\train\oily\oily_aug_00376.jpg,oily,train_aug
C:\DATN\skin-ai-project\ai\data\processed\skin_type\train\oily\oily_aug_00377.jpg,oily,train_aug
C:\DATN\skin-ai-project\ai\data\processed\skin_type\train\oily\oily_aug_00378.jpg,oily,train_aug
C:\DATN\skin-ai-project\ai\data\processed\skin_type\train\oily\oily_aug_00379.jpg,oily,train_aug
C:\DATN\skin-ai-project\ai\data\processed\skin_type\train\oily\oily_aug_00380.jpg,oily,train_aug
C:\DATN\skin-ai-project\ai\data\processed\skin_type\train\oily\oily_aug_00381.jpg,oily,train_aug
C:\DATN\skin-ai-project\ai\data\processed\skin_type\train\oily\oily_aug_00382.jpg,oily,train_aug
C:\DATN\skin-ai-project\ai\data\processed\skin_type\train\oily\oily_aug_00383.jpg,oily,train_aug
C:\DATN\skin-ai-project\ai\data\processed\skin_type\train\oily\oily_aug_00384.jpg,oily,train_aug
C:\DATN\skin-ai-project\ai\data\processed\skin_type\train\oily\oily_aug_00385.jpg,oily,train_aug
C:\DATN\skin-ai-project\ai\data\processed\skin_type\train\oily\oily_aug_00386.jpg,oily,train_aug
C:\DATN\skin-ai-project\ai\data\processed\skin_type\train\oily\oily_aug_00387.jpg,oily,train_aug
C:\DATN\skin-ai-project\ai\data\processed\skin_type\train\oily\oily_aug_00388.jpg,oily,train_aug
C:\DATN\skin-ai-project\ai\data\processed\skin_type\train\oily\oily_aug_00389.jpg,oily,train_aug
C:\DATN\skin-ai-project\ai\data\processed\skin_type\train\oily\oily_aug_00390.jpg,oily,train_aug
C:\DATN\skin-ai-project\ai\data\processed\skin_type\train\oily\oily_aug_00391.jpg,oily,train_aug
C:\DATN\skin-ai-project\ai\data\processed\skin_type\train\oily\oily_aug_00392.jpg,oily,train_aug
C:\DATN\skin-ai-project\ai\data\processed\skin_type\train\oily\oily_aug_00393.jpg,oily,train_aug
C:\DATN\skin-ai-project\ai\data\processed\skin_type\train\oily\oily_aug_00394.jpg,oily,train_aug
C:\DATN\skin-ai-project\ai\data\processed\skin_type\train\oily\oily_aug_00395.jpg,oily,train_aug
C:\DATN\skin-ai-project\ai\data\processed\skin_type\train\oily\oily_aug_00396.jpg,oily,train_aug
C:\DATN\skin-ai-project\ai\data\processed\skin_type\train\oily\oily_aug_00397.jpg,oily,train_aug
C:\DATN\skin-ai-project\ai\data\processed\skin_type\train\oily\oily_aug_00398.jpg,oily,train_aug
C:\DATN\skin-ai-project\ai\data\processed\skin_type\train\oily\oily_aug_00399.jpg,oily,train_aug
C:\DATN\skin-ai-project\ai\data\processed\skin_type\train\oily\oily_aug_00400.jpg,oily,train_aug
C:\DATN\skin-ai-project\ai\data\processed\skin_type\train\oily\oily_aug_00401.jpg,oily,train_aug
C:\DATN\skin-ai-project\ai\data\processed\skin_type\train\oily\oily_aug_00402.jpg,oily,train_aug
C:\DATN\skin-ai-project\ai\data\processed\skin_type\train\oily\oily_aug_00403.jpg,oily,train_aug
C:\DATN\skin-ai-project\ai\data\processed\skin_type\train\oily\oily_aug_00404.jpg,oily,train_aug
C:\DATN\skin-ai-project\ai\data\processed\skin_type\train\oily\oily_aug_00405.jpg,oily,train_aug
C:\DATN\skin-ai-project\ai\data\processed\skin_type\train\oily\oily_aug_00406.jpg,oily,train_aug
C:\DATN\skin-ai-project\ai\data\processed\skin_type\train\oily\oily_aug_00407.jpg,oily,train_aug
C:\DATN\skin-ai-project\ai\data\processed\skin_type\train\oily\oily_aug_00408.jpg,oily,train_aug
C:\DATN\skin-ai-project\ai\data\processed\skin_type\train\oily\oily_aug_00409.jpg,oily,train_aug
C:\DATN\skin-ai-project\ai\data\processed\skin_type\train\oily\oily_aug_00410.jpg,oily,train_aug
C:\DATN\skin-ai-project\ai\data\processed\skin_type\train\oily\oily_aug_00411.jpg,oily,train_aug
C:\DATN\skin-ai-project\ai\data\processed\skin_type\train\oily\oily_aug_00412.jpg,oily,train_aug
C:\DATN\skin-ai-project\ai\data\processed\skin_type\train\oily\oily_aug_00413.jpg,oily,train_aug
C:\DATN\skin-ai-project\ai\data\processed\skin_type\train\oily\oily_aug_00414.jpg,oily,train_aug
C:\DATN\skin-ai-project\ai\data\processed\skin_type\train\oily\oily_aug_00415.jpg,oily,train_aug
C:\DATN\skin-ai-project\ai\data\processed\skin_type\train\oily\oily_aug_00416.jpg,oily,train_aug
C:\DATN\skin-ai-project\ai\data\processed\skin_type\train\oily\oily_aug_00417.jpg,oily,train_aug
C:\DATN\skin-ai-project\ai\data\processed\skin_type\train\oily\oily_aug_00418.jpg,oily,train_aug
C:\DATN\skin-ai-project\ai\data\processed\skin_type\train\oily\oily_aug_00419.jpg,oily,train_aug
C:\DATN\skin-ai-project\ai\data\processed\skin_type\train\oily\oily_aug_00420.jpg,oily,train_aug
C:\DATN\skin-ai-project\ai\data\processed\skin_type\train\oily\oily_aug_00421.jpg,oily,train_aug
C:\DATN\skin-ai-project\ai\data\processed\skin_type\train\oily\oily_aug_00422.jpg,oily,train_aug
C:\DATN\skin-ai-project\ai\data\processed\skin_type\train\oily\oily_aug_00423.jpg,oily,train_aug
C:\DATN\skin-ai-project\ai\data\processed\skin_type\train\oily\oily_aug_00424.jpg,oily,train_aug
C:\DATN\skin-ai-project\ai\data\processed\skin_type\train\oily\oily_aug_00425.jpg,oily,train_aug
C:\DATN\skin-ai-project\ai\data\processed\skin_type\train\oily\oily_aug_00426.jpg,oily,train_aug
C:\DATN\skin-ai-project\ai\data\processed\skin_type\train\oily\oily_aug_00427.jpg,oily,train_aug
C:\DATN\skin-ai-project\ai\data\processed\skin_type\train\oily\oily_aug_00428.jpg,oily,train_aug
C:\DATN\skin-ai-project\ai\data\processed\skin_type\train\oily\oily_aug_00429.jpg,oily,train_aug
C:\DATN\skin-ai-project\ai\data\processed\skin_type\train\oily\oily_aug_00430.jpg,oily,train_aug
C:\DATN\skin-ai-project\ai\data\processed\skin_type\train\oily\oily_aug_00431.jpg,oily,train_aug
C:\DATN\skin-ai-project\ai\data\processed\skin_type\train\oily\oily_aug_00432.jpg,oily,train_aug
C:\DATN\skin-ai-project\ai\data\processed\skin_type\train\oily\oily_aug_00433.jpg,oily,train_aug
C:\DATN\skin-ai-project\ai\data\processed\skin_type\train\oily\oily_aug_00434.jpg,oily,train_aug
C:\DATN\skin-ai-project\ai\data\processed\skin_type\train\oily\oily_aug_00435.jpg,oily,train_aug
C:\DATN\skin-ai-project\ai\data\processed\skin_type\train\oily\oily_aug_00436.jpg,oily,train_aug
C:\DATN\skin-ai-project\ai\data\processed\skin_type\train\oily\oily_aug_00437.jpg,oily,train_aug
C:\DATN\skin-ai-project\ai\data\processed\skin_type\train\oily\oily_aug_00438.jpg,oily,train_aug
C:\DATN\skin-ai-project\ai\data\processed\skin_type\train\oily\oily_aug_00439.jpg,oily,train_aug
C:\DATN\skin-ai-project\ai\data\processed\skin_type\train\oily\oily_aug_00440.jpg,oily,train_aug
C:\DATN\skin-ai-project\ai\data\processed\skin_type\train\oily\oily_aug_00441.jpg,oily,train_aug
C:\DATN\skin-ai-project\ai\data\processed\skin_type\train\oily\oily_aug_00442.jpg,oily,train_aug
C:\DATN\skin-ai-project\ai\data\processed\skin_type\train\oily\oily_aug_00443.jpg,oily,train_aug
C:\DATN\skin-ai-project\ai\data\processed\skin_type\train\oily\oily_aug_00444.jpg,oily,train_aug
C:\DATN\skin-ai-project\ai\data\processed\skin_type\train\oily\oily_aug_00445.jpg,oily,train_aug
C:\DATN\skin-ai-project\ai\data\processed\skin_type\train\oily\oily_aug_00446.jpg,oily,train_aug
C:\DATN\skin-ai-project\ai\data\processed\skin_type\train\oily\oily_aug_00447.jpg,oily,train_aug
C:\DATN\skin-ai-project\ai\data\processed\skin_type\train\oily\oily_aug_00448.jpg,oily,train_aug
C:\DATN\skin-ai-project\ai\data\processed\skin_type\train\oily\oily_aug_00449.jpg,oily,train_aug
C:\DATN\skin-ai-project\ai\data\processed\skin_type\train\oily\oily_aug_00450.jpg,oily,train_aug
C:\DATN\skin-ai-project\ai\data\processed\skin_type\train\oily\oily_aug_00451.jpg,oily,train_aug
C:\DATN\skin-ai-project\ai\data\processed\skin_type\train\oily\oily_aug_00452.jpg,oily,train_aug
C:\DATN\skin-ai-project\ai\data\processed\skin_type\train\oily\oily_aug_00453.jpg,oily,train_aug
C:\DATN\skin-ai-project\ai\data\processed\skin_type\train\oily\oily_aug_00454.jpg,oily,train_aug
C:\DATN\skin-ai-project\ai\data\processed\skin_type\train\oily\oily_aug_00455.jpg,oily,train_aug
C:\DATN\skin-ai-project\ai\data\processed\skin_type\train\oily\oily_aug_00456.jpg,oily,train_aug
C:\DATN\skin-ai-project\ai\data\processed\skin_type\train\oily\oily_aug_00457.jpg,oily,train_aug
C:\DATN\skin-ai-project\ai\data\processed\skin_type\train\oily\oily_aug_00458.jpg,oily,train_aug
C:\DATN\skin-ai-project\ai\data\processed\skin_type\train\oily\oily_aug_00459.jpg,oily,train_aug
C:\DATN\skin-ai-project\ai\data\processed\skin_type\train\oily\oily_aug_00460.jpg,oily,train_aug
C:\DATN\skin-ai-project\ai\data\processed\skin_type\train\oily\oily_aug_00461.jpg,oily,train_aug
C:\DATN\skin-ai-project\ai\data\processed\skin_type\train\oily\oily_aug_00462.jpg,oily,train_aug
C:\DATN\skin-ai-project\ai\data\processed\skin_type\train\oily\oily_aug_00463.jpg,oily,train_aug
C:\DATN\skin-ai-project\ai\data\processed\skin_type\train\oily\oily_aug_00464.jpg,oily,train_aug
C:\DATN\skin-ai-project\ai\data\processed\skin_type\train\oily\oily_aug_00465.jpg,oily,train_aug
C:\DATN\skin-ai-project\ai\data\processed\skin_type\train\oily\oily_aug_00466.jpg,oily,train_aug
C:\DATN\skin-ai-project\ai\data\processed\skin_type\train\oily\oily_aug_00467.jpg,oily,train_aug
C:\DATN\skin-ai-project\ai\data\processed\skin_type\train\oily\oily_aug_00468.jpg,oily,train_aug
C:\DATN\skin-ai-project\ai\data\processed\skin_type\train\oily\oily_aug_00469.jpg,oily,train_aug
C:\DATN\skin-ai-project\ai\data\processed\skin_type\train\oily\oily_aug_00470.jpg,oily,train_aug
C:\DATN\skin-ai-project\ai\data\processed\skin_type\train\oily\oily_aug_00471.jpg,oily,train_aug
C:\DATN\skin-ai-project\ai\data\processed\skin_type\train\oily\oily_aug_00472.jpg,oily,train_aug
C:\DATN\skin-ai-project\ai\data\processed\skin_type\train\oily\oily_aug_00473.jpg,oily,train_aug
C:\DATN\skin-ai-project\ai\data\processed\skin_type\train\oily\oily_aug_00474.jpg,oily,train_aug
C:\DATN\skin-ai-project\ai\data\processed\skin_type\train\oily\oily_aug_00475.jpg,oily,train_aug
C:\DATN\skin-ai-project\ai\data\processed\skin_type\train\oily\oily_aug_00476.jpg,oily,train_aug
C:\DATN\skin-ai-project\ai\data\processed\skin_type\train\oily\oily_aug_00477.jpg,oily,train_aug
C:\DATN\skin-ai-project\ai\data\processed\skin_type\train\oily\oily_aug_00478.jpg,oily,train_aug
C:\DATN\skin-ai-project\ai\data\processed\skin_type\train\oily\oily_aug_00479.jpg,oily,train_aug
C:\DATN\skin-ai-project\ai\data\processed\skin_type\train\oily\oily_aug_00480.jpg,oily,train_aug
C:\DATN\skin-ai-project\ai\data\processed\skin_type\train\oily\oily_aug_00481.jpg,oily,train_aug
C:\DATN\skin-ai-project\ai\data\processed\skin_type\train\oily\oily_aug_00482.jpg,oily,train_aug
C:\DATN\skin-ai-project\ai\data\processed\skin_type\train\oily\oily_aug_00483.jpg,oily,train_aug
C:\DATN\skin-ai-project\ai\data\processed\skin_type\train\oily\oily_aug_00484.jpg,oily,train_aug
C:\DATN\skin-ai-project\ai\data\processed\skin_type\train\oily\oily_aug_00485.jpg,oily,train_aug
C:\DATN\skin-ai-project\ai\data\processed\skin_type\train\oily\oily_aug_00486.jpg,oily,train_aug
C:\DATN\skin-ai-project\ai\data\processed\skin_type\train\oily\oily_aug_00487.jpg,oily,train_aug
C:\DATN\skin-ai-project\ai\data\processed\skin_type\train\oily\oily_aug_00488.jpg,oily,train_aug
C:\DATN\skin-ai-project\ai\data\processed\skin_type\train\oily\oily_aug_00489.jpg,oily,train_aug
C:\DATN\skin-ai-project\ai\data\processed\skin_type\train\oily\oily_aug_00490.jpg,oily,train_aug
C:\DATN\skin-ai-project\ai\data\processed\skin_type\train\oily\oily_aug_00491.jpg,oily,train_aug
C:\DATN\skin-ai-project\ai\data\processed\skin_type\train\oily\oily_aug_00492.jpg,oily,train_aug
C:\DATN\skin-ai-project\ai\data\processed\skin_type\train\oily\oily_aug_00493.jpg,oily,train_aug
C:\DATN\skin-ai-project\ai\data\processed\skin_type\train\oily\oily_aug_00494.jpg,oily,train_aug
C:\DATN\skin-ai-project\ai\data\processed\skin_type\train\oily\oily_aug_00495.jpg,oily,train_aug
C:\DATN\skin-ai-project\ai\data\processed\skin_type\train\oily\oily_aug_00496.jpg,oily,train_aug
C:\DATN\skin-ai-project\ai\data\processed\skin_type\train\oily\oily_aug_00497.jpg,oily,train_aug
C:\DATN\skin-ai-project\ai\data\processed\skin_type\train\oily\oily_aug_00498.jpg,oily,train_aug
C:\DATN\skin-ai-project\ai\data\processed\skin_type\train\oily\oily_aug_00499.jpg,oily,train_aug
C:\DATN\skin-ai-project\ai\data\processed\skin_type\train\oily\oily_aug_00500.jpg,oily,train_aug
C:\DATN\skin-ai-project\ai\data\processed\skin_type\train\oily\oily_aug_00501.jpg,oily,train_aug
C:\DATN\skin-ai-project\ai\data\processed\skin_type\train\oily\oily_aug_00502.jpg,oily,train_aug
C:\DATN\skin-ai-project\ai\data\processed\skin_type\train\oily\oily_aug_00503.jpg,oily,train_aug
C:\DATN\skin-ai-project\ai\data\processed\skin_type\train\oily\oily_aug_00504.jpg,oily,train_aug
C:\DATN\skin-ai-project\ai\data\processed\skin_type\train\oily\oily_aug_00505.jpg,oily,train_aug
C:\DATN\skin-ai-project\ai\data\processed\skin_type\train\oily\oily_aug_00506.jpg,oily,train_aug
C:\DATN\skin-ai-project\ai\data\processed\skin_type\train\oily\oily_aug_00507.jpg,oily,train_aug
C:\DATN\skin-ai-project\ai\data\processed\skin_type\train\oily\oily_aug_00508.jpg,oily,train_aug
C:\DATN\skin-ai-project\ai\data\processed\skin_type\train\oily\oily_aug_00509.jpg,oily,train_aug
C:\DATN\skin-ai-project\ai\data\processed\skin_type\train\oily\oily_aug_00510.jpg,oily,train_aug
C:\DATN\skin-ai-project\ai\data\processed\skin_type\train\oily\oily_aug_00511.jpg,oily,train_aug
C:\DATN\skin-ai-project\ai\data\processed\skin_type\train\oily\oily_aug_00512.jpg,oily,train_aug
C:\DATN\skin-ai-project\ai\data\processed\skin_type\train\oily\oily_aug_00513.jpg,oily,train_aug
C:\DATN\skin-ai-project\ai\data\processed\skin_type\train\oily\oily_aug_00514.jpg,oily,train_aug
C:\DATN\skin-ai-project\ai\data\processed\skin_type\train\oily\oily_aug_00515.jpg,oily,train_aug
C:\DATN\skin-ai-project\ai\data\processed\skin_type\train\oily\oily_aug_00516.jpg,oily,train_aug
C:\DATN\skin-ai-project\ai\data\processed\skin_type\train\oily\oily_aug_00517.jpg,oily,train_aug
C:\DATN\skin-ai-project\ai\data\processed\skin_type\train\oily\oily_aug_00518.jpg,oily,train_aug
C:\DATN\skin-ai-project\ai\data\processed\skin_type\train\oily\oily_aug_00519.jpg,oily,train_aug
C:\DATN\skin-ai-project\ai\data\processed\skin_type\train\oily\oily_aug_00520.jpg,oily,train_aug
C:\DATN\skin-ai-project\ai\data\processed\skin_type\train\oily\oily_aug_00521.jpg,oily,train_aug
C:\DATN\skin-ai-project\ai\data\processed\skin_type\train\oily\oily_aug_00522.jpg,oily,train_aug
C:\DATN\skin-ai-project\ai\data\processed\skin_type\train\oily\oily_aug_00523.jpg,oily,train_aug
C:\DATN\skin-ai-project\ai\data\processed\skin_type\train\oily\oily_aug_00524.jpg,oily,train_aug
C:\DATN\skin-ai-project\ai\data\processed\skin_type\train\oily\oily_aug_00525.jpg,oily,train_aug
C:\DATN\skin-ai-project\ai\data\processed\skin_type\train\oily\oily_aug_00526.jpg,oily,train_aug
C:\DATN\skin-ai-project\ai\data\processed\skin_type\train\oily\oily_aug_00527.jpg,oily,train_aug
C:\DATN\skin-ai-project\ai\data\processed\skin_type\train\oily\oily_aug_00528.jpg,oily,train_aug
C:\DATN\skin-ai-project\ai\data\processed\skin_type\train\oily\oily_aug_00529.jpg,oily,train_aug
C:\DATN\skin-ai-project\ai\data\processed\skin_type\train\oily\oily_aug_00530.jpg,oily,train_aug
C:\DATN\skin-ai-project\ai\data\processed\skin_type\train\oily\oily_aug_00531.jpg,oily,train_aug
C:\DATN\skin-ai-project\ai\data\processed\skin_type\train\oily\oily_aug_00532.jpg,oily,train_aug
C:\DATN\skin-ai-project\ai\data\processed\skin_type\train\oily\oily_aug_00533.jpg,oily,train_aug
C:\DATN\skin-ai-project\ai\data\processed\skin_type\train\oily\oily_aug_00534.jpg,oily,train_aug
C:\DATN\skin-ai-project\ai\data\processed\skin_type\train\oily\oily_aug_00535.jpg,oily,train_aug
C:\DATN\skin-ai-project\ai\data\processed\skin_type\train\oily\oily_aug_00536.jpg,oily,train_aug
C:\DATN\skin-ai-project\ai\data\processed\skin_type\train\oily\oily_aug_00537.jpg,oily,train_aug
C:\DATN\skin-ai-project\ai\data\processed\skin_type\train\oily\oily_aug_00538.jpg,oily,train_aug
C:\DATN\skin-ai-project\ai\data\processed\skin_type\train\oily\oily_aug_00539.jpg,oily,train_aug
C:\DATN\skin-ai-project\ai\data\processed\skin_type\train\oily\oily_aug_00540.jpg,oily,train_aug
C:\DATN\skin-ai-project\ai\data\processed\skin_type\train\oily\oily_aug_00541.jpg,oily,train_aug
C:\DATN\skin-ai-project\ai\data\processed\skin_type\train\oily\oily_aug_00542.jpg,oily,train_aug
C:\DATN\skin-ai-project\ai\data\processed\skin_type\train\oily\oily_aug_00543.jpg,oily,train_aug
C:\DATN\skin-ai-project\ai\data\processed\skin_type\train\oily\oily_aug_00544.jpg,oily,train_aug
C:\DATN\skin-ai-project\ai\data\processed\skin_type\train\oily\oily_aug_00545.jpg,oily,train_aug
C:\DATN\skin-ai-project\ai\data\processed\skin_type\train\oily\oily_aug_00546.jpg,oily,train_aug
C:\DATN\skin-ai-project\ai\data\processed\skin_type\train\oily\oily_aug_00547.jpg,oily,train_aug
C:\DATN\skin-ai-project\ai\data\processed\skin_type\train\oily\oily_aug_00548.jpg,oily,train_aug
C:\DATN\skin-ai-project\ai\data\processed\skin_type\train\oily\oily_aug_00549.jpg,oily,train_aug
C:\DATN\skin-ai-project\ai\data\processed\skin_type\train\oily\oily_aug_00550.jpg,oily,train_aug
C:\DATN\skin-ai-project\ai\data\processed\skin_type\train\oily\oily_aug_00551.jpg,oily,train_aug
C:\DATN\skin-ai-project\ai\data\processed\skin_type\train\oily\oily_aug_00552.jpg,oily,train_aug
C:\DATN\skin-ai-project\ai\data\processed\skin_type\train\oily\oily_aug_00553.jpg,oily,train_aug
C:\DATN\skin-ai-project\ai\data\processed\skin_type\train\oily\oily_aug_00554.jpg,oily,train_aug
C:\DATN\skin-ai-project\ai\data\processed\skin_type\train\oily\oily_aug_00555.jpg,oily,train_aug
C:\DATN\skin-ai-project\ai\data\processed\skin_type\train\oily\oily_aug_00556.jpg,oily,train_aug
C:\DATN\skin-ai-project\ai\data\processed\skin_type\train\oily\oily_aug_00557.jpg,oily,train_aug
C:\DATN\skin-ai-project\ai\data\processed\skin_type\train\oily\oily_aug_00558.jpg,oily,train_aug
C:\DATN\skin-ai-project\ai\data\processed\skin_type\train\oily\oily_aug_00559.jpg,oily,train_aug
C:\DATN\skin-ai-project\ai\data\processed\skin_type\train\oily\oily_aug_00560.jpg,oily,train_aug
C:\DATN\skin-ai-project\ai\data\processed\skin_type\train\oily\oily_aug_00561.jpg,oily,train_aug
C:\DATN\skin-ai-project\ai\data\processed\skin_type\train\oily\oily_aug_00562.jpg,oily,train_aug
C:\DATN\skin-ai-project\ai\data\processed\skin_type\train\oily\oily_aug_00563.jpg,oily,train_aug
C:\DATN\skin-ai-project\ai\data\processed\skin_type\train\oily\oily_aug_00564.jpg,oily,train_aug
C:\DATN\skin-ai-project\ai\data\processed\skin_type\train\oily\oily_aug_00565.jpg,oily,train_aug
C:\DATN\skin-ai-project\ai\data\processed\skin_type\train\oily\oily_aug_00566.jpg,oily,train_aug
C:\DATN\skin-ai-project\ai\data\processed\skin_type\train\oily\oily_aug_00567.jpg,oily,train_aug
C:\DATN\skin-ai-project\ai\data\processed\skin_type\train\oily\oily_aug_00568.jpg,oily,train_aug
C:\DATN\skin-ai-project\ai\data\processed\skin_type\train\oily\oily_aug_00569.jpg,oily,train_aug
C:\DATN\skin-ai-project\ai\data\processed\skin_type\train\oily\oily_aug_00570.jpg,oily,train_aug
C:\DATN\skin-ai-project\ai\data\processed\skin_type\train\oily\oily_aug_00571.jpg,oily,train_aug
C:\DATN\skin-ai-project\ai\data\processed\skin_type\train\oily\oily_aug_00572.jpg,oily,train_aug
C:\DATN\skin-ai-project\ai\data\processed\skin_type\train\oily\oily_aug_00573.jpg,oily,train_aug
C:\DATN\skin-ai-project\ai\data\processed\skin_type\train\oily\oily_aug_00574.jpg,oily,train_aug
C:\DATN\skin-ai-project\ai\data\processed\skin_type\train\oily\oily_aug_00575.jpg,oily,train_aug
C:\DATN\skin-ai-project\ai\data\processed\skin_type\train\oily\oily_aug_00576.jpg,oily,train_aug
C:\DATN\skin-ai-project\ai\data\processed\skin_type\train\oily\oily_aug_00577.jpg,oily,train_aug
C:\DATN\skin-ai-project\ai\data\processed\skin_type\train\oily\oily_aug_00578.jpg,oily,train_aug
C:\DATN\skin-ai-project\ai\data\processed\skin_type\train\oily\oily_aug_00579.jpg,oily,train_aug
C:\DATN\skin-ai-project\ai\data\processed\skin_type\train\oily\oily_aug_00580.jpg,oily,train_aug
C:\DATN\skin-ai-project\ai\data\processed\skin_type\train\oily\oily_aug_00581.jpg,oily,train_aug
C:\DATN\skin-ai-project\ai\data\processed\skin_type\train\oily\oily_aug_00582.jpg,oily,train_aug
C:\DATN\skin-ai-project\ai\data\processed\skin_type\train\oily\oily_aug_00583.jpg,oily,train_aug
C:\DATN\skin-ai-project\ai\data\processed\skin_type\train\oily\oily_aug_00584.jpg,oily,train_aug
C:\DATN\skin-ai-project\ai\data\processed\skin_type\train\oily\oily_aug_00585.jpg,oily,train_aug
C:\DATN\skin-ai-project\ai\data\processed\skin_type\train\oily\oily_aug_00586.jpg,oily,train_aug
C:\DATN\skin-ai-project\ai\data\processed\skin_type\train\oily\oily_aug_00587.jpg,oily,train_aug
C:\DATN\skin-ai-project\ai\data\processed\skin_type\train\oily\oily_aug_00588.jpg,oily,train_aug
C:\DATN\skin-ai-project\ai\data\processed\skin_type\train\oily\oily_aug_00589.jpg,oily,train_aug
C:\DATN\skin-ai-project\ai\data\processed\skin_type\train\oily\oily_aug_00590.jpg,oily,train_aug
C:\DATN\skin-ai-project\ai\data\processed\skin_type\train\oily\oily_aug_00591.jpg,oily,train_aug
C:\DATN\skin-ai-project\ai\data\processed\skin_type\train\oily\oily_aug_00592.jpg,oily,train_aug
C:\DATN\skin-ai-project\ai\data\processed\skin_type\train\oily\oily_aug_00593.jpg,oily,train_aug
C:\DATN\skin-ai-project\ai\data\processed\skin_type\train\oily\oily_aug_00594.jpg,oily,train_aug
C:\DATN\skin-ai-project\ai\data\processed\skin_type\train\oily\oily_aug_00595.jpg,oily,train_aug
C:\DATN\skin-ai-project\ai\data\processed\skin_type\train\oily\oily_aug_00596.jpg,oily,train_aug
C:\DATN\skin-ai-project\ai\data\processed\skin_type\train\oily\oily_aug_00597.jpg,oily,train_aug
C:\DATN\skin-ai-project\ai\data\processed\skin_type\train\oily\oily_aug_00598.jpg,oily,train_aug
C:\DATN\skin-ai-project\ai\data\processed\skin_type\train\oily\oily_aug_00599.jpg,oily,train_aug
C:\DATN\skin-ai-project\ai\data\processed\skin_type\train\oily\oily_aug_00600.jpg,oily,train_aug
C:\DATN\skin-ai-project\ai\data\processed\skin_type\train\oily\oily_aug_00601.jpg,oily,train_aug
C:\DATN\skin-ai-project\ai\data\processed\skin_type\train\oily\oily_aug_00602.jpg,oily,train_aug
C:\DATN\skin-ai-project\ai\data\processed\skin_type\train\oily\oily_aug_00603.jpg,oily,train_aug
C:\DATN\skin-ai-project\ai\data\processed\skin_type\train\oily\oily_aug_00604.jpg,oily,train_aug
C:\DATN\skin-ai-project\ai\data\processed\skin_type\train\oily\oily_aug_00605.jpg,oily,train_aug
C:\DATN\skin-ai-project\ai\data\processed\skin_type\train\oily\oily_aug_00606.jpg,oily,train_aug
C:\DATN\skin-ai-project\ai\data\processed\skin_type\train\oily\oily_aug_00607.jpg,oily,train_aug
C:\DATN\skin-ai-project\ai\data\processed\skin_type\train\oily\oily_aug_00608.jpg,oily,train_aug
C:\DATN\skin-ai-project\ai\data\processed\skin_type\train\oily\oily_aug_00609.jpg,oily,train_aug
C:\DATN\skin-ai-project\ai\data\processed\skin_type\train\oily\oily_aug_00610.jpg,oily,train_aug
C:\DATN\skin-ai-project\ai\data\processed\skin_type\train\oily\oily_aug_00611.jpg,oily,train_aug
C:\DATN\skin-ai-project\ai\data\processed\skin_type\train\oily\oily_aug_00612.jpg,oily,train_aug
C:\DATN\skin-ai-project\ai\data\processed\skin_type\train\oily\oily_aug_00613.jpg,oily,train_aug
C:\DATN\skin-ai-project\ai\data\processed\skin_type\train\oily\oily_aug_00614.jpg,oily,train_aug
C:\DATN\skin-ai-project\ai\data\processed\skin_type\train\oily\oily_aug_00615.jpg,oily,train_aug
C:\DATN\skin-ai-project\ai\data\processed\skin_type\train\oily\oily_aug_00616.jpg,oily,train_aug
C:\DATN\skin-ai-project\ai\data\processed\skin_type\train\oily\oily_aug_00617.jpg,oily,train_aug
C:\DATN\skin-ai-project\ai\data\processed\skin_type\train\oily\oily_aug_00618.jpg,oily,train_aug
C:\DATN\skin-ai-project\ai\data\processed\skin_type\train\oily\oily_aug_00619.jpg,oily,train_aug
C:\DATN\skin-ai-project\ai\data\processed\skin_type\train\oily\oily_aug_00620.jpg,oily,train_aug
C:\DATN\skin-ai-project\ai\data\processed\skin_type\train\oily\oily_aug_00621.jpg,oily,train_aug
C:\DATN\skin-ai-project\ai\data\processed\skin_type\train\oily\oily_aug_00622.jpg,oily,train_aug
C:\DATN\skin-ai-project\ai\data\processed\skin_type\train\oily\oily_aug_00623.jpg,oily,train_aug
C:\DATN\skin-ai-project\ai\data\processed\skin_type\train\oily\oily_aug_00624.jpg,oily,train_aug
C:\DATN\skin-ai-project\ai\data\processed\skin_type\train\oily\oily_aug_00625.jpg,oily,train_aug
C:\DATN\skin-ai-project\ai\data\processed\skin_type\train\oily\oily_aug_00626.jpg,oily,train_aug
C:\DATN\skin-ai-project\ai\data\processed\skin_type\train\oily\oily_aug_00627.jpg,oily,train_aug
C:\DATN\skin-ai-project\ai\data\processed\skin_type\train\oily\oily_aug_00628.jpg,oily,train_aug
C:\DATN\skin-ai-project\ai\data\processed\skin_type\train\oily\oily_aug_00629.jpg,oily,train_aug
C:\DATN\skin-ai-project\ai\data\processed\skin_type\train\oily\oily_aug_00630.jpg,oily,train_aug
C:\DATN\skin-ai-project\ai\data\processed\skin_type\train\oily\oily_aug_00631.jpg,oily,train_aug
C:\DATN\skin-ai-project\ai\data\processed\skin_type\train\oily\oily_aug_00632.jpg,oily,train_aug
C:\DATN\skin-ai-project\ai\data\processed\skin_type\train\oily\oily_aug_00633.jpg,oily,train_aug
C:\DATN\skin-ai-project\ai\data\processed\skin_type\train\oily\oily_aug_00634.jpg,oily,train_aug
C:\DATN\skin-ai-project\ai\data\processed\skin_type\train\oily\oily_aug_00635.jpg,oily,train_aug
C:\DATN\skin-ai-project\ai\data\processed\skin_type\train\oily\oily_aug_00636.jpg,oily,train_aug
C:\DATN\skin-ai-project\ai\data\processed\skin_type\train\oily\oily_aug_00637.jpg,oily,train_aug
C:\DATN\skin-ai-project\ai\data\processed\skin_type\train\oily\oily_aug_00638.jpg,oily,train_aug
C:\DATN\skin-ai-project\ai\data\processed\skin_type\train\oily\oily_aug_00639.jpg,oily,train_aug
C:\DATN\skin-ai-project\ai\data\processed\skin_type\train\oily\oily_aug_00640.jpg,oily,train_aug
C:\DATN\skin-ai-project\ai\data\processed\skin_type\train\oily\oily_aug_00641.jpg,oily,train_aug
C:\DATN\skin-ai-project\ai\data\processed\skin_type\train\oily\oily_aug_00642.jpg,oily,train_aug
C:\DATN\skin-ai-project\ai\data\processed\skin_type\train\oily\oily_aug_00643.jpg,oily,train_aug
C:\DATN\skin-ai-project\ai\data\processed\skin_type\train\oily\oily_aug_00644.jpg,oily,train_aug
C:\DATN\skin-ai-project\ai\data\processed\skin_type\train\oily\oily_aug_00645.jpg,oily,train_aug
C:\DATN\skin-ai-project\ai\data\processed\skin_type\train\oily\oily_aug_00646.jpg,oily,train_aug
C:\DATN\skin-ai-project\ai\data\processed\skin_type\train\oily\oily_aug_00647.jpg,oily,train_aug
C:\DATN\skin-ai-project\ai\data\processed\skin_type\train\oily\oily_aug_00648.jpg,oily,train_aug
C:\DATN\skin-ai-project\ai\data\processed\skin_type\train\oily\oily_aug_00649.jpg,oily,train_aug
C:\DATN\skin-ai-project\ai\data\processed\skin_type\train\oily\oily_aug_00650.jpg,oily,train_aug
C:\DATN\skin-ai-project\ai\data\processed\skin_type\train\oily\oily_aug_00651.jpg,oily,train_aug
C:\DATN\skin-ai-project\ai\data\processed\skin_type\train\oily\oily_aug_00652.jpg,oily,train_aug
C:\DATN\skin-ai-project\ai\data\processed\skin_type\train\oily\oily_aug_00653.jpg,oily,train_aug
C:\DATN\skin-ai-project\ai\data\processed\skin_type\train\oily\oily_aug_00654.jpg,oily,train_aug
C:\DATN\skin-ai-project\ai\data\processed\skin_type\train\oily\oily_aug_00655.jpg,oily,train_aug
C:\DATN\skin-ai-project\ai\data\processed\skin_type\train\oily\oily_aug_00656.jpg,oily,train_aug
C:\DATN\skin-ai-project\ai\data\processed\skin_type\train\oily\oily_aug_00657.jpg,oily,train_aug
C:\DATN\skin-ai-project\ai\data\processed\skin_type\train\oily\oily_aug_00658.jpg,oily,train_aug
C:\DATN\skin-ai-project\ai\data\processed\skin_type\train\oily\oily_aug_00659.jpg,oily,train_aug
C:\DATN\skin-ai-project\ai\data\processed\skin_type\train\oily\oily_aug_00660.jpg,oily,train_aug
C:\DATN\skin-ai-project\ai\data\processed\skin_type\train\oily\oily_aug_00661.jpg,oily,train_aug
C:\DATN\skin-ai-project\ai\data\processed\skin_type\train\oily\oily_aug_00662.jpg,oily,train_aug
C:\DATN\skin-ai-project\ai\data\processed\skin_type\train\oily\oily_aug_00663.jpg,oily,train_aug
C:\DATN\skin-ai-project\ai\data\processed\skin_type\train\oily\oily_aug_00664.jpg,oily,train_aug
C:\DATN\skin-ai-project\ai\data\processed\skin_type\train\oily\oily_aug_00665.jpg,oily,train_aug
C:\DATN\skin-ai-project\ai\data\processed\skin_type\train\oily\oily_aug_00666.jpg,oily,train_aug
C:\DATN\skin-ai-project\ai\data\processed\skin_type\train\oily\oily_aug_00667.jpg,oily,train_aug
C:\DATN\skin-ai-project\ai\data\processed\skin_type\train\oily\oily_aug_00668.jpg,oily,train_aug
C:\DATN\skin-ai-project\ai\data\processed\skin_type\train\oily\oily_aug_00669.jpg,oily,train_aug
C:\DATN\skin-ai-project\ai\data\processed\skin_type\train\oily\oily_aug_00670.jpg,oily,train_aug
C:\DATN\skin-ai-project\ai\data\processed\skin_type\train\oily\oily_aug_00671.jpg,oily,train_aug
C:\DATN\skin-ai-project\ai\data\processed\skin_type\train\oily\oily_aug_00672.jpg,oily,train_aug
C:\DATN\skin-ai-project\ai\data\processed\skin_type\train\oily\oily_aug_00673.jpg,oily,train_aug
C:\DATN\skin-ai-project\ai\data\processed\skin_type\train\oily\oily_aug_00674.jpg,oily,train_aug
C:\DATN\skin-ai-project\ai\data\processed\skin_type\train\oily\oily_aug_00675.jpg,oily,train_aug
C:\DATN\skin-ai-project\ai\data\processed\skin_type\train\oily\oily_aug_00676.jpg,oily,train_aug
C:\DATN\skin-ai-project\ai\data\processed\skin_type\train\oily\oily_aug_00677.jpg,oily,train_aug
C:\DATN\skin-ai-project\ai\data\processed\skin_type\train\oily\oily_aug_00678.jpg,oily,train_aug
C:\DATN\skin-ai-project\ai\data\processed\skin_type\train\oily\oily_aug_00679.jpg,oily,train_aug
C:\DATN\skin-ai-project\ai\data\processed\skin_type\train\oily\oily_aug_00680.jpg,oily,train_aug
C:\DATN\skin-ai-project\ai\data\processed\skin_type\train\oily\oily_aug_00681.jpg,oily,train_aug
C:\DATN\skin-ai-project\ai\data\processed\skin_type\train\oily\oily_aug_00682.jpg,oily,train_aug
C:\DATN\skin-ai-project\ai\data\processed\skin_type\train\oily\oily_aug_00683.jpg,oily,train_aug
C:\DATN\skin-ai-project\ai\data\processed\skin_type\train\oily\oily_aug_00684.jpg,oily,train_aug
C:\DATN\skin-ai-project\ai\data\processed\skin_type\train\oily\oily_aug_00685.jpg,oily,train_aug
C:\DATN\skin-ai-project\ai\data\processed\skin_type\train\oily\oily_aug_00686.jpg,oily,train_aug
C:\DATN\skin-ai-project\ai\data\processed\skin_type\train\oily\oily_aug_00687.jpg,oily,train_aug
C:\DATN\skin-ai-project\ai\data\processed\skin_type\train\oily\oily_aug_00688.jpg,oily,train_aug
C:\DATN\skin-ai-project\ai\data\processed\skin_type\train\oily\oily_aug_00689.jpg,oily,train_aug
C:\DATN\skin-ai-project\ai\data\processed\skin_type\train\oily\oily_aug_00690.jpg,oily,train_aug
C:\DATN\skin-ai-project\ai\data\processed\skin_type\train\oily\oily_aug_00691.jpg,oily,train_aug
C:\DATN\skin-ai-project\ai\data\processed\skin_type\train\oily\oily_aug_00692.jpg,oily,train_aug
C:\DATN\skin-ai-project\ai\data\processed\skin_type\train\oily\oily_aug_00693.jpg,oily,train_aug
C:\DATN\skin-ai-project\ai\data\processed\skin_type\train\oily\oily_aug_00694.jpg,oily,train_aug
C:\DATN\skin-ai-project\ai\data\processed\skin_type\train\oily\oily_aug_00695.jpg,oily,train_aug
C:\DATN\skin-ai-project\ai\data\processed\skin_type\train\oily\oily_aug_00696.jpg,oily,train_aug
C:\DATN\skin-ai-project\ai\data\processed\skin_type\train\oily\oily_aug_00697.jpg,oily,train_aug
C:\DATN\skin-ai-project\ai\data\processed\skin_type\train\oily\oily_aug_00698.jpg,oily,train_aug
C:\DATN\skin-ai-project\ai\data\processed\skin_type\train\oily\oily_aug_00699.jpg,oily,train_aug
C:\DATN\skin-ai-project\ai\data\processed\skin_type\train\oily\oily_aug_00700.jpg,oily,train_aug
C:\DATN\skin-ai-project\ai\data\processed\skin_type\train\oily\oily_aug_00701.jpg,oily,train_aug
C:\DATN\skin-ai-project\ai\data\processed\skin_type\train\oily\oily_aug_00702.jpg,oily,train_aug
C:\DATN\skin-ai-project\ai\data\processed\skin_type\train\oily\oily_aug_00703.jpg,oily,train_aug
C:\DATN\skin-ai-project\ai\data\processed\skin_type\train\oily\oily_aug_00704.jpg,oily,train_aug
C:\DATN\skin-ai-project\ai\data\processed\skin_type\train\oily\oily_aug_00705.jpg,oily,train_aug
C:\DATN\skin-ai-project\ai\data\processed\skin_type\train\oily\oily_aug_00706.jpg,oily,train_aug
C:\DATN\skin-ai-project\ai\data\processed\skin_type\train\oily\oily_aug_00707.jpg,oily,train_aug
C:\DATN\skin-ai-project\ai\data\processed\skin_type\train\oily\oily_aug_00708.jpg,oily,train_aug
C:\DATN\skin-ai-project\ai\data\processed\skin_type\train\oily\oily_aug_00709.jpg,oily,train_aug
C:\DATN\skin-ai-project\ai\data\processed\skin_type\train\oily\oily_aug_00710.jpg,oily,train_aug
C:\DATN\skin-ai-project\ai\data\processed\skin_type\train\oily\oily_aug_00711.jpg,oily,train_aug
C:\DATN\skin-ai-project\ai\data\processed\skin_type\train\oily\oily_aug_00712.jpg,oily,train_aug
C:\DATN\skin-ai-project\ai\data\processed\skin_type\train\oily\oily_aug_00713.jpg,oily,train_aug
C:\DATN\skin-ai-project\ai\data\processed\skin_type\train\oily\oily_aug_00714.jpg,oily,train_aug
C:\DATN\skin-ai-project\ai\data\processed\skin_type\train\oily\oily_aug_00715.jpg,oily,train_aug
C:\DATN\skin-ai-project\ai\data\processed\skin_type\train\oily\oily_aug_00716.jpg,oily,train_aug
C:\DATN\skin-ai-project\ai\data\processed\skin_type\train\oily\oily_aug_00717.jpg,oily,train_aug
C:\DATN\skin-ai-project\ai\data\processed\skin_type\train\oily\oily_aug_00718.jpg,oily,train_aug
C:\DATN\skin-ai-project\ai\data\processed\skin_type\train\oily\oily_aug_00719.jpg,oily,train_aug
C:\DATN\skin-ai-project\ai\data\processed\skin_type\train\oily\oily_aug_00720.jpg,oily,train_aug
C:\DATN\skin-ai-project\ai\data\processed\skin_type\train\oily\oily_aug_00721.jpg,oily,train_aug
C:\DATN\skin-ai-project\ai\data\processed\skin_type\train\oily\oily_aug_00722.jpg,oily,train_aug
C:\DATN\skin-ai-project\ai\data\processed\skin_type\train\oily\oily_aug_00723.jpg,oily,train_aug
C:\DATN\skin-ai-project\ai\data\processed\skin_type\train\oily\oily_aug_00724.jpg,oily,train_aug
C:\DATN\skin-ai-project\ai\data\processed\skin_type\train\oily\oily_aug_00725.jpg,oily,train_aug
C:\DATN\skin-ai-project\ai\data\processed\skin_type\train\oily\oily_aug_00726.jpg,oily,train_aug
C:\DATN\skin-ai-project\ai\data\processed\skin_type\train\oily\oily_aug_00727.jpg,oily,train_aug
C:\DATN\skin-ai-project\ai\data\processed\skin_type\train\oily\oily_aug_00728.jpg,oily,train_aug
C:\DATN\skin-ai-project\ai\data\processed\skin_type\train\oily\oily_aug_00729.jpg,oily,train_aug
C:\DATN\skin-ai-project\ai\data\processed\skin_type\train\oily\oily_aug_00730.jpg,oily,train_aug
C:\DATN\skin-ai-project\ai\data\processed\skin_type\train\oily\oily_aug_00731.jpg,oily,train_aug
C:\DATN\skin-ai-project\ai\data\processed\skin_type\train\oily\oily_aug_00732.jpg,oily,train_aug
C:\DATN\skin-ai-project\ai\data\processed\skin_type\train\oily\oily_aug_00733.jpg,oily,train_aug
C:\DATN\skin-ai-project\ai\data\processed\skin_type\train\oily\oily_aug_00734.jpg,oily,train_aug
C:\DATN\skin-ai-project\ai\data\processed\skin_type\train\oily\oily_aug_00735.jpg,oily,train_aug
C:\DATN\skin-ai-project\ai\data\processed\skin_type\train\oily\oily_aug_00736.jpg,oily,train_aug
C:\DATN\skin-ai-project\ai\data\processed\skin_type\train\oily\oily_aug_00737.jpg,oily,train_aug
C:\DATN\skin-ai-project\ai\data\processed\skin_type\train\oily\oily_aug_00738.jpg,oily,train_aug
C:\DATN\skin-ai-project\ai\data\processed\skin_type\train\oily\oily_aug_00739.jpg,oily,train_aug
C:\DATN\skin-ai-project\ai\data\processed\skin_type\train\oily\oily_aug_00740.jpg,oily,train_aug
C:\DATN\skin-ai-project\ai\data\processed\skin_type\train\oily\oily_aug_00741.jpg,oily,train_aug
C:\DATN\skin-ai-project\ai\data\processed\skin_type\train\oily\oily_aug_00742.jpg,oily,train_aug
C:\DATN\skin-ai-project\ai\data\processed\skin_type\train\oily\oily_aug_00743.jpg,oily,train_aug
C:\DATN\skin-ai-project\ai\data\processed\skin_type\train\oily\oily_aug_00744.jpg,oily,train_aug
C:\DATN\skin-ai-project\ai\data\processed\skin_type\train\oily\oily_aug_00745.jpg,oily,train_aug
C:\DATN\skin-ai-project\ai\data\processed\skin_type\train\oily\oily_aug_00746.jpg,oily,train_aug
C:\DATN\skin-ai-project\ai\data\processed\skin_type\train\oily\oily_aug_00747.jpg,oily,train_aug
C:\DATN\skin-ai-project\ai\data\processed\skin_type\train\oily\oily_aug_00748.jpg,oily,train_aug
C:\DATN\skin-ai-project\ai\data\processed\skin_type\train\oily\oily_aug_00749.jpg,oily,train_aug
C:\DATN\skin-ai-project\ai\data\processed\skin_type\train\oily\oily_aug_00750.jpg,oily,train_aug
C:\DATN\skin-ai-project\ai\data\processed\skin_type\train\oily\oily_aug_00751.jpg,oily,train_aug
C:\DATN\skin-ai-project\ai\data\processed\skin_type\train\oily\oily_aug_00752.jpg,oily,train_aug
C:\DATN\skin-ai-project\ai\data\processed\skin_type\train\oily\oily_aug_00753.jpg,oily,train_aug
C:\DATN\skin-ai-project\ai\data\processed\skin_type\train\oily\oily_aug_00754.jpg,oily,train_aug
C:\DATN\skin-ai-project\ai\data\processed\skin_type\train\oily\oily_aug_00755.jpg,oily,train_aug
C:\DATN\skin-ai-project\ai\data\processed\skin_type\train\oily\oily_aug_00756.jpg,oily,train_aug
C:\DATN\skin-ai-project\ai\data\processed\skin_type\train\oily\oily_aug_00757.jpg,oily,train_aug
C:\DATN\skin-ai-project\ai\data\processed\skin_type\train\oily\oily_aug_00758.jpg,oily,train_aug
C:\DATN\skin-ai-project\ai\data\processed\skin_type\train\oily\oily_aug_00759.jpg,oily,train_aug
C:\DATN\skin-ai-project\ai\data\processed\skin_type\train\oily\oily_aug_00760.jpg,oily,train_aug
C:\DATN\skin-ai-project\ai\data\processed\skin_type\train\oily\oily_aug_00761.jpg,oily,train_aug
C:\DATN\skin-ai-project\ai\data\processed\skin_type\train\oily\oily_aug_00762.jpg,oily,train_aug
C:\DATN\skin-ai-project\ai\data\processed\skin_type\train\oily\oily_aug_00763.jpg,oily,train_aug
C:\DATN\skin-ai-project\ai\data\processed\skin_type\train\oily\oily_aug_00764.jpg,oily,train_aug
C:\DATN\skin-ai-project\ai\data\processed\skin_type\train\oily\oily_aug_00765.jpg,oily,train_aug
C:\DATN\skin-ai-project\ai\data\processed\skin_type\train\oily\oily_aug_00766.jpg,oily,train_aug
C:\DATN\skin-ai-project\ai\data\processed\skin_type\train\oily\oily_aug_00767.jpg,oily,train_aug
C:\DATN\skin-ai-project\ai\data\processed\skin_type\train\oily\oily_aug_00768.jpg,oily,train_aug
C:\DATN\skin-ai-project\ai\data\processed\skin_type\train\oily\oily_aug_00769.jpg,oily,train_aug
C:\DATN\skin-ai-project\ai\data\processed\skin_type\train\oily\oily_aug_00770.jpg,oily,train_aug
C:\DATN\skin-ai-project\ai\data\processed\skin_type\train\oily\oily_aug_00771.jpg,oily,train_aug
C:\DATN\skin-ai-project\ai\data\processed\skin_type\train\oily\oily_aug_00772.jpg,oily,train_aug
C:\DATN\skin-ai-project\ai\data\processed\skin_type\train\oily\oily_aug_00773.jpg,oily,train_aug
C:\DATN\skin-ai-project\ai\data\processed\skin_type\train\oily\oily_aug_00774.jpg,oily,train_aug
C:\DATN\skin-ai-project\ai\data\processed\skin_type\train\oily\oily_aug_00775.jpg,oily,train_aug
C:\DATN\skin-ai-project\ai\data\processed\skin_type\train\oily\oily_aug_00776.jpg,oily,train_aug
C:\DATN\skin-ai-project\ai\data\processed\skin_type\train\oily\oily_aug_00777.jpg,oily,train_aug
C:\DATN\skin-ai-project\ai\data\processed\skin_type\train\oily\oily_aug_00778.jpg,oily,train_aug
C:\DATN\skin-ai-project\ai\data\processed\skin_type\train\oily\oily_aug_00779.jpg,oily,train_aug
C:\DATN\skin-ai-project\ai\data\processed\skin_type\train\oily\oily_aug_00780.jpg,oily,train_aug
C:\DATN\skin-ai-project\ai\data\processed\skin_type\train\oily\oily_aug_00781.jpg,oily,train_aug
C:\DATN\skin-ai-project\ai\data\processed\skin_type\train\oily\oily_aug_00782.jpg,oily,train_aug
C:\DATN\skin-ai-project\ai\data\processed\skin_type\train\oily\oily_aug_00783.jpg,oily,train_aug
C:\DATN\skin-ai-project\ai\data\processed\skin_type\train\oily\oily_aug_00784.jpg,oily,train_aug
C:\DATN\skin-ai-project\ai\data\processed\skin_type\train\oily\oily_aug_00785.jpg,oily,train_aug
C:\DATN\skin-ai-project\ai\data\processed\skin_type\train\oily\oily_aug_00786.jpg,oily,train_aug
C:\DATN\skin-ai-project\ai\data\processed\skin_type\train\oily\oily_aug_00787.jpg,oily,train_aug
C:\DATN\skin-ai-project\ai\data\processed\skin_type\train\oily\oily_aug_00788.jpg,oily,train_aug
C:\DATN\skin-ai-project\ai\data\processed\skin_type\train\oily\oily_aug_00789.jpg,oily,train_aug
C:\DATN\skin-ai-project\ai\data\processed\skin_type\train\oily\oily_aug_00790.jpg,oily,train_aug
C:\DATN\skin-ai-project\ai\data\processed\skin_type\train\oily\oily_aug_00791.jpg,oily,train_aug
C:\DATN\skin-ai-project\ai\data\processed\skin_type\train\oily\oily_aug_00792.jpg,oily,train_aug
C:\DATN\skin-ai-project\ai\data\processed\skin_type\train\oily\oily_aug_00793.jpg,oily,train_aug
C:\DATN\skin-ai-project\ai\data\processed\skin_type\train\oily\oily_aug_00794.jpg,oily,train_aug
C:\DATN\skin-ai-project\ai\data\processed\skin_type\train\oily\oily_aug_00795.jpg,oily,train_aug
C:\DATN\skin-ai-project\ai\data\processed\skin_type\train\oily\oily_aug_00796.jpg,oily,train_aug
C:\DATN\skin-ai-project\ai\data\processed\skin_type\train\oily\oily_aug_00797.jpg,oily,train_aug
C:\DATN\skin-ai-project\ai\data\processed\skin_type\train\oily\oily_aug_00798.jpg,oily,train_aug
C:\DATN\skin-ai-project\ai\data\processed\skin_type\train\oily\oily_aug_00799.jpg,oily,train_aug
C:\DATN\skin-ai-project\ai\data\processed\skin_type\train\oily\oily_aug_00800.jpg,oily,train_aug
C:\DATN\skin-ai-project\ai\data\processed\skin_type\train\oily\oily_aug_00801.jpg,oily,train_aug
C:\DATN\skin-ai-project\ai\data\processed\skin_type\train\oily\oily_aug_00802.jpg,oily,train_aug
C:\DATN\skin-ai-project\ai\data\processed\skin_type\train\oily\oily_aug_00803.jpg,oily,train_aug
C:\DATN\skin-ai-project\ai\data\processed\skin_type\train\oily\oily_aug_00804.jpg,oily,train_aug
C:\DATN\skin-ai-project\ai\data\processed\skin_type\train\oily\oily_aug_00805.jpg,oily,train_aug
C:\DATN\skin-ai-project\ai\data\processed\skin_type\train\oily\oily_aug_00806.jpg,oily,train_aug
C:\DATN\skin-ai-project\ai\data\processed\skin_type\train\oily\oily_aug_00807.jpg,oily,train_aug
C:\DATN\skin-ai-project\ai\data\processed\skin_type\train\oily\oily_aug_00808.jpg,oily,train_aug
C:\DATN\skin-ai-project\ai\data\processed\skin_type\train\oily\oily_aug_00809.jpg,oily,train_aug
C:\DATN\skin-ai-project\ai\data\processed\skin_type\train\oily\oily_aug_00810.jpg,oily,train_aug
C:\DATN\skin-ai-project\ai\data\processed\skin_type\train\oily\oily_aug_00811.jpg,oily,train_aug
C:\DATN\skin-ai-project\ai\data\processed\skin_type\train\oily\oily_aug_00812.jpg,oily,train_aug
C:\DATN\skin-ai-project\ai\data\processed\skin_type\train\oily\oily_aug_00813.jpg,oily,train_aug
C:\DATN\skin-ai-project\ai\data\processed\skin_type\train\oily\oily_aug_00814.jpg,oily,train_aug
C:\DATN\skin-ai-project\ai\data\processed\skin_type\train\dry\dry_aug_00000.jpg,dry,train_aug
C:\DATN\skin-ai-project\ai\data\processed\skin_type\train\dry\dry_aug_00001.jpg,dry,train_aug
C:\DATN\skin-ai-project\ai\data\processed\skin_type\train\dry\dry_aug_00002.jpg,dry,train_aug
C:\DATN\skin-ai-project\ai\data\processed\skin_type\train\dry\dry_aug_00003.jpg,dry,train_aug
C:\DATN\skin-ai-project\ai\data\processed\skin_type\train\dry\dry_aug_00004.jpg,dry,train_aug
C:\DATN\skin-ai-project\ai\data\processed\skin_type\train\dry\dry_aug_00005.jpg,dry,train_aug
C:\DATN\skin-ai-project\ai\data\processed\skin_type\train\dry\dry_aug_00006.jpg,dry,train_aug
C:\DATN\skin-ai-project\ai\data\processed\skin_type\train\dry\dry_aug_00007.jpg,dry,train_aug
C:\DATN\skin-ai-project\ai\data\processed\skin_type\train\dry\dry_aug_00008.jpg,dry,train_aug
C:\DATN\skin-ai-project\ai\data\processed\skin_type\train\dry\dry_aug_00009.jpg,dry,train_aug
C:\DATN\skin-ai-project\ai\data\processed\skin_type\train\dry\dry_aug_00010.jpg,dry,train_aug
C:\DATN\skin-ai-project\ai\data\processed\skin_type\train\dry\dry_aug_00011.jpg,dry,train_aug
C:\DATN\skin-ai-project\ai\data\processed\skin_type\train\dry\dry_aug_00012.jpg,dry,train_aug
C:\DATN\skin-ai-project\ai\data\processed\skin_type\train\dry\dry_aug_00013.jpg,dry,train_aug
C:\DATN\skin-ai-project\ai\data\processed\skin_type\train\dry\dry_aug_00014.jpg,dry,train_aug
C:\DATN\skin-ai-project\ai\data\processed\skin_type\train\dry\dry_aug_00015.jpg,dry,train_aug
C:\DATN\skin-ai-project\ai\data\processed\skin_type\train\dry\dry_aug_00016.jpg,dry,train_aug
C:\DATN\skin-ai-project\ai\data\processed\skin_type\train\dry\dry_aug_00017.jpg,dry,train_aug
C:\DATN\skin-ai-project\ai\data\processed\skin_type\train\dry\dry_aug_00018.jpg,dry,train_aug
C:\DATN\skin-ai-project\ai\data\processed\skin_type\train\dry\dry_aug_00019.jpg,dry,train_aug
C:\DATN\skin-ai-project\ai\data\processed\skin_type\train\dry\dry_aug_00020.jpg,dry,train_aug
C:\DATN\skin-ai-project\ai\data\processed\skin_type\train\dry\dry_aug_00021.jpg,dry,train_aug
C:\DATN\skin-ai-project\ai\data\processed\skin_type\train\dry\dry_aug_00022.jpg,dry,train_aug
C:\DATN\skin-ai-project\ai\data\processed\skin_type\train\dry\dry_aug_00023.jpg,dry,train_aug
C:\DATN\skin-ai-project\ai\data\processed\skin_type\train\dry\dry_aug_00024.jpg,dry,train_aug
C:\DATN\skin-ai-project\ai\data\processed\skin_type\train\dry\dry_aug_00025.jpg,dry,train_aug
C:\DATN\skin-ai-project\ai\data\processed\skin_type\train\dry\dry_aug_00026.jpg,dry,train_aug
C:\DATN\skin-ai-project\ai\data\processed\skin_type\train\dry\dry_aug_00027.jpg,dry,train_aug
C:\DATN\skin-ai-project\ai\data\processed\skin_type\train\dry\dry_aug_00028.jpg,dry,train_aug
C:\DATN\skin-ai-project\ai\data\processed\skin_type\train\dry\dry_aug_00029.jpg,dry,train_aug
C:\DATN\skin-ai-project\ai\data\processed\skin_type\train\dry\dry_aug_00030.jpg,dry,train_aug
C:\DATN\skin-ai-project\ai\data\processed\skin_type\train\dry\dry_aug_00031.jpg,dry,train_aug
C:\DATN\skin-ai-project\ai\data\processed\skin_type\train\dry\dry_aug_00032.jpg,dry,train_aug
C:\DATN\skin-ai-project\ai\data\processed\skin_type\train\dry\dry_aug_00033.jpg,dry,train_aug
C:\DATN\skin-ai-project\ai\data\processed\skin_type\train\dry\dry_aug_00034.jpg,dry,train_aug
C:\DATN\skin-ai-project\ai\data\processed\skin_type\train\dry\dry_aug_00035.jpg,dry,train_aug
C:\DATN\skin-ai-project\ai\data\processed\skin_type\train\dry\dry_aug_00036.jpg,dry,train_aug
C:\DATN\skin-ai-project\ai\data\processed\skin_type\train\dry\dry_aug_00037.jpg,dry,train_aug
C:\DATN\skin-ai-project\ai\data\processed\skin_type\train\dry\dry_aug_00038.jpg,dry,train_aug
C:\DATN\skin-ai-project\ai\data\processed\skin_type\train\dry\dry_aug_00039.jpg,dry,train_aug
C:\DATN\skin-ai-project\ai\data\processed\skin_type\train\dry\dry_aug_00040.jpg,dry,train_aug
C:\DATN\skin-ai-project\ai\data\processed\skin_type\train\dry\dry_aug_00041.jpg,dry,train_aug
C:\DATN\skin-ai-project\ai\data\processed\skin_type\train\dry\dry_aug_00042.jpg,dry,train_aug
C:\DATN\skin-ai-project\ai\data\processed\skin_type\train\dry\dry_aug_00043.jpg,dry,train_aug
C:\DATN\skin-ai-project\ai\data\processed\skin_type\train\dry\dry_aug_00044.jpg,dry,train_aug
C:\DATN\skin-ai-project\ai\data\processed\skin_type\train\dry\dry_aug_00045.jpg,dry,train_aug
C:\DATN\skin-ai-project\ai\data\processed\skin_type\train\dry\dry_aug_00046.jpg,dry,train_aug
C:\DATN\skin-ai-project\ai\data\processed\skin_type\train\dry\dry_aug_00047.jpg,dry,train_aug
C:\DATN\skin-ai-project\ai\data\processed\skin_type\train\dry\dry_aug_00048.jpg,dry,train_aug
C:\DATN\skin-ai-project\ai\data\processed\skin_type\train\dry\dry_aug_00049.jpg,dry,train_aug
C:\DATN\skin-ai-project\ai\data\processed\skin_type\train\dry\dry_aug_00050.jpg,dry,train_aug
C:\DATN\skin-ai-project\ai\data\processed\skin_type\train\dry\dry_aug_00051.jpg,dry,train_aug
C:\DATN\skin-ai-project\ai\data\processed\skin_type\train\dry\dry_aug_00052.jpg,dry,train_aug
C:\DATN\skin-ai-project\ai\data\processed\skin_type\train\dry\dry_aug_00053.jpg,dry,train_aug
C:\DATN\skin-ai-project\ai\data\processed\skin_type\train\dry\dry_aug_00054.jpg,dry,train_aug
C:\DATN\skin-ai-project\ai\data\processed\skin_type\train\dry\dry_aug_00055.jpg,dry,train_aug
C:\DATN\skin-ai-project\ai\data\processed\skin_type\train\dry\dry_aug_00056.jpg,dry,train_aug
C:\DATN\skin-ai-project\ai\data\processed\skin_type\train\dry\dry_aug_00057.jpg,dry,train_aug
C:\DATN\skin-ai-project\ai\data\processed\skin_type\train\dry\dry_aug_00058.jpg,dry,train_aug
C:\DATN\skin-ai-project\ai\data\processed\skin_type\train\dry\dry_aug_00059.jpg,dry,train_aug
C:\DATN\skin-ai-project\ai\data\processed\skin_type\train\dry\dry_aug_00060.jpg,dry,train_aug
C:\DATN\skin-ai-project\ai\data\processed\skin_type\train\dry\dry_aug_00061.jpg,dry,train_aug
C:\DATN\skin-ai-project\ai\data\processed\skin_type\train\dry\dry_aug_00062.jpg,dry,train_aug
C:\DATN\skin-ai-project\ai\data\processed\skin_type\train\dry\dry_aug_00063.jpg,dry,train_aug
C:\DATN\skin-ai-project\ai\data\processed\skin_type\train\dry\dry_aug_00064.jpg,dry,train_aug
C:\DATN\skin-ai-project\ai\data\processed\skin_type\train\dry\dry_aug_00065.jpg,dry,train_aug
C:\DATN\skin-ai-project\ai\data\processed\skin_type\train\dry\dry_aug_00066.jpg,dry,train_aug
C:\DATN\skin-ai-project\ai\data\processed\skin_type\train\dry\dry_aug_00067.jpg,dry,train_aug
C:\DATN\skin-ai-project\ai\data\processed\skin_type\train\dry\dry_aug_00068.jpg,dry,train_aug
C:\DATN\skin-ai-project\ai\data\processed\skin_type\train\dry\dry_aug_00069.jpg,dry,train_aug
C:\DATN\skin-ai-project\ai\data\processed\skin_type\train\dry\dry_aug_00070.jpg,dry,train_aug
C:\DATN\skin-ai-project\ai\data\processed\skin_type\train\dry\dry_aug_00071.jpg,dry,train_aug
C:\DATN\skin-ai-project\ai\data\processed\skin_type\train\dry\dry_aug_00072.jpg,dry,train_aug
C:\DATN\skin-ai-project\ai\data\processed\skin_type\train\dry\dry_aug_00073.jpg,dry,train_aug
C:\DATN\skin-ai-project\ai\data\processed\skin_type\train\dry\dry_aug_00074.jpg,dry,train_aug
C:\DATN\skin-ai-project\ai\data\processed\skin_type\train\dry\dry_aug_00075.jpg,dry,train_aug
C:\DATN\skin-ai-project\ai\data\processed\skin_type\train\dry\dry_aug_00076.jpg,dry,train_aug
C:\DATN\skin-ai-project\ai\data\processed\skin_type\train\dry\dry_aug_00077.jpg,dry,train_aug
C:\DATN\skin-ai-project\ai\data\processed\skin_type\train\dry\dry_aug_00078.jpg,dry,train_aug
C:\DATN\skin-ai-project\ai\data\processed\skin_type\train\dry\dry_aug_00079.jpg,dry,train_aug
C:\DATN\skin-ai-project\ai\data\processed\skin_type\train\dry\dry_aug_00080.jpg,dry,train_aug
C:\DATN\skin-ai-project\ai\data\processed\skin_type\train\dry\dry_aug_00081.jpg,dry,train_aug
C:\DATN\skin-ai-project\ai\data\processed\skin_type\train\dry\dry_aug_00082.jpg,dry,train_aug
C:\DATN\skin-ai-project\ai\data\processed\skin_type\train\dry\dry_aug_00083.jpg,dry,train_aug
C:\DATN\skin-ai-project\ai\data\processed\skin_type\train\dry\dry_aug_00084.jpg,dry,train_aug
C:\DATN\skin-ai-project\ai\data\processed\skin_type\train\dry\dry_aug_00085.jpg,dry,train_aug
C:\DATN\skin-ai-project\ai\data\processed\skin_type\train\dry\dry_aug_00086.jpg,dry,train_aug
C:\DATN\skin-ai-project\ai\data\processed\skin_type\train\dry\dry_aug_00087.jpg,dry,train_aug
C:\DATN\skin-ai-project\ai\data\processed\skin_type\train\dry\dry_aug_00088.jpg,dry,train_aug
C:\DATN\skin-ai-project\ai\data\processed\skin_type\train\dry\dry_aug_00089.jpg,dry,train_aug
C:\DATN\skin-ai-project\ai\data\processed\skin_type\train\dry\dry_aug_00090.jpg,dry,train_aug
C:\DATN\skin-ai-project\ai\data\processed\skin_type\train\dry\dry_aug_00091.jpg,dry,train_aug
C:\DATN\skin-ai-project\ai\data\processed\skin_type\train\dry\dry_aug_00092.jpg,dry,train_aug
C:\DATN\skin-ai-project\ai\data\processed\skin_type\train\dry\dry_aug_00093.jpg,dry,train_aug
C:\DATN\skin-ai-project\ai\data\processed\skin_type\train\dry\dry_aug_00094.jpg,dry,train_aug
C:\DATN\skin-ai-project\ai\data\processed\skin_type\train\dry\dry_aug_00095.jpg,dry,train_aug
C:\DATN\skin-ai-project\ai\data\processed\skin_type\train\dry\dry_aug_00096.jpg,dry,train_aug
C:\DATN\skin-ai-project\ai\data\processed\skin_type\train\dry\dry_aug_00097.jpg,dry,train_aug
C:\DATN\skin-ai-project\ai\data\processed\skin_type\train\dry\dry_aug_00098.jpg,dry,train_aug
C:\DATN\skin-ai-project\ai\data\processed\skin_type\train\dry\dry_aug_00099.jpg,dry,train_aug
C:\DATN\skin-ai-project\ai\data\processed\skin_type\train\dry\dry_aug_00100.jpg,dry,train_aug
C:\DATN\skin-ai-project\ai\data\processed\skin_type\train\dry\dry_aug_00101.jpg,dry,train_aug
C:\DATN\skin-ai-project\ai\data\processed\skin_type\train\dry\dry_aug_00102.jpg,dry,train_aug
C:\DATN\skin-ai-project\ai\data\processed\skin_type\train\dry\dry_aug_00103.jpg,dry,train_aug
C:\DATN\skin-ai-project\ai\data\processed\skin_type\train\dry\dry_aug_00104.jpg,dry,train_aug
C:\DATN\skin-ai-project\ai\data\processed\skin_type\train\dry\dry_aug_00105.jpg,dry,train_aug
C:\DATN\skin-ai-project\ai\data\processed\skin_type\train\dry\dry_aug_00106.jpg,dry,train_aug
C:\DATN\skin-ai-project\ai\data\processed\skin_type\train\dry\dry_aug_00107.jpg,dry,train_aug
C:\DATN\skin-ai-project\ai\data\processed\skin_type\train\dry\dry_aug_00108.jpg,dry,train_aug
C:\DATN\skin-ai-project\ai\data\processed\skin_type\train\dry\dry_aug_00109.jpg,dry,train_aug
C:\DATN\skin-ai-project\ai\data\processed\skin_type\train\dry\dry_aug_00110.jpg,dry,train_aug
C:\DATN\skin-ai-project\ai\data\processed\skin_type\train\dry\dry_aug_00111.jpg,dry,train_aug
C:\DATN\skin-ai-project\ai\data\processed\skin_type\train\dry\dry_aug_00112.jpg,dry,train_aug
C:\DATN\skin-ai-project\ai\data\processed\skin_type\train\dry\dry_aug_00113.jpg,dry,train_aug
C:\DATN\skin-ai-project\ai\data\processed\skin_type\train\dry\dry_aug_00114.jpg,dry,train_aug
C:\DATN\skin-ai-project\ai\data\processed\skin_type\train\dry\dry_aug_00115.jpg,dry,train_aug
C:\DATN\skin-ai-project\ai\data\processed\skin_type\train\dry\dry_aug_00116.jpg,dry,train_aug
C:\DATN\skin-ai-project\ai\data\processed\skin_type\train\dry\dry_aug_00117.jpg,dry,train_aug
C:\DATN\skin-ai-project\ai\data\processed\skin_type\train\dry\dry_aug_00118.jpg,dry,train_aug
C:\DATN\skin-ai-project\ai\data\processed\skin_type\train\dry\dry_aug_00119.jpg,dry,train_aug
C:\DATN\skin-ai-project\ai\data\processed\skin_type\train\dry\dry_aug_00120.jpg,dry,train_aug
C:\DATN\skin-ai-project\ai\data\processed\skin_type\train\dry\dry_aug_00121.jpg,dry,train_aug
C:\DATN\skin-ai-project\ai\data\processed\skin_type\train\dry\dry_aug_00122.jpg,dry,train_aug
C:\DATN\skin-ai-project\ai\data\processed\skin_type\train\dry\dry_aug_00123.jpg,dry,train_aug
C:\DATN\skin-ai-project\ai\data\processed\skin_type\train\dry\dry_aug_00124.jpg,dry,train_aug
C:\DATN\skin-ai-project\ai\data\processed\skin_type\train\dry\dry_aug_00125.jpg,dry,train_aug
C:\DATN\skin-ai-project\ai\data\processed\skin_type\train\dry\dry_aug_00126.jpg,dry,train_aug
C:\DATN\skin-ai-project\ai\data\processed\skin_type\train\dry\dry_aug_00127.jpg,dry,train_aug
C:\DATN\skin-ai-project\ai\data\processed\skin_type\train\dry\dry_aug_00128.jpg,dry,train_aug
C:\DATN\skin-ai-project\ai\data\processed\skin_type\train\dry\dry_aug_00129.jpg,dry,train_aug
C:\DATN\skin-ai-project\ai\data\processed\skin_type\train\dry\dry_aug_00130.jpg,dry,train_aug
C:\DATN\skin-ai-project\ai\data\processed\skin_type\train\dry\dry_aug_00131.jpg,dry,train_aug
C:\DATN\skin-ai-project\ai\data\processed\skin_type\train\dry\dry_aug_00132.jpg,dry,train_aug
C:\DATN\skin-ai-project\ai\data\processed\skin_type\train\dry\dry_aug_00133.jpg,dry,train_aug
C:\DATN\skin-ai-project\ai\data\processed\skin_type\train\dry\dry_aug_00134.jpg,dry,train_aug
C:\DATN\skin-ai-project\ai\data\processed\skin_type\train\dry\dry_aug_00135.jpg,dry,train_aug
C:\DATN\skin-ai-project\ai\data\processed\skin_type\train\dry\dry_aug_00136.jpg,dry,train_aug
C:\DATN\skin-ai-project\ai\data\processed\skin_type\train\dry\dry_aug_00137.jpg,dry,train_aug
C:\DATN\skin-ai-project\ai\data\processed\skin_type\train\dry\dry_aug_00138.jpg,dry,train_aug
C:\DATN\skin-ai-project\ai\data\processed\skin_type\train\dry\dry_aug_00139.jpg,dry,train_aug
C:\DATN\skin-ai-project\ai\data\processed\skin_type\train\dry\dry_aug_00140.jpg,dry,train_aug
C:\DATN\skin-ai-project\ai\data\processed\skin_type\train\dry\dry_aug_00141.jpg,dry,train_aug
C:\DATN\skin-ai-project\ai\data\processed\skin_type\train\dry\dry_aug_00142.jpg,dry,train_aug
C:\DATN\skin-ai-project\ai\data\processed\skin_type\train\dry\dry_aug_00143.jpg,dry,train_aug
C:\DATN\skin-ai-project\ai\data\processed\skin_type\train\dry\dry_aug_00144.jpg,dry,train_aug
C:\DATN\skin-ai-project\ai\data\processed\skin_type\train\dry\dry_aug_00145.jpg,dry,train_aug
C:\DATN\skin-ai-project\ai\data\processed\skin_type\train\dry\dry_aug_00146.jpg,dry,train_aug
C:\DATN\skin-ai-project\ai\data\processed\skin_type\train\dry\dry_aug_00147.jpg,dry,train_aug
C:\DATN\skin-ai-project\ai\data\processed\skin_type\train\dry\dry_aug_00148.jpg,dry,train_aug
C:\DATN\skin-ai-project\ai\data\processed\skin_type\train\dry\dry_aug_00149.jpg,dry,train_aug
C:\DATN\skin-ai-project\ai\data\processed\skin_type\train\dry\dry_aug_00150.jpg,dry,train_aug
C:\DATN\skin-ai-project\ai\data\processed\skin_type\train\dry\dry_aug_00151.jpg,dry,train_aug
C:\DATN\skin-ai-project\ai\data\processed\skin_type\train\dry\dry_aug_00152.jpg,dry,train_aug
C:\DATN\skin-ai-project\ai\data\processed\skin_type\train\dry\dry_aug_00153.jpg,dry,train_aug
C:\DATN\skin-ai-project\ai\data\processed\skin_type\train\dry\dry_aug_00154.jpg,dry,train_aug
C:\DATN\skin-ai-project\ai\data\processed\skin_type\train\dry\dry_aug_00155.jpg,dry,train_aug
C:\DATN\skin-ai-project\ai\data\processed\skin_type\train\dry\dry_aug_00156.jpg,dry,train_aug
C:\DATN\skin-ai-project\ai\data\processed\skin_type\train\dry\dry_aug_00157.jpg,dry,train_aug
C:\DATN\skin-ai-project\ai\data\processed\skin_type\train\dry\dry_aug_00158.jpg,dry,train_aug
C:\DATN\skin-ai-project\ai\data\processed\skin_type\train\dry\dry_aug_00159.jpg,dry,train_aug
C:\DATN\skin-ai-project\ai\data\processed\skin_type\train\dry\dry_aug_00160.jpg,dry,train_aug
C:\DATN\skin-ai-project\ai\data\processed\skin_type\train\dry\dry_aug_00161.jpg,dry,train_aug
C:\DATN\skin-ai-project\ai\data\processed\skin_type\train\dry\dry_aug_00162.jpg,dry,train_aug
C:\DATN\skin-ai-project\ai\data\processed\skin_type\train\dry\dry_aug_00163.jpg,dry,train_aug
C:\DATN\skin-ai-project\ai\data\processed\skin_type\train\dry\dry_aug_00164.jpg,dry,train_aug
C:\DATN\skin-ai-project\ai\data\processed\skin_type\train\dry\dry_aug_00165.jpg,dry,train_aug
C:\DATN\skin-ai-project\ai\data\processed\skin_type\train\dry\dry_aug_00166.jpg,dry,train_aug
C:\DATN\skin-ai-project\ai\data\processed\skin_type\train\dry\dry_aug_00167.jpg,dry,train_aug
C:\DATN\skin-ai-project\ai\data\processed\skin_type\train\dry\dry_aug_00168.jpg,dry,train_aug
C:\DATN\skin-ai-project\ai\data\processed\skin_type\train\dry\dry_aug_00169.jpg,dry,train_aug
C:\DATN\skin-ai-project\ai\data\processed\skin_type\train\dry\dry_aug_00170.jpg,dry,train_aug
C:\DATN\skin-ai-project\ai\data\processed\skin_type\train\dry\dry_aug_00171.jpg,dry,train_aug
C:\DATN\skin-ai-project\ai\data\processed\skin_type\train\dry\dry_aug_00172.jpg,dry,train_aug
C:\DATN\skin-ai-project\ai\data\processed\skin_type\train\dry\dry_aug_00173.jpg,dry,train_aug
C:\DATN\skin-ai-project\ai\data\processed\skin_type\train\dry\dry_aug_00174.jpg,dry,train_aug
C:\DATN\skin-ai-project\ai\data\processed\skin_type\train\dry\dry_aug_00175.jpg,dry,train_aug
C:\DATN\skin-ai-project\ai\data\processed\skin_type\train\dry\dry_aug_00176.jpg,dry,train_aug
C:\DATN\skin-ai-project\ai\data\processed\skin_type\train\dry\dry_aug_00177.jpg,dry,train_aug
C:\DATN\skin-ai-project\ai\data\processed\skin_type\train\dry\dry_aug_00178.jpg,dry,train_aug
C:\DATN\skin-ai-project\ai\data\processed\skin_type\train\dry\dry_aug_00179.jpg,dry,train_aug
C:\DATN\skin-ai-project\ai\data\processed\skin_type\train\dry\dry_aug_00180.jpg,dry,train_aug
C:\DATN\skin-ai-project\ai\data\processed\skin_type\train\dry\dry_aug_00181.jpg,dry,train_aug
C:\DATN\skin-ai-project\ai\data\processed\skin_type\train\dry\dry_aug_00182.jpg,dry,train_aug
C:\DATN\skin-ai-project\ai\data\processed\skin_type\train\dry\dry_aug_00183.jpg,dry,train_aug
C:\DATN\skin-ai-project\ai\data\processed\skin_type\train\dry\dry_aug_00184.jpg,dry,train_aug
C:\DATN\skin-ai-project\ai\data\processed\skin_type\train\dry\dry_aug_00185.jpg,dry,train_aug
C:\DATN\skin-ai-project\ai\data\processed\skin_type\train\dry\dry_aug_00186.jpg,dry,train_aug
C:\DATN\skin-ai-project\ai\data\processed\skin_type\train\dry\dry_aug_00187.jpg,dry,train_aug
C:\DATN\skin-ai-project\ai\data\processed\skin_type\train\dry\dry_aug_00188.jpg,dry,train_aug
C:\DATN\skin-ai-project\ai\data\processed\skin_type\train\dry\dry_aug_00189.jpg,dry,train_aug
C:\DATN\skin-ai-project\ai\data\processed\skin_type\train\dry\dry_aug_00190.jpg,dry,train_aug
C:\DATN\skin-ai-project\ai\data\processed\skin_type\train\dry\dry_aug_00191.jpg,dry,train_aug
C:\DATN\skin-ai-project\ai\data\processed\skin_type\train\dry\dry_aug_00192.jpg,dry,train_aug
C:\DATN\skin-ai-project\ai\data\processed\skin_type\train\dry\dry_aug_00193.jpg,dry,train_aug
C:\DATN\skin-ai-project\ai\data\processed\skin_type\train\dry\dry_aug_00194.jpg,dry,train_aug
C:\DATN\skin-ai-project\ai\data\processed\skin_type\train\dry\dry_aug_00195.jpg,dry,train_aug
C:\DATN\skin-ai-project\ai\data\processed\skin_type\train\dry\dry_aug_00196.jpg,dry,train_aug
C:\DATN\skin-ai-project\ai\data\processed\skin_type\train\dry\dry_aug_00197.jpg,dry,train_aug
C:\DATN\skin-ai-project\ai\data\processed\skin_type\train\dry\dry_aug_00198.jpg,dry,train_aug
C:\DATN\skin-ai-project\ai\data\processed\skin_type\train\dry\dry_aug_00199.jpg,dry,train_aug
C:\DATN\skin-ai-project\ai\data\processed\skin_type\train\dry\dry_aug_00200.jpg,dry,train_aug
C:\DATN\skin-ai-project\ai\data\processed\skin_type\train\dry\dry_aug_00201.jpg,dry,train_aug
C:\DATN\skin-ai-project\ai\data\processed\skin_type\train\dry\dry_aug_00202.jpg,dry,train_aug
C:\DATN\skin-ai-project\ai\data\processed\skin_type\train\dry\dry_aug_00203.jpg,dry,train_aug
C:\DATN\skin-ai-project\ai\data\processed\skin_type\train\dry\dry_aug_00204.jpg,dry,train_aug
C:\DATN\skin-ai-project\ai\data\processed\skin_type\train\dry\dry_aug_00205.jpg,dry,train_aug
C:\DATN\skin-ai-project\ai\data\processed\skin_type\train\dry\dry_aug_00206.jpg,dry,train_aug
C:\DATN\skin-ai-project\ai\data\processed\skin_type\train\dry\dry_aug_00207.jpg,dry,train_aug
C:\DATN\skin-ai-project\ai\data\processed\skin_type\train\dry\dry_aug_00208.jpg,dry,train_aug
C:\DATN\skin-ai-project\ai\data\processed\skin_type\train\dry\dry_aug_00209.jpg,dry,train_aug
C:\DATN\skin-ai-project\ai\data\processed\skin_type\train\dry\dry_aug_00210.jpg,dry,train_aug
C:\DATN\skin-ai-project\ai\data\processed\skin_type\train\dry\dry_aug_00211.jpg,dry,train_aug
C:\DATN\skin-ai-project\ai\data\processed\skin_type\train\dry\dry_aug_00212.jpg,dry,train_aug
C:\DATN\skin-ai-project\ai\data\processed\skin_type\train\dry\dry_aug_00213.jpg,dry,train_aug
C:\DATN\skin-ai-project\ai\data\processed\skin_type\train\dry\dry_aug_00214.jpg,dry,train_aug
C:\DATN\skin-ai-project\ai\data\processed\skin_type\train\dry\dry_aug_00215.jpg,dry,train_aug
C:\DATN\skin-ai-project\ai\data\processed\skin_type\train\dry\dry_aug_00216.jpg,dry,train_aug
C:\DATN\skin-ai-project\ai\data\processed\skin_type\train\dry\dry_aug_00217.jpg,dry,train_aug
C:\DATN\skin-ai-project\ai\data\processed\skin_type\train\dry\dry_aug_00218.jpg,dry,train_aug
C:\DATN\skin-ai-project\ai\data\processed\skin_type\train\dry\dry_aug_00219.jpg,dry,train_aug
C:\DATN\skin-ai-project\ai\data\processed\skin_type\train\dry\dry_aug_00220.jpg,dry,train_aug
C:\DATN\skin-ai-project\ai\data\processed\skin_type\train\dry\dry_aug_00221.jpg,dry,train_aug
C:\DATN\skin-ai-project\ai\data\processed\skin_type\train\dry\dry_aug_00222.jpg,dry,train_aug
C:\DATN\skin-ai-project\ai\data\processed\skin_type\train\dry\dry_aug_00223.jpg,dry,train_aug
C:\DATN\skin-ai-project\ai\data\processed\skin_type\train\dry\dry_aug_00224.jpg,dry,train_aug
C:\DATN\skin-ai-project\ai\data\processed\skin_type\train\dry\dry_aug_00225.jpg,dry,train_aug
C:\DATN\skin-ai-project\ai\data\processed\skin_type\train\dry\dry_aug_00226.jpg,dry,train_aug
C:\DATN\skin-ai-project\ai\data\processed\skin_type\train\dry\dry_aug_00227.jpg,dry,train_aug
C:\DATN\skin-ai-project\ai\data\processed\skin_type\train\dry\dry_aug_00228.jpg,dry,train_aug
C:\DATN\skin-ai-project\ai\data\processed\skin_type\train\dry\dry_aug_00229.jpg,dry,train_aug
C:\DATN\skin-ai-project\ai\data\processed\skin_type\train\dry\dry_aug_00230.jpg,dry,train_aug
C:\DATN\skin-ai-project\ai\data\processed\skin_type\train\dry\dry_aug_00231.jpg,dry,train_aug
C:\DATN\skin-ai-project\ai\data\processed\skin_type\train\dry\dry_aug_00232.jpg,dry,train_aug
C:\DATN\skin-ai-project\ai\data\processed\skin_type\train\dry\dry_aug_00233.jpg,dry,train_aug
C:\DATN\skin-ai-project\ai\data\processed\skin_type\train\dry\dry_aug_00234.jpg,dry,train_aug
C:\DATN\skin-ai-project\ai\data\processed\skin_type\train\dry\dry_aug_00235.jpg,dry,train_aug
C:\DATN\skin-ai-project\ai\data\processed\skin_type\train\dry\dry_aug_00236.jpg,dry,train_aug
C:\DATN\skin-ai-project\ai\data\processed\skin_type\train\dry\dry_aug_00237.jpg,dry,train_aug
C:\DATN\skin-ai-project\ai\data\processed\skin_type\train\dry\dry_aug_00238.jpg,dry,train_aug
C:\DATN\skin-ai-project\ai\data\processed\skin_type\train\dry\dry_aug_00239.jpg,dry,train_aug
C:\DATN\skin-ai-project\ai\data\processed\skin_type\train\dry\dry_aug_00240.jpg,dry,train_aug
C:\DATN\skin-ai-project\ai\data\processed\skin_type\train\dry\dry_aug_00241.jpg,dry,train_aug
C:\DATN\skin-ai-project\ai\data\processed\skin_type\train\dry\dry_aug_00242.jpg,dry,train_aug
C:\DATN\skin-ai-project\ai\data\processed\skin_type\train\dry\dry_aug_00243.jpg,dry,train_aug
C:\DATN\skin-ai-project\ai\data\processed\skin_type\train\dry\dry_aug_00244.jpg,dry,train_aug
C:\DATN\skin-ai-project\ai\data\processed\skin_type\train\dry\dry_aug_00245.jpg,dry,train_aug
C:\DATN\skin-ai-project\ai\data\processed\skin_type\train\dry\dry_aug_00246.jpg,dry,train_aug
C:\DATN\skin-ai-project\ai\data\processed\skin_type\train\dry\dry_aug_00247.jpg,dry,train_aug
C:\DATN\skin-ai-project\ai\data\processed\skin_type\train\dry\dry_aug_00248.jpg,dry,train_aug
C:\DATN\skin-ai-project\ai\data\processed\skin_type\train\dry\dry_aug_00249.jpg,dry,train_aug
C:\DATN\skin-ai-project\ai\data\processed\skin_type\train\dry\dry_aug_00250.jpg,dry,train_aug
C:\DATN\skin-ai-project\ai\data\processed\skin_type\train\dry\dry_aug_00251.jpg,dry,train_aug
C:\DATN\skin-ai-project\ai\data\processed\skin_type\train\dry\dry_aug_00252.jpg,dry,train_aug
C:\DATN\skin-ai-project\ai\data\processed\skin_type\train\dry\dry_aug_00253.jpg,dry,train_aug
C:\DATN\skin-ai-project\ai\data\processed\skin_type\train\dry\dry_aug_00254.jpg,dry,train_aug
C:\DATN\skin-ai-project\ai\data\processed\skin_type\train\dry\dry_aug_00255.jpg,dry,train_aug
C:\DATN\skin-ai-project\ai\data\processed\skin_type\train\dry\dry_aug_00256.jpg,dry,train_aug
C:\DATN\skin-ai-project\ai\data\processed\skin_type\train\dry\dry_aug_00257.jpg,dry,train_aug
C:\DATN\skin-ai-project\ai\data\processed\skin_type\train\dry\dry_aug_00258.jpg,dry,train_aug
C:\DATN\skin-ai-project\ai\data\processed\skin_type\train\dry\dry_aug_00259.jpg,dry,train_aug
C:\DATN\skin-ai-project\ai\data\processed\skin_type\train\dry\dry_aug_00260.jpg,dry,train_aug
C:\DATN\skin-ai-project\ai\data\processed\skin_type\train\dry\dry_aug_00261.jpg,dry,train_aug
C:\DATN\skin-ai-project\ai\data\processed\skin_type\train\dry\dry_aug_00262.jpg,dry,train_aug
C:\DATN\skin-ai-project\ai\data\processed\skin_type\train\dry\dry_aug_00263.jpg,dry,train_aug
C:\DATN\skin-ai-project\ai\data\processed\skin_type\train\dry\dry_aug_00264.jpg,dry,train_aug
C:\DATN\skin-ai-project\ai\data\processed\skin_type\train\dry\dry_aug_00265.jpg,dry,train_aug
C:\DATN\skin-ai-project\ai\data\processed\skin_type\train\dry\dry_aug_00266.jpg,dry,train_aug
C:\DATN\skin-ai-project\ai\data\processed\skin_type\train\dry\dry_aug_00267.jpg,dry,train_aug
C:\DATN\skin-ai-project\ai\data\processed\skin_type\train\dry\dry_aug_00268.jpg,dry,train_aug
C:\DATN\skin-ai-project\ai\data\processed\skin_type\train\dry\dry_aug_00269.jpg,dry,train_aug
C:\DATN\skin-ai-project\ai\data\processed\skin_type\train\dry\dry_aug_00270.jpg,dry,train_aug
C:\DATN\skin-ai-project\ai\data\processed\skin_type\train\dry\dry_aug_00271.jpg,dry,train_aug
C:\DATN\skin-ai-project\ai\data\processed\skin_type\train\dry\dry_aug_00272.jpg,dry,train_aug
C:\DATN\skin-ai-project\ai\data\processed\skin_type\train\dry\dry_aug_00273.jpg,dry,train_aug
C:\DATN\skin-ai-project\ai\data\processed\skin_type\train\dry\dry_aug_00274.jpg,dry,train_aug
C:\DATN\skin-ai-project\ai\data\processed\skin_type\train\dry\dry_aug_00275.jpg,dry,train_aug
C:\DATN\skin-ai-project\ai\data\processed\skin_type\train\dry\dry_aug_00276.jpg,dry,train_aug
C:\DATN\skin-ai-project\ai\data\processed\skin_type\train\dry\dry_aug_00277.jpg,dry,train_aug
C:\DATN\skin-ai-project\ai\data\processed\skin_type\train\dry\dry_aug_00278.jpg,dry,train_aug
C:\DATN\skin-ai-project\ai\data\processed\skin_type\train\dry\dry_aug_00279.jpg,dry,train_aug
C:\DATN\skin-ai-project\ai\data\processed\skin_type\train\dry\dry_aug_00280.jpg,dry,train_aug
C:\DATN\skin-ai-project\ai\data\processed\skin_type\train\dry\dry_aug_00281.jpg,dry,train_aug
C:\DATN\skin-ai-project\ai\data\processed\skin_type\train\dry\dry_aug_00282.jpg,dry,train_aug
C:\DATN\skin-ai-project\ai\data\processed\skin_type\train\dry\dry_aug_00283.jpg,dry,train_aug
C:\DATN\skin-ai-project\ai\data\processed\skin_type\train\dry\dry_aug_00284.jpg,dry,train_aug
C:\DATN\skin-ai-project\ai\data\processed\skin_type\train\dry\dry_aug_00285.jpg,dry,train_aug
C:\DATN\skin-ai-project\ai\data\processed\skin_type\train\dry\dry_aug_00286.jpg,dry,train_aug
C:\DATN\skin-ai-project\ai\data\processed\skin_type\train\dry\dry_aug_00287.jpg,dry,train_aug
C:\DATN\skin-ai-project\ai\data\processed\skin_type\train\dry\dry_aug_00288.jpg,dry,train_aug
C:\DATN\skin-ai-project\ai\data\processed\skin_type\train\dry\dry_aug_00289.jpg,dry,train_aug
C:\DATN\skin-ai-project\ai\data\processed\skin_type\train\dry\dry_aug_00290.jpg,dry,train_aug
C:\DATN\skin-ai-project\ai\data\processed\skin_type\train\dry\dry_aug_00291.jpg,dry,train_aug
C:\DATN\skin-ai-project\ai\data\processed\skin_type\train\dry\dry_aug_00292.jpg,dry,train_aug
C:\DATN\skin-ai-project\ai\data\processed\skin_type\train\dry\dry_aug_00293.jpg,dry,train_aug
C:\DATN\skin-ai-project\ai\data\processed\skin_type\train\dry\dry_aug_00294.jpg,dry,train_aug
C:\DATN\skin-ai-project\ai\data\processed\skin_type\train\dry\dry_aug_00295.jpg,dry,train_aug
C:\DATN\skin-ai-project\ai\data\processed\skin_type\train\dry\dry_aug_00296.jpg,dry,train_aug
C:\DATN\skin-ai-project\ai\data\processed\skin_type\train\dry\dry_aug_00297.jpg,dry,train_aug
C:\DATN\skin-ai-project\ai\data\processed\skin_type\train\dry\dry_aug_00298.jpg,dry,train_aug
C:\DATN\skin-ai-project\ai\data\processed\skin_type\train\dry\dry_aug_00299.jpg,dry,train_aug
C:\DATN\skin-ai-project\ai\data\processed\skin_type\train\dry\dry_aug_00300.jpg,dry,train_aug
C:\DATN\skin-ai-project\ai\data\processed\skin_type\train\dry\dry_aug_00301.jpg,dry,train_aug
C:\DATN\skin-ai-project\ai\data\processed\skin_type\train\dry\dry_aug_00302.jpg,dry,train_aug
C:\DATN\skin-ai-project\ai\data\processed\skin_type\train\dry\dry_aug_00303.jpg,dry,train_aug
C:\DATN\skin-ai-project\ai\data\processed\skin_type\train\dry\dry_aug_00304.jpg,dry,train_aug
C:\DATN\skin-ai-project\ai\data\processed\skin_type\train\dry\dry_aug_00305.jpg,dry,train_aug
C:\DATN\skin-ai-project\ai\data\processed\skin_type\train\dry\dry_aug_00306.jpg,dry,train_aug
C:\DATN\skin-ai-project\ai\data\processed\skin_type\train\dry\dry_aug_00307.jpg,dry,train_aug
C:\DATN\skin-ai-project\ai\data\processed\skin_type\train\dry\dry_aug_00308.jpg,dry,train_aug
C:\DATN\skin-ai-project\ai\data\processed\skin_type\train\dry\dry_aug_00309.jpg,dry,train_aug
C:\DATN\skin-ai-project\ai\data\processed\skin_type\train\dry\dry_aug_00310.jpg,dry,train_aug
C:\DATN\skin-ai-project\ai\data\processed\skin_type\train\dry\dry_aug_00311.jpg,dry,train_aug
C:\DATN\skin-ai-project\ai\data\processed\skin_type\train\dry\dry_aug_00312.jpg,dry,train_aug
C:\DATN\skin-ai-project\ai\data\processed\skin_type\train\dry\dry_aug_00313.jpg,dry,train_aug
C:\DATN\skin-ai-project\ai\data\processed\skin_type\train\dry\dry_aug_00314.jpg,dry,train_aug
C:\DATN\skin-ai-project\ai\data\processed\skin_type\train\dry\dry_aug_00315.jpg,dry,train_aug
C:\DATN\skin-ai-project\ai\data\processed\skin_type\train\dry\dry_aug_00316.jpg,dry,train_aug
C:\DATN\skin-ai-project\ai\data\processed\skin_type\train\dry\dry_aug_00317.jpg,dry,train_aug
C:\DATN\skin-ai-project\ai\data\processed\skin_type\train\dry\dry_aug_00318.jpg,dry,train_aug
C:\DATN\skin-ai-project\ai\data\processed\skin_type\train\dry\dry_aug_00319.jpg,dry,train_aug
C:\DATN\skin-ai-project\ai\data\processed\skin_type\train\dry\dry_aug_00320.jpg,dry,train_aug
C:\DATN\skin-ai-project\ai\data\processed\skin_type\train\dry\dry_aug_00321.jpg,dry,train_aug
C:\DATN\skin-ai-project\ai\data\processed\skin_type\train\dry\dry_aug_00322.jpg,dry,train_aug
C:\DATN\skin-ai-project\ai\data\processed\skin_type\train\dry\dry_aug_00323.jpg,dry,train_aug
C:\DATN\skin-ai-project\ai\data\processed\skin_type\train\dry\dry_aug_00324.jpg,dry,train_aug
C:\DATN\skin-ai-project\ai\data\processed\skin_type\train\dry\dry_aug_00325.jpg,dry,train_aug
C:\DATN\skin-ai-project\ai\data\processed\skin_type\train\dry\dry_aug_00326.jpg,dry,train_aug
C:\DATN\skin-ai-project\ai\data\processed\skin_type\train\dry\dry_aug_00327.jpg,dry,train_aug
C:\DATN\skin-ai-project\ai\data\processed\skin_type\train\dry\dry_aug_00328.jpg,dry,train_aug
C:\DATN\skin-ai-project\ai\data\processed\skin_type\train\dry\dry_aug_00329.jpg,dry,train_aug
C:\DATN\skin-ai-project\ai\data\processed\skin_type\train\dry\dry_aug_00330.jpg,dry,train_aug
C:\DATN\skin-ai-project\ai\data\processed\skin_type\train\dry\dry_aug_00331.jpg,dry,train_aug
C:\DATN\skin-ai-project\ai\data\processed\skin_type\train\dry\dry_aug_00332.jpg,dry,train_aug
C:\DATN\skin-ai-project\ai\data\processed\skin_type\train\dry\dry_aug_00333.jpg,dry,train_aug
C:\DATN\skin-ai-project\ai\data\processed\skin_type\train\dry\dry_aug_00334.jpg,dry,train_aug
C:\DATN\skin-ai-project\ai\data\processed\skin_type\train\dry\dry_aug_00335.jpg,dry,train_aug
C:\DATN\skin-ai-project\ai\data\processed\skin_type\train\dry\dry_aug_00336.jpg,dry,train_aug
C:\DATN\skin-ai-project\ai\data\processed\skin_type\train\dry\dry_aug_00337.jpg,dry,train_aug
C:\DATN\skin-ai-project\ai\data\processed\skin_type\train\dry\dry_aug_00338.jpg,dry,train_aug
C:\DATN\skin-ai-project\ai\data\processed\skin_type\train\dry\dry_aug_00339.jpg,dry,train_aug
C:\DATN\skin-ai-project\ai\data\processed\skin_type\train\dry\dry_aug_00340.jpg,dry,train_aug
C:\DATN\skin-ai-project\ai\data\processed\skin_type\train\dry\dry_aug_00341.jpg,dry,train_aug
C:\DATN\skin-ai-project\ai\data\processed\skin_type\train\dry\dry_aug_00342.jpg,dry,train_aug
C:\DATN\skin-ai-project\ai\data\processed\skin_type\train\dry\dry_aug_00343.jpg,dry,train_aug
C:\DATN\skin-ai-project\ai\data\processed\skin_type\train\dry\dry_aug_00344.jpg,dry,train_aug
C:\DATN\skin-ai-project\ai\data\processed\skin_type\train\dry\dry_aug_00345.jpg,dry,train_aug
C:\DATN\skin-ai-project\ai\data\processed\skin_type\train\dry\dry_aug_00346.jpg,dry,train_aug
C:\DATN\skin-ai-project\ai\data\processed\skin_type\train\dry\dry_aug_00347.jpg,dry,train_aug
C:\DATN\skin-ai-project\ai\data\processed\skin_type\train\dry\dry_aug_00348.jpg,dry,train_aug
C:\DATN\skin-ai-project\ai\data\processed\skin_type\train\dry\dry_aug_00349.jpg,dry,train_aug
C:\DATN\skin-ai-project\ai\data\processed\skin_type\train\dry\dry_aug_00350.jpg,dry,train_aug
C:\DATN\skin-ai-project\ai\data\processed\skin_type\train\dry\dry_aug_00351.jpg,dry,train_aug
C:\DATN\skin-ai-project\ai\data\processed\skin_type\train\dry\dry_aug_00352.jpg,dry,train_aug
C:\DATN\skin-ai-project\ai\data\processed\skin_type\train\dry\dry_aug_00353.jpg,dry,train_aug
C:\DATN\skin-ai-project\ai\data\processed\skin_type\train\dry\dry_aug_00354.jpg,dry,train_aug
C:\DATN\skin-ai-project\ai\data\processed\skin_type\train\dry\dry_aug_00355.jpg,dry,train_aug
C:\DATN\skin-ai-project\ai\data\processed\skin_type\train\dry\dry_aug_00356.jpg,dry,train_aug
C:\DATN\skin-ai-project\ai\data\processed\skin_type\train\dry\dry_aug_00357.jpg,dry,train_aug
C:\DATN\skin-ai-project\ai\data\processed\skin_type\train\dry\dry_aug_00358.jpg,dry,train_aug
C:\DATN\skin-ai-project\ai\data\processed\skin_type\train\dry\dry_aug_00359.jpg,dry,train_aug
C:\DATN\skin-ai-project\ai\data\processed\skin_type\train\dry\dry_aug_00360.jpg,dry,train_aug
C:\DATN\skin-ai-project\ai\data\processed\skin_type\train\dry\dry_aug_00361.jpg,dry,train_aug
C:\DATN\skin-ai-project\ai\data\processed\skin_type\train\dry\dry_aug_00362.jpg,dry,train_aug
C:\DATN\skin-ai-project\ai\data\processed\skin_type\train\dry\dry_aug_00363.jpg,dry,train_aug
C:\DATN\skin-ai-project\ai\data\processed\skin_type\train\dry\dry_aug_00364.jpg,dry,train_aug
C:\DATN\skin-ai-project\ai\data\processed\skin_type\train\dry\dry_aug_00365.jpg,dry,train_aug
C:\DATN\skin-ai-project\ai\data\processed\skin_type\train\dry\dry_aug_00366.jpg,dry,train_aug
C:\DATN\skin-ai-project\ai\data\processed\skin_type\train\dry\dry_aug_00367.jpg,dry,train_aug
C:\DATN\skin-ai-project\ai\data\processed\skin_type\train\dry\dry_aug_00368.jpg,dry,train_aug
C:\DATN\skin-ai-project\ai\data\processed\skin_type\train\dry\dry_aug_00369.jpg,dry,train_aug
C:\DATN\skin-ai-project\ai\data\processed\skin_type\train\dry\dry_aug_00370.jpg,dry,train_aug
C:\DATN\skin-ai-project\ai\data\processed\skin_type\train\dry\dry_aug_00371.jpg,dry,train_aug
C:\DATN\skin-ai-project\ai\data\processed\skin_type\train\dry\dry_aug_00372.jpg,dry,train_aug
C:\DATN\skin-ai-project\ai\data\processed\skin_type\train\dry\dry_aug_00373.jpg,dry,train_aug
C:\DATN\skin-ai-project\ai\data\processed\skin_type\train\dry\dry_aug_00374.jpg,dry,train_aug
C:\DATN\skin-ai-project\ai\data\processed\skin_type\train\dry\dry_aug_00375.jpg,dry,train_aug
C:\DATN\skin-ai-project\ai\data\processed\skin_type\train\dry\dry_aug_00376.jpg,dry,train_aug
C:\DATN\skin-ai-project\ai\data\processed\skin_type\train\dry\dry_aug_00377.jpg,dry,train_aug
C:\DATN\skin-ai-project\ai\data\processed\skin_type\train\dry\dry_aug_00378.jpg,dry,train_aug
C:\DATN\skin-ai-project\ai\data\processed\skin_type\train\dry\dry_aug_00379.jpg,dry,train_aug
C:\DATN\skin-ai-project\ai\data\processed\skin_type\train\dry\dry_aug_00380.jpg,dry,train_aug
C:\DATN\skin-ai-project\ai\data\processed\skin_type\train\dry\dry_aug_00381.jpg,dry,train_aug
C:\DATN\skin-ai-project\ai\data\processed\skin_type\train\dry\dry_aug_00382.jpg,dry,train_aug
C:\DATN\skin-ai-project\ai\data\processed\skin_type\train\dry\dry_aug_00383.jpg,dry,train_aug
C:\DATN\skin-ai-project\ai\data\processed\skin_type\train\dry\dry_aug_00384.jpg,dry,train_aug
C:\DATN\skin-ai-project\ai\data\processed\skin_type\train\dry\dry_aug_00385.jpg,dry,train_aug
C:\DATN\skin-ai-project\ai\data\processed\skin_type\train\dry\dry_aug_00386.jpg,dry,train_aug
C:\DATN\skin-ai-project\ai\data\processed\skin_type\train\dry\dry_aug_00387.jpg,dry,train_aug
C:\DATN\skin-ai-project\ai\data\processed\skin_type\train\dry\dry_aug_00388.jpg,dry,train_aug
C:\DATN\skin-ai-project\ai\data\processed\skin_type\train\dry\dry_aug_00389.jpg,dry,train_aug
C:\DATN\skin-ai-project\ai\data\processed\skin_type\train\dry\dry_aug_00390.jpg,dry,train_aug
C:\DATN\skin-ai-project\ai\data\processed\skin_type\train\dry\dry_aug_00391.jpg,dry,train_aug
C:\DATN\skin-ai-project\ai\data\processed\skin_type\train\dry\dry_aug_00392.jpg,dry,train_aug
C:\DATN\skin-ai-project\ai\data\processed\skin_type\train\dry\dry_aug_00393.jpg,dry,train_aug
C:\DATN\skin-ai-project\ai\data\processed\skin_type\train\dry\dry_aug_00394.jpg,dry,train_aug
C:\DATN\skin-ai-project\ai\data\processed\skin_type\train\dry\dry_aug_00395.jpg,dry,train_aug
C:\DATN\skin-ai-project\ai\data\processed\skin_type\train\dry\dry_aug_00396.jpg,dry,train_aug
C:\DATN\skin-ai-project\ai\data\processed\skin_type\train\dry\dry_aug_00397.jpg,dry,train_aug
C:\DATN\skin-ai-project\ai\data\processed\skin_type\train\dry\dry_aug_00398.jpg,dry,train_aug
C:\DATN\skin-ai-project\ai\data\processed\skin_type\train\dry\dry_aug_00399.jpg,dry,train_aug
C:\DATN\skin-ai-project\ai\data\processed\skin_type\train\dry\dry_aug_00400.jpg,dry,train_aug
C:\DATN\skin-ai-project\ai\data\processed\skin_type\train\dry\dry_aug_00401.jpg,dry,train_aug
C:\DATN\skin-ai-project\ai\data\processed\skin_type\train\dry\dry_aug_00402.jpg,dry,train_aug
C:\DATN\skin-ai-project\ai\data\processed\skin_type\train\dry\dry_aug_00403.jpg,dry,train_aug
C:\DATN\skin-ai-project\ai\data\processed\skin_type\train\dry\dry_aug_00404.jpg,dry,train_aug
C:\DATN\skin-ai-project\ai\data\processed\skin_type\train\dry\dry_aug_00405.jpg,dry,train_aug
C:\DATN\skin-ai-project\ai\data\processed\skin_type\train\dry\dry_aug_00406.jpg,dry,train_aug
C:\DATN\skin-ai-project\ai\data\processed\skin_type\train\dry\dry_aug_00407.jpg,dry,train_aug
C:\DATN\skin-ai-project\ai\data\processed\skin_type\train\dry\dry_aug_00408.jpg,dry,train_aug
C:\DATN\skin-ai-project\ai\data\processed\skin_type\train\dry\dry_aug_00409.jpg,dry,train_aug
C:\DATN\skin-ai-project\ai\data\processed\skin_type\train\dry\dry_aug_00410.jpg,dry,train_aug
C:\DATN\skin-ai-project\ai\data\processed\skin_type\train\dry\dry_aug_00411.jpg,dry,train_aug
C:\DATN\skin-ai-project\ai\data\processed\skin_type\train\dry\dry_aug_00412.jpg,dry,train_aug
C:\DATN\skin-ai-project\ai\data\processed\skin_type\train\dry\dry_aug_00413.jpg,dry,train_aug
C:\DATN\skin-ai-project\ai\data\processed\skin_type\train\dry\dry_aug_00414.jpg,dry,train_aug
C:\DATN\skin-ai-project\ai\data\processed\skin_type\train\dry\dry_aug_00415.jpg,dry,train_aug
C:\DATN\skin-ai-project\ai\data\processed\skin_type\train\dry\dry_aug_00416.jpg,dry,train_aug
C:\DATN\skin-ai-project\ai\data\processed\skin_type\train\dry\dry_aug_00417.jpg,dry,train_aug
C:\DATN\skin-ai-project\ai\data\processed\skin_type\train\dry\dry_aug_00418.jpg,dry,train_aug
C:\DATN\skin-ai-project\ai\data\processed\skin_type\train\dry\dry_aug_00419.jpg,dry,train_aug
C:\DATN\skin-ai-project\ai\data\processed\skin_type\train\dry\dry_aug_00420.jpg,dry,train_aug
C:\DATN\skin-ai-project\ai\data\processed\skin_type\train\dry\dry_aug_00421.jpg,dry,train_aug
C:\DATN\skin-ai-project\ai\data\processed\skin_type\train\dry\dry_aug_00422.jpg,dry,train_aug
C:\DATN\skin-ai-project\ai\data\processed\skin_type\train\dry\dry_aug_00423.jpg,dry,train_aug
C:\DATN\skin-ai-project\ai\data\processed\skin_type\train\dry\dry_aug_00424.jpg,dry,train_aug
C:\DATN\skin-ai-project\ai\data\processed\skin_type\train\dry\dry_aug_00425.jpg,dry,train_aug
C:\DATN\skin-ai-project\ai\data\processed\skin_type\train\dry\dry_aug_00426.jpg,dry,train_aug
C:\DATN\skin-ai-project\ai\data\processed\skin_type\train\dry\dry_aug_00427.jpg,dry,train_aug
C:\DATN\skin-ai-project\ai\data\processed\skin_type\train\dry\dry_aug_00428.jpg,dry,train_aug
C:\DATN\skin-ai-project\ai\data\processed\skin_type\train\dry\dry_aug_00429.jpg,dry,train_aug
C:\DATN\skin-ai-project\ai\data\processed\skin_type\train\dry\dry_aug_00430.jpg,dry,train_aug
C:\DATN\skin-ai-project\ai\data\processed\skin_type\train\dry\dry_aug_00431.jpg,dry,train_aug
C:\DATN\skin-ai-project\ai\data\processed\skin_type\train\dry\dry_aug_00432.jpg,dry,train_aug
C:\DATN\skin-ai-project\ai\data\processed\skin_type\train\dry\dry_aug_00433.jpg,dry,train_aug
C:\DATN\skin-ai-project\ai\data\processed\skin_type\train\dry\dry_aug_00434.jpg,dry,train_aug
C:\DATN\skin-ai-project\ai\data\processed\skin_type\train\dry\dry_aug_00435.jpg,dry,train_aug
C:\DATN\skin-ai-project\ai\data\processed\skin_type\train\dry\dry_aug_00436.jpg,dry,train_aug
C:\DATN\skin-ai-project\ai\data\processed\skin_type\train\dry\dry_aug_00437.jpg,dry,train_aug
C:\DATN\skin-ai-project\ai\data\processed\skin_type\train\dry\dry_aug_00438.jpg,dry,train_aug
C:\DATN\skin-ai-project\ai\data\processed\skin_type\train\dry\dry_aug_00439.jpg,dry,train_aug
C:\DATN\skin-ai-project\ai\data\processed\skin_type\train\dry\dry_aug_00440.jpg,dry,train_aug
C:\DATN\skin-ai-project\ai\data\processed\skin_type\train\dry\dry_aug_00441.jpg,dry,train_aug
C:\DATN\skin-ai-project\ai\data\processed\skin_type\train\dry\dry_aug_00442.jpg,dry,train_aug
C:\DATN\skin-ai-project\ai\data\processed\skin_type\train\dry\dry_aug_00443.jpg,dry,train_aug
C:\DATN\skin-ai-project\ai\data\processed\skin_type\train\dry\dry_aug_00444.jpg,dry,train_aug
C:\DATN\skin-ai-project\ai\data\processed\skin_type\train\dry\dry_aug_00445.jpg,dry,train_aug
C:\DATN\skin-ai-project\ai\data\processed\skin_type\train\dry\dry_aug_00446.jpg,dry,train_aug
C:\DATN\skin-ai-project\ai\data\processed\skin_type\train\dry\dry_aug_00447.jpg,dry,train_aug
C:\DATN\skin-ai-project\ai\data\processed\skin_type\train\dry\dry_aug_00448.jpg,dry,train_aug
C:\DATN\skin-ai-project\ai\data\processed\skin_type\train\dry\dry_aug_00449.jpg,dry,train_aug
C:\DATN\skin-ai-project\ai\data\processed\skin_type\train\dry\dry_aug_00450.jpg,dry,train_aug
C:\DATN\skin-ai-project\ai\data\processed\skin_type\train\dry\dry_aug_00451.jpg,dry,train_aug
C:\DATN\skin-ai-project\ai\data\processed\skin_type\train\dry\dry_aug_00452.jpg,dry,train_aug
C:\DATN\skin-ai-project\ai\data\processed\skin_type\train\dry\dry_aug_00453.jpg,dry,train_aug
C:\DATN\skin-ai-project\ai\data\processed\skin_type\train\dry\dry_aug_00454.jpg,dry,train_aug
C:\DATN\skin-ai-project\ai\data\processed\skin_type\train\dry\dry_aug_00455.jpg,dry,train_aug
C:\DATN\skin-ai-project\ai\data\processed\skin_type\train\dry\dry_aug_00456.jpg,dry,train_aug
C:\DATN\skin-ai-project\ai\data\processed\skin_type\train\dry\dry_aug_00457.jpg,dry,train_aug
C:\DATN\skin-ai-project\ai\data\processed\skin_type\train\dry\dry_aug_00458.jpg,dry,train_aug
C:\DATN\skin-ai-project\ai\data\processed\skin_type\train\dry\dry_aug_00459.jpg,dry,train_aug
C:\DATN\skin-ai-project\ai\data\processed\skin_type\train\dry\dry_aug_00460.jpg,dry,train_aug
C:\DATN\skin-ai-project\ai\data\processed\skin_type\train\dry\dry_aug_00461.jpg,dry,train_aug
C:\DATN\skin-ai-project\ai\data\processed\skin_type\train\dry\dry_aug_00462.jpg,dry,train_aug
C:\DATN\skin-ai-project\ai\data\processed\skin_type\train\dry\dry_aug_00463.jpg,dry,train_aug
C:\DATN\skin-ai-project\ai\data\processed\skin_type\train\dry\dry_aug_00464.jpg,dry,train_aug
C:\DATN\skin-ai-project\ai\data\processed\skin_type\train\dry\dry_aug_00465.jpg,dry,train_aug
C:\DATN\skin-ai-project\ai\data\processed\skin_type\train\dry\dry_aug_00466.jpg,dry,train_aug
C:\DATN\skin-ai-project\ai\data\processed\skin_type\train\dry\dry_aug_00467.jpg,dry,train_aug
C:\DATN\skin-ai-project\ai\data\processed\skin_type\train\dry\dry_aug_00468.jpg,dry,train_aug
C:\DATN\skin-ai-project\ai\data\processed\skin_type\train\dry\dry_aug_00469.jpg,dry,train_aug
C:\DATN\skin-ai-project\ai\data\processed\skin_type\train\dry\dry_aug_00470.jpg,dry,train_aug
C:\DATN\skin-ai-project\ai\data\processed\skin_type\train\dry\dry_aug_00471.jpg,dry,train_aug
C:\DATN\skin-ai-project\ai\data\processed\skin_type\train\dry\dry_aug_00472.jpg,dry,train_aug
C:\DATN\skin-ai-project\ai\data\processed\skin_type\train\dry\dry_aug_00473.jpg,dry,train_aug
C:\DATN\skin-ai-project\ai\data\processed\skin_type\train\dry\dry_aug_00474.jpg,dry,train_aug
C:\DATN\skin-ai-project\ai\data\processed\skin_type\train\dry\dry_aug_00475.jpg,dry,train_aug
C:\DATN\skin-ai-project\ai\data\processed\skin_type\train\dry\dry_aug_00476.jpg,dry,train_aug
C:\DATN\skin-ai-project\ai\data\processed\skin_type\train\dry\dry_aug_00477.jpg,dry,train_aug
C:\DATN\skin-ai-project\ai\data\processed\skin_type\train\dry\dry_aug_00478.jpg,dry,train_aug
C:\DATN\skin-ai-project\ai\data\processed\skin_type\train\dry\dry_aug_00479.jpg,dry,train_aug
C:\DATN\skin-ai-project\ai\data\processed\skin_type\train\dry\dry_aug_00480.jpg,dry,train_aug
C:\DATN\skin-ai-project\ai\data\processed\skin_type\train\dry\dry_aug_00481.jpg,dry,train_aug
C:\DATN\skin-ai-project\ai\data\processed\skin_type\train\dry\dry_aug_00482.jpg,dry,train_aug
C:\DATN\skin-ai-project\ai\data\processed\skin_type\train\dry\dry_aug_00483.jpg,dry,train_aug
C:\DATN\skin-ai-project\ai\data\processed\skin_type\train\dry\dry_aug_00484.jpg,dry,train_aug
C:\DATN\skin-ai-project\ai\data\processed\skin_type\train\dry\dry_aug_00485.jpg,dry,train_aug
C:\DATN\skin-ai-project\ai\data\processed\skin_type\train\dry\dry_aug_00486.jpg,dry,train_aug
C:\DATN\skin-ai-project\ai\data\processed\skin_type\train\dry\dry_aug_00487.jpg,dry,train_aug
C:\DATN\skin-ai-project\ai\data\processed\skin_type\train\dry\dry_aug_00488.jpg,dry,train_aug
C:\DATN\skin-ai-project\ai\data\processed\skin_type\train\dry\dry_aug_00489.jpg,dry,train_aug
C:\DATN\skin-ai-project\ai\data\processed\skin_type\train\dry\dry_aug_00490.jpg,dry,train_aug
C:\DATN\skin-ai-project\ai\data\processed\skin_type\train\dry\dry_aug_00491.jpg,dry,train_aug
C:\DATN\skin-ai-project\ai\data\processed\skin_type\train\dry\dry_aug_00492.jpg,dry,train_aug
C:\DATN\skin-ai-project\ai\data\processed\skin_type\train\dry\dry_aug_00493.jpg,dry,train_aug
C:\DATN\skin-ai-project\ai\data\processed\skin_type\train\dry\dry_aug_00494.jpg,dry,train_aug
C:\DATN\skin-ai-project\ai\data\processed\skin_type\train\dry\dry_aug_00495.jpg,dry,train_aug
C:\DATN\skin-ai-project\ai\data\processed\skin_type\train\dry\dry_aug_00496.jpg,dry,train_aug
C:\DATN\skin-ai-project\ai\data\processed\skin_type\train\dry\dry_aug_00497.jpg,dry,train_aug
C:\DATN\skin-ai-project\ai\data\processed\skin_type\train\dry\dry_aug_00498.jpg,dry,train_aug
C:\DATN\skin-ai-project\ai\data\processed\skin_type\train\dry\dry_aug_00499.jpg,dry,train_aug
C:\DATN\skin-ai-project\ai\data\processed\skin_type\train\dry\dry_aug_00500.jpg,dry,train_aug
C:\DATN\skin-ai-project\ai\data\processed\skin_type\train\dry\dry_aug_00501.jpg,dry,train_aug
C:\DATN\skin-ai-project\ai\data\processed\skin_type\train\dry\dry_aug_00502.jpg,dry,train_aug
C:\DATN\skin-ai-project\ai\data\processed\skin_type\train\dry\dry_aug_00503.jpg,dry,train_aug
C:\DATN\skin-ai-project\ai\data\processed\skin_type\train\dry\dry_aug_00504.jpg,dry,train_aug
C:\DATN\skin-ai-project\ai\data\processed\skin_type\train\dry\dry_aug_00505.jpg,dry,train_aug
C:\DATN\skin-ai-project\ai\data\processed\skin_type\train\dry\dry_aug_00506.jpg,dry,train_aug
C:\DATN\skin-ai-project\ai\data\processed\skin_type\train\dry\dry_aug_00507.jpg,dry,train_aug
C:\DATN\skin-ai-project\ai\data\processed\skin_type\train\dry\dry_aug_00508.jpg,dry,train_aug
C:\DATN\skin-ai-project\ai\data\processed\skin_type\train\dry\dry_aug_00509.jpg,dry,train_aug
C:\DATN\skin-ai-project\ai\data\processed\skin_type\train\dry\dry_aug_00510.jpg,dry,train_aug
C:\DATN\skin-ai-project\ai\data\processed\skin_type\train\dry\dry_aug_00511.jpg,dry,train_aug
C:\DATN\skin-ai-project\ai\data\processed\skin_type\train\dry\dry_aug_00512.jpg,dry,train_aug
C:\DATN\skin-ai-project\ai\data\processed\skin_type\train\dry\dry_aug_00513.jpg,dry,train_aug
C:\DATN\skin-ai-project\ai\data\processed\skin_type\train\dry\dry_aug_00514.jpg,dry,train_aug
C:\DATN\skin-ai-project\ai\data\processed\skin_type\train\dry\dry_aug_00515.jpg,dry,train_aug
C:\DATN\skin-ai-project\ai\data\processed\skin_type\train\dry\dry_aug_00516.jpg,dry,train_aug
C:\DATN\skin-ai-project\ai\data\processed\skin_type\train\dry\dry_aug_00517.jpg,dry,train_aug
C:\DATN\skin-ai-project\ai\data\processed\skin_type\train\dry\dry_aug_00518.jpg,dry,train_aug
C:\DATN\skin-ai-project\ai\data\processed\skin_type\train\dry\dry_aug_00519.jpg,dry,train_aug
C:\DATN\skin-ai-project\ai\data\processed\skin_type\train\dry\dry_aug_00520.jpg,dry,train_aug
C:\DATN\skin-ai-project\ai\data\processed\skin_type\train\dry\dry_aug_00521.jpg,dry,train_aug
C:\DATN\skin-ai-project\ai\data\processed\skin_type\train\dry\dry_aug_00522.jpg,dry,train_aug
C:\DATN\skin-ai-project\ai\data\processed\skin_type\train\dry\dry_aug_00523.jpg,dry,train_aug
C:\DATN\skin-ai-project\ai\data\processed\skin_type\train\dry\dry_aug_00524.jpg,dry,train_aug
C:\DATN\skin-ai-project\ai\data\processed\skin_type\train\dry\dry_aug_00525.jpg,dry,train_aug
C:\DATN\skin-ai-project\ai\data\processed\skin_type\train\dry\dry_aug_00526.jpg,dry,train_aug
C:\DATN\skin-ai-project\ai\data\processed\skin_type\train\dry\dry_aug_00527.jpg,dry,train_aug
C:\DATN\skin-ai-project\ai\data\processed\skin_type\train\dry\dry_aug_00528.jpg,dry,train_aug
C:\DATN\skin-ai-project\ai\data\processed\skin_type\train\dry\dry_aug_00529.jpg,dry,train_aug
C:\DATN\skin-ai-project\ai\data\processed\skin_type\train\dry\dry_aug_00530.jpg,dry,train_aug
C:\DATN\skin-ai-project\ai\data\processed\skin_type\train\dry\dry_aug_00531.jpg,dry,train_aug
C:\DATN\skin-ai-project\ai\data\processed\skin_type\train\dry\dry_aug_00532.jpg,dry,train_aug
C:\DATN\skin-ai-project\ai\data\processed\skin_type\train\dry\dry_aug_00533.jpg,dry,train_aug
C:\DATN\skin-ai-project\ai\data\processed\skin_type\train\dry\dry_aug_00534.jpg,dry,train_aug
C:\DATN\skin-ai-project\ai\data\processed\skin_type\train\dry\dry_aug_00535.jpg,dry,train_aug
C:\DATN\skin-ai-project\ai\data\processed\skin_type\train\dry\dry_aug_00536.jpg,dry,train_aug
C:\DATN\skin-ai-project\ai\data\processed\skin_type\train\dry\dry_aug_00537.jpg,dry,train_aug
C:\DATN\skin-ai-project\ai\data\processed\skin_type\train\dry\dry_aug_00538.jpg,dry,train_aug
C:\DATN\skin-ai-project\ai\data\processed\skin_type\train\dry\dry_aug_00539.jpg,dry,train_aug
C:\DATN\skin-ai-project\ai\data\processed\skin_type\train\dry\dry_aug_00540.jpg,dry,train_aug
C:\DATN\skin-ai-project\ai\data\processed\skin_type\train\dry\dry_aug_00541.jpg,dry,train_aug
C:\DATN\skin-ai-project\ai\data\processed\skin_type\train\dry\dry_aug_00542.jpg,dry,train_aug
C:\DATN\skin-ai-project\ai\data\processed\skin_type\train\dry\dry_aug_00543.jpg,dry,train_aug
C:\DATN\skin-ai-project\ai\data\processed\skin_type\train\dry\dry_aug_00544.jpg,dry,train_aug
C:\DATN\skin-ai-project\ai\data\processed\skin_type\train\dry\dry_aug_00545.jpg,dry,train_aug
C:\DATN\skin-ai-project\ai\data\processed\skin_type\train\dry\dry_aug_00546.jpg,dry,train_aug
C:\DATN\skin-ai-project\ai\data\processed\skin_type\train\dry\dry_aug_00547.jpg,dry,train_aug
C:\DATN\skin-ai-project\ai\data\processed\skin_type\train\dry\dry_aug_00548.jpg,dry,train_aug
C:\DATN\skin-ai-project\ai\data\processed\skin_type\train\dry\dry_aug_00549.jpg,dry,train_aug
C:\DATN\skin-ai-project\ai\data\processed\skin_type\train\dry\dry_aug_00550.jpg,dry,train_aug
C:\DATN\skin-ai-project\ai\data\processed\skin_type\train\dry\dry_aug_00551.jpg,dry,train_aug
C:\DATN\skin-ai-project\ai\data\processed\skin_type\train\dry\dry_aug_00552.jpg,dry,train_aug
C:\DATN\skin-ai-project\ai\data\processed\skin_type\train\dry\dry_aug_00553.jpg,dry,train_aug
C:\DATN\skin-ai-project\ai\data\processed\skin_type\train\dry\dry_aug_00554.jpg,dry,train_aug
C:\DATN\skin-ai-project\ai\data\processed\skin_type\train\dry\dry_aug_00555.jpg,dry,train_aug
C:\DATN\skin-ai-project\ai\data\processed\skin_type\train\dry\dry_aug_00556.jpg,dry,train_aug
C:\DATN\skin-ai-project\ai\data\processed\skin_type\train\dry\dry_aug_00557.jpg,dry,train_aug
C:\DATN\skin-ai-project\ai\data\processed\skin_type\train\dry\dry_aug_00558.jpg,dry,train_aug
C:\DATN\skin-ai-project\ai\data\processed\skin_type\train\dry\dry_aug_00559.jpg,dry,train_aug
C:\DATN\skin-ai-project\ai\data\processed\skin_type\train\dry\dry_aug_00560.jpg,dry,train_aug
C:\DATN\skin-ai-project\ai\data\processed\skin_type\train\dry\dry_aug_00561.jpg,dry,train_aug
C:\DATN\skin-ai-project\ai\data\processed\skin_type\train\dry\dry_aug_00562.jpg,dry,train_aug
C:\DATN\skin-ai-project\ai\data\processed\skin_type\train\dry\dry_aug_00563.jpg,dry,train_aug
C:\DATN\skin-ai-project\ai\data\processed\skin_type\train\dry\dry_aug_00564.jpg,dry,train_aug
C:\DATN\skin-ai-project\ai\data\processed\skin_type\train\dry\dry_aug_00565.jpg,dry,train_aug
C:\DATN\skin-ai-project\ai\data\processed\skin_type\train\dry\dry_aug_00566.jpg,dry,train_aug
C:\DATN\skin-ai-project\ai\data\processed\skin_type\train\dry\dry_aug_00567.jpg,dry,train_aug
C:\DATN\skin-ai-project\ai\data\processed\skin_type\train\dry\dry_aug_00568.jpg,dry,train_aug
C:\DATN\skin-ai-project\ai\data\processed\skin_type\train\dry\dry_aug_00569.jpg,dry,train_aug
C:\DATN\skin-ai-project\ai\data\processed\skin_type\train\dry\dry_aug_00570.jpg,dry,train_aug
C:\DATN\skin-ai-project\ai\data\processed\skin_type\train\dry\dry_aug_00571.jpg,dry,train_aug
C:\DATN\skin-ai-project\ai\data\processed\skin_type\train\dry\dry_aug_00572.jpg,dry,train_aug
C:\DATN\skin-ai-project\ai\data\processed\skin_type\train\dry\dry_aug_00573.jpg,dry,train_aug
C:\DATN\skin-ai-project\ai\data\processed\skin_type\train\dry\dry_aug_00574.jpg,dry,train_aug
C:\DATN\skin-ai-project\ai\data\processed\skin_type\train\dry\dry_aug_00575.jpg,dry,train_aug
C:\DATN\skin-ai-project\ai\data\processed\skin_type\train\dry\dry_aug_00576.jpg,dry,train_aug
C:\DATN\skin-ai-project\ai\data\processed\skin_type\train\dry\dry_aug_00577.jpg,dry,train_aug
C:\DATN\skin-ai-project\ai\data\processed\skin_type\train\dry\dry_aug_00578.jpg,dry,train_aug
C:\DATN\skin-ai-project\ai\data\processed\skin_type\train\dry\dry_aug_00579.jpg,dry,train_aug
C:\DATN\skin-ai-project\ai\data\processed\skin_type\train\dry\dry_aug_00580.jpg,dry,train_aug
C:\DATN\skin-ai-project\ai\data\processed\skin_type\train\dry\dry_aug_00581.jpg,dry,train_aug
C:\DATN\skin-ai-project\ai\data\processed\skin_type\train\dry\dry_aug_00582.jpg,dry,train_aug
C:\DATN\skin-ai-project\ai\data\processed\skin_type\train\dry\dry_aug_00583.jpg,dry,train_aug
C:\DATN\skin-ai-project\ai\data\processed\skin_type\train\dry\dry_aug_00584.jpg,dry,train_aug
C:\DATN\skin-ai-project\ai\data\processed\skin_type\train\dry\dry_aug_00585.jpg,dry,train_aug
C:\DATN\skin-ai-project\ai\data\processed\skin_type\train\dry\dry_aug_00586.jpg,dry,train_aug
C:\DATN\skin-ai-project\ai\data\processed\skin_type\train\dry\dry_aug_00587.jpg,dry,train_aug
C:\DATN\skin-ai-project\ai\data\processed\skin_type\train\dry\dry_aug_00588.jpg,dry,train_aug
C:\DATN\skin-ai-project\ai\data\processed\skin_type\train\dry\dry_aug_00589.jpg,dry,train_aug
C:\DATN\skin-ai-project\ai\data\processed\skin_type\train\dry\dry_aug_00590.jpg,dry,train_aug
C:\DATN\skin-ai-project\ai\data\processed\skin_type\train\dry\dry_aug_00591.jpg,dry,train_aug
C:\DATN\skin-ai-project\ai\data\processed\skin_type\train\dry\dry_aug_00592.jpg,dry,train_aug
C:\DATN\skin-ai-project\ai\data\processed\skin_type\train\dry\dry_aug_00593.jpg,dry,train_aug
C:\DATN\skin-ai-project\ai\data\processed\skin_type\train\dry\dry_aug_00594.jpg,dry,train_aug
C:\DATN\skin-ai-project\ai\data\processed\skin_type\train\dry\dry_aug_00595.jpg,dry,train_aug
C:\DATN\skin-ai-project\ai\data\processed\skin_type\train\dry\dry_aug_00596.jpg,dry,train_aug
C:\DATN\skin-ai-project\ai\data\processed\skin_type\train\dry\dry_aug_00597.jpg,dry,train_aug
C:\DATN\skin-ai-project\ai\data\processed\skin_type\train\dry\dry_aug_00598.jpg,dry,train_aug
C:\DATN\skin-ai-project\ai\data\processed\skin_type\train\dry\dry_aug_00599.jpg,dry,train_aug
C:\DATN\skin-ai-project\ai\data\processed\skin_type\train\dry\dry_aug_00600.jpg,dry,train_aug
C:\DATN\skin-ai-project\ai\data\processed\skin_type\train\dry\dry_aug_00601.jpg,dry,train_aug
C:\DATN\skin-ai-project\ai\data\processed\skin_type\train\dry\dry_aug_00602.jpg,dry,train_aug
C:\DATN\skin-ai-project\ai\data\processed\skin_type\train\dry\dry_aug_00603.jpg,dry,train_aug
C:\DATN\skin-ai-project\ai\data\processed\skin_type\train\dry\dry_aug_00604.jpg,dry,train_aug
C:\DATN\skin-ai-project\ai\data\processed\skin_type\train\dry\dry_aug_00605.jpg,dry,train_aug
C:\DATN\skin-ai-project\ai\data\processed\skin_type\train\dry\dry_aug_00606.jpg,dry,train_aug
C:\DATN\skin-ai-project\ai\data\processed\skin_type\train\dry\dry_aug_00607.jpg,dry,train_aug
C:\DATN\skin-ai-project\ai\data\processed\skin_type\train\dry\dry_aug_00608.jpg,dry,train_aug
C:\DATN\skin-ai-project\ai\data\processed\skin_type\train\dry\dry_aug_00609.jpg,dry,train_aug
C:\DATN\skin-ai-project\ai\data\processed\skin_type\train\dry\dry_aug_00610.jpg,dry,train_aug
C:\DATN\skin-ai-project\ai\data\processed\skin_type\train\dry\dry_aug_00611.jpg,dry,train_aug
C:\DATN\skin-ai-project\ai\data\processed\skin_type\train\dry\dry_aug_00612.jpg,dry,train_aug
C:\DATN\skin-ai-project\ai\data\processed\skin_type\train\dry\dry_aug_00613.jpg,dry,train_aug
C:\DATN\skin-ai-project\ai\data\processed\skin_type\train\dry\dry_aug_00614.jpg,dry,train_aug
C:\DATN\skin-ai-project\ai\data\processed\skin_type\train\dry\dry_aug_00615.jpg,dry,train_aug
C:\DATN\skin-ai-project\ai\data\processed\skin_type\train\dry\dry_aug_00616.jpg,dry,train_aug
C:\DATN\skin-ai-project\ai\data\processed\skin_type\train\dry\dry_aug_00617.jpg,dry,train_aug
C:\DATN\skin-ai-project\ai\data\processed\skin_type\train\dry\dry_aug_00618.jpg,dry,train_aug
C:\DATN\skin-ai-project\ai\data\processed\skin_type\train\dry\dry_aug_00619.jpg,dry,train_aug
C:\DATN\skin-ai-project\ai\data\processed\skin_type\train\dry\dry_aug_00620.jpg,dry,train_aug
C:\DATN\skin-ai-project\ai\data\processed\skin_type\train\dry\dry_aug_00621.jpg,dry,train_aug
C:\DATN\skin-ai-project\ai\data\processed\skin_type\train\dry\dry_aug_00622.jpg,dry,train_aug
C:\DATN\skin-ai-project\ai\data\processed\skin_type\train\dry\dry_aug_00623.jpg,dry,train_aug
C:\DATN\skin-ai-project\ai\data\processed\skin_type\train\dry\dry_aug_00624.jpg,dry,train_aug
C:\DATN\skin-ai-project\ai\data\processed\skin_type\train\dry\dry_aug_00625.jpg,dry,train_aug
C:\DATN\skin-ai-project\ai\data\processed\skin_type\train\dry\dry_aug_00626.jpg,dry,train_aug
C:\DATN\skin-ai-project\ai\data\processed\skin_type\train\dry\dry_aug_00627.jpg,dry,train_aug
C:\DATN\skin-ai-project\ai\data\processed\skin_type\train\dry\dry_aug_00628.jpg,dry,train_aug
C:\DATN\skin-ai-project\ai\data\processed\skin_type\train\dry\dry_aug_00629.jpg,dry,train_aug
C:\DATN\skin-ai-project\ai\data\processed\skin_type\train\dry\dry_aug_00630.jpg,dry,train_aug
C:\DATN\skin-ai-project\ai\data\processed\skin_type\train\dry\dry_aug_00631.jpg,dry,train_aug
C:\DATN\skin-ai-project\ai\data\processed\skin_type\train\dry\dry_aug_00632.jpg,dry,train_aug
C:\DATN\skin-ai-project\ai\data\processed\skin_type\train\dry\dry_aug_00633.jpg,dry,train_aug
C:\DATN\skin-ai-project\ai\data\processed\skin_type\train\dry\dry_aug_00634.jpg,dry,train_aug
C:\DATN\skin-ai-project\ai\data\processed\skin_type\train\dry\dry_aug_00635.jpg,dry,train_aug
C:\DATN\skin-ai-project\ai\data\processed\skin_type\train\dry\dry_aug_00636.jpg,dry,train_aug
C:\DATN\skin-ai-project\ai\data\processed\skin_type\train\dry\dry_aug_00637.jpg,dry,train_aug
C:\DATN\skin-ai-project\ai\data\processed\skin_type\train\dry\dry_aug_00638.jpg,dry,train_aug
C:\DATN\skin-ai-project\ai\data\processed\skin_type\train\dry\dry_aug_00639.jpg,dry,train_aug
C:\DATN\skin-ai-project\ai\data\processed\skin_type\train\dry\dry_aug_00640.jpg,dry,train_aug
C:\DATN\skin-ai-project\ai\data\processed\skin_type\train\dry\dry_aug_00641.jpg,dry,train_aug
C:\DATN\skin-ai-project\ai\data\processed\skin_type\train\dry\dry_aug_00642.jpg,dry,train_aug
C:\DATN\skin-ai-project\ai\data\processed\skin_type\train\dry\dry_aug_00643.jpg,dry,train_aug
C:\DATN\skin-ai-project\ai\data\processed\skin_type\train\dry\dry_aug_00644.jpg,dry,train_aug
C:\DATN\skin-ai-project\ai\data\processed\skin_type\train\dry\dry_aug_00645.jpg,dry,train_aug
C:\DATN\skin-ai-project\ai\data\processed\skin_type\train\dry\dry_aug_00646.jpg,dry,train_aug
C:\DATN\skin-ai-project\ai\data\processed\skin_type\train\dry\dry_aug_00647.jpg,dry,train_aug
C:\DATN\skin-ai-project\ai\data\processed\skin_type\train\dry\dry_aug_00648.jpg,dry,train_aug
C:\DATN\skin-ai-project\ai\data\processed\skin_type\train\dry\dry_aug_00649.jpg,dry,train_aug
C:\DATN\skin-ai-project\ai\data\processed\skin_type\train\dry\dry_aug_00650.jpg,dry,train_aug
C:\DATN\skin-ai-project\ai\data\processed\skin_type\train\dry\dry_aug_00651.jpg,dry,train_aug
C:\DATN\skin-ai-project\ai\data\processed\skin_type\train\dry\dry_aug_00652.jpg,dry,train_aug
C:\DATN\skin-ai-project\ai\data\processed\skin_type\train\dry\dry_aug_00653.jpg,dry,train_aug
C:\DATN\skin-ai-project\ai\data\processed\skin_type\train\dry\dry_aug_00654.jpg,dry,train_aug
C:\DATN\skin-ai-project\ai\data\processed\skin_type\train\dry\dry_aug_00655.jpg,dry,train_aug
C:\DATN\skin-ai-project\ai\data\processed\skin_type\train\dry\dry_aug_00656.jpg,dry,train_aug
C:\DATN\skin-ai-project\ai\data\processed\skin_type\train\dry\dry_aug_00657.jpg,dry,train_aug
C:\DATN\skin-ai-project\ai\data\processed\skin_type\train\dry\dry_aug_00658.jpg,dry,train_aug
C:\DATN\skin-ai-project\ai\data\processed\skin_type\train\dry\dry_aug_00659.jpg,dry,train_aug
C:\DATN\skin-ai-project\ai\data\processed\skin_type\train\dry\dry_aug_00660.jpg,dry,train_aug
C:\DATN\skin-ai-project\ai\data\processed\skin_type\train\dry\dry_aug_00661.jpg,dry,train_aug
C:\DATN\skin-ai-project\ai\data\processed\skin_type\train\dry\dry_aug_00662.jpg,dry,train_aug
C:\DATN\skin-ai-project\ai\data\processed\skin_type\train\dry\dry_aug_00663.jpg,dry,train_aug
C:\DATN\skin-ai-project\ai\data\processed\skin_type\train\dry\dry_aug_00664.jpg,dry,train_aug
C:\DATN\skin-ai-project\ai\data\processed\skin_type\train\dry\dry_aug_00665.jpg,dry,train_aug
C:\DATN\skin-ai-project\ai\data\processed\skin_type\train\dry\dry_aug_00666.jpg,dry,train_aug
C:\DATN\skin-ai-project\ai\data\processed\skin_type\train\dry\dry_aug_00667.jpg,dry,train_aug
C:\DATN\skin-ai-project\ai\data\processed\skin_type\train\dry\dry_aug_00668.jpg,dry,train_aug
C:\DATN\skin-ai-project\ai\data\processed\skin_type\train\dry\dry_aug_00669.jpg,dry,train_aug
C:\DATN\skin-ai-project\ai\data\processed\skin_type\train\dry\dry_aug_00670.jpg,dry,train_aug
C:\DATN\skin-ai-project\ai\data\processed\skin_type\train\dry\dry_aug_00671.jpg,dry,train_aug
C:\DATN\skin-ai-project\ai\data\processed\skin_type\train\dry\dry_aug_00672.jpg,dry,train_aug
C:\DATN\skin-ai-project\ai\data\processed\skin_type\train\dry\dry_aug_00673.jpg,dry,train_aug
C:\DATN\skin-ai-project\ai\data\processed\skin_type\train\dry\dry_aug_00674.jpg,dry,train_aug
C:\DATN\skin-ai-project\ai\data\processed\skin_type\train\dry\dry_aug_00675.jpg,dry,train_aug
C:\DATN\skin-ai-project\ai\data\processed\skin_type\train\dry\dry_aug_00676.jpg,dry,train_aug
C:\DATN\skin-ai-project\ai\data\processed\skin_type\train\dry\dry_aug_00677.jpg,dry,train_aug
C:\DATN\skin-ai-project\ai\data\processed\skin_type\train\dry\dry_aug_00678.jpg,dry,train_aug
C:\DATN\skin-ai-project\ai\data\processed\skin_type\train\dry\dry_aug_00679.jpg,dry,train_aug
C:\DATN\skin-ai-project\ai\data\processed\skin_type\train\dry\dry_aug_00680.jpg,dry,train_aug
C:\DATN\skin-ai-project\ai\data\processed\skin_type\train\dry\dry_aug_00681.jpg,dry,train_aug
C:\DATN\skin-ai-project\ai\data\processed\skin_type\train\dry\dry_aug_00682.jpg,dry,train_aug
C:\DATN\skin-ai-project\ai\data\processed\skin_type\train\dry\dry_aug_00683.jpg,dry,train_aug
C:\DATN\skin-ai-project\ai\data\processed\skin_type\train\dry\dry_aug_00684.jpg,dry,train_aug
C:\DATN\skin-ai-project\ai\data\processed\skin_type\train\dry\dry_aug_00685.jpg,dry,train_aug
C:\DATN\skin-ai-project\ai\data\processed\skin_type\train\dry\dry_aug_00686.jpg,dry,train_aug
C:\DATN\skin-ai-project\ai\data\processed\skin_type\train\dry\dry_aug_00687.jpg,dry,train_aug
C:\DATN\skin-ai-project\ai\data\processed\skin_type\train\dry\dry_aug_00688.jpg,dry,train_aug
C:\DATN\skin-ai-project\ai\data\processed\skin_type\train\dry\dry_aug_00689.jpg,dry,train_aug
C:\DATN\skin-ai-project\ai\data\processed\skin_type\train\dry\dry_aug_00690.jpg,dry,train_aug
C:\DATN\skin-ai-project\ai\data\processed\skin_type\train\dry\dry_aug_00691.jpg,dry,train_aug
C:\DATN\skin-ai-project\ai\data\processed\skin_type\train\dry\dry_aug_00692.jpg,dry,train_aug
C:\DATN\skin-ai-project\ai\data\processed\skin_type\train\dry\dry_aug_00693.jpg,dry,train_aug
C:\DATN\skin-ai-project\ai\data\processed\skin_type\train\dry\dry_aug_00694.jpg,dry,train_aug
C:\DATN\skin-ai-project\ai\data\processed\skin_type\train\dry\dry_aug_00695.jpg,dry,train_aug
C:\DATN\skin-ai-project\ai\data\processed\skin_type\train\dry\dry_aug_00696.jpg,dry,train_aug
C:\DATN\skin-ai-project\ai\data\processed\skin_type\train\dry\dry_aug_00697.jpg,dry,train_aug
C:\DATN\skin-ai-project\ai\data\processed\skin_type\train\dry\dry_aug_00698.jpg,dry,train_aug
C:\DATN\skin-ai-project\ai\data\processed\skin_type\train\dry\dry_aug_00699.jpg,dry,train_aug
C:\DATN\skin-ai-project\ai\data\processed\skin_type\train\dry\dry_aug_00700.jpg,dry,train_aug
C:\DATN\skin-ai-project\ai\data\processed\skin_type\train\dry\dry_aug_00701.jpg,dry,train_aug
C:\DATN\skin-ai-project\ai\data\processed\skin_type\train\dry\dry_aug_00702.jpg,dry,train_aug
C:\DATN\skin-ai-project\ai\data\processed\skin_type\train\dry\dry_aug_00703.jpg,dry,train_aug
C:\DATN\skin-ai-project\ai\data\processed\skin_type\train\dry\dry_aug_00704.jpg,dry,train_aug
C:\DATN\skin-ai-project\ai\data\processed\skin_type\train\dry\dry_aug_00705.jpg,dry,train_aug
C:\DATN\skin-ai-project\ai\data\processed\skin_type\train\dry\dry_aug_00706.jpg,dry,train_aug
C:\DATN\skin-ai-project\ai\data\processed\skin_type\train\dry\dry_aug_00707.jpg,dry,train_aug
C:\DATN\skin-ai-project\ai\data\processed\skin_type\train\dry\dry_aug_00708.jpg,dry,train_aug
C:\DATN\skin-ai-project\ai\data\processed\skin_type\train\dry\dry_aug_00709.jpg,dry,train_aug
C:\DATN\skin-ai-project\ai\data\processed\skin_type\train\dry\dry_aug_00710.jpg,dry,train_aug
C:\DATN\skin-ai-project\ai\data\processed\skin_type\train\dry\dry_aug_00711.jpg,dry,train_aug
C:\DATN\skin-ai-project\ai\data\processed\skin_type\train\dry\dry_aug_00712.jpg,dry,train_aug
C:\DATN\skin-ai-project\ai\data\processed\skin_type\train\dry\dry_aug_00713.jpg,dry,train_aug
C:\DATN\skin-ai-project\ai\data\processed\skin_type\train\dry\dry_aug_00714.jpg,dry,train_aug
C:\DATN\skin-ai-project\ai\data\processed\skin_type\train\dry\dry_aug_00715.jpg,dry,train_aug
C:\DATN\skin-ai-project\ai\data\processed\skin_type\train\dry\dry_aug_00716.jpg,dry,train_aug
C:\DATN\skin-ai-project\ai\data\processed\skin_type\train\dry\dry_aug_00717.jpg,dry,train_aug
C:\DATN\skin-ai-project\ai\data\processed\skin_type\train\dry\dry_aug_00718.jpg,dry,train_aug
C:\DATN\skin-ai-project\ai\data\processed\skin_type\train\dry\dry_aug_00719.jpg,dry,train_aug
C:\DATN\skin-ai-project\ai\data\processed\skin_type\train\dry\dry_aug_00720.jpg,dry,train_aug
C:\DATN\skin-ai-project\ai\data\processed\skin_type\train\dry\dry_aug_00721.jpg,dry,train_aug
C:\DATN\skin-ai-project\ai\data\processed\skin_type\train\dry\dry_aug_00722.jpg,dry,train_aug
C:\DATN\skin-ai-project\ai\data\processed\skin_type\train\dry\dry_aug_00723.jpg,dry,train_aug
C:\DATN\skin-ai-project\ai\data\processed\skin_type\train\dry\dry_aug_00724.jpg,dry,train_aug
C:\DATN\skin-ai-project\ai\data\processed\skin_type\train\dry\dry_aug_00725.jpg,dry,train_aug
C:\DATN\skin-ai-project\ai\data\processed\skin_type\train\dry\dry_aug_00726.jpg,dry,train_aug
C:\DATN\skin-ai-project\ai\data\processed\skin_type\train\dry\dry_aug_00727.jpg,dry,train_aug
C:\DATN\skin-ai-project\ai\data\processed\skin_type\train\dry\dry_aug_00728.jpg,dry,train_aug
C:\DATN\skin-ai-project\ai\data\processed\skin_type\train\dry\dry_aug_00729.jpg,dry,train_aug
C:\DATN\skin-ai-project\ai\data\processed\skin_type\train\dry\dry_aug_00730.jpg,dry,train_aug
C:\DATN\skin-ai-project\ai\data\processed\skin_type\train\dry\dry_aug_00731.jpg,dry,train_aug
C:\DATN\skin-ai-project\ai\data\processed\skin_type\train\dry\dry_aug_00732.jpg,dry,train_aug
C:\DATN\skin-ai-project\ai\data\processed\skin_type\train\dry\dry_aug_00733.jpg,dry,train_aug
C:\DATN\skin-ai-project\ai\data\processed\skin_type\train\dry\dry_aug_00734.jpg,dry,train_aug
C:\DATN\skin-ai-project\ai\data\processed\skin_type\train\dry\dry_aug_00735.jpg,dry,train_aug
C:\DATN\skin-ai-project\ai\data\processed\skin_type\train\dry\dry_aug_00736.jpg,dry,train_aug
C:\DATN\skin-ai-project\ai\data\processed\skin_type\train\dry\dry_aug_00737.jpg,dry,train_aug
C:\DATN\skin-ai-project\ai\data\processed\skin_type\train\dry\dry_aug_00738.jpg,dry,train_aug
C:\DATN\skin-ai-project\ai\data\processed\skin_type\train\dry\dry_aug_00739.jpg,dry,train_aug
C:\DATN\skin-ai-project\ai\data\processed\skin_type\train\dry\dry_aug_00740.jpg,dry,train_aug
C:\DATN\skin-ai-project\ai\data\processed\skin_type\train\dry\dry_aug_00741.jpg,dry,train_aug
C:\DATN\skin-ai-project\ai\data\processed\skin_type\train\dry\dry_aug_00742.jpg,dry,train_aug
C:\DATN\skin-ai-project\ai\data\processed\skin_type\train\dry\dry_aug_00743.jpg,dry,train_aug
C:\DATN\skin-ai-project\ai\data\processed\skin_type\train\dry\dry_aug_00744.jpg,dry,train_aug
C:\DATN\skin-ai-project\ai\data\processed\skin_type\train\dry\dry_aug_00745.jpg,dry,train_aug
C:\DATN\skin-ai-project\ai\data\processed\skin_type\train\dry\dry_aug_00746.jpg,dry,train_aug
C:\DATN\skin-ai-project\ai\data\processed\skin_type\train\dry\dry_aug_00747.jpg,dry,train_aug
C:\DATN\skin-ai-project\ai\data\processed\skin_type\train\dry\dry_aug_00748.jpg,dry,train_aug
C:\DATN\skin-ai-project\ai\data\processed\skin_type\train\dry\dry_aug_00749.jpg,dry,train_aug
C:\DATN\skin-ai-project\ai\data\processed\skin_type\train\dry\dry_aug_00750.jpg,dry,train_aug
C:\DATN\skin-ai-project\ai\data\processed\skin_type\train\dry\dry_aug_00751.jpg,dry,train_aug
C:\DATN\skin-ai-project\ai\data\processed\skin_type\train\dry\dry_aug_00752.jpg,dry,train_aug
C:\DATN\skin-ai-project\ai\data\processed\skin_type\train\dry\dry_aug_00753.jpg,dry,train_aug
C:\DATN\skin-ai-project\ai\data\processed\skin_type\train\dry\dry_aug_00754.jpg,dry,train_aug
C:\DATN\skin-ai-project\ai\data\processed\skin_type\train\dry\dry_aug_00755.jpg,dry,train_aug
C:\DATN\skin-ai-project\ai\data\processed\skin_type\train\dry\dry_aug_00756.jpg,dry,train_aug
C:\DATN\skin-ai-project\ai\data\processed\skin_type\train\dry\dry_aug_00757.jpg,dry,train_aug
C:\DATN\skin-ai-project\ai\data\processed\skin_type\train\dry\dry_aug_00758.jpg,dry,train_aug
C:\DATN\skin-ai-project\ai\data\processed\skin_type\train\dry\dry_aug_00759.jpg,dry,train_aug
C:\DATN\skin-ai-project\ai\data\processed\skin_type\train\dry\dry_aug_00760.jpg,dry,train_aug
C:\DATN\skin-ai-project\ai\data\processed\skin_type\train\dry\dry_aug_00761.jpg,dry,train_aug
C:\DATN\skin-ai-project\ai\data\processed\skin_type\train\dry\dry_aug_00762.jpg,dry,train_aug
C:\DATN\skin-ai-project\ai\data\processed\skin_type\train\dry\dry_aug_00763.jpg,dry,train_aug
C:\DATN\skin-ai-project\ai\data\processed\skin_type\train\dry\dry_aug_00764.jpg,dry,train_aug
C:\DATN\skin-ai-project\ai\data\processed\skin_type\train\dry\dry_aug_00765.jpg,dry,train_aug
C:\DATN\skin-ai-project\ai\data\processed\skin_type\train\dry\dry_aug_00766.jpg,dry,train_aug
C:\DATN\skin-ai-project\ai\data\processed\skin_type\train\dry\dry_aug_00767.jpg,dry,train_aug
C:\DATN\skin-ai-project\ai\data\processed\skin_type\train\dry\dry_aug_00768.jpg,dry,train_aug
C:\DATN\skin-ai-project\ai\data\processed\skin_type\train\dry\dry_aug_00769.jpg,dry,train_aug
C:\DATN\skin-ai-project\ai\data\processed\skin_type\train\dry\dry_aug_00770.jpg,dry,train_aug
C:\DATN\skin-ai-project\ai\data\processed\skin_type\train\dry\dry_aug_00771.jpg,dry,train_aug
C:\DATN\skin-ai-project\ai\data\processed\skin_type\train\dry\dry_aug_00772.jpg,dry,train_aug
C:\DATN\skin-ai-project\ai\data\processed\skin_type\train\dry\dry_aug_00773.jpg,dry,train_aug
C:\DATN\skin-ai-project\ai\data\processed\skin_type\train\dry\dry_aug_00774.jpg,dry,train_aug
C:\DATN\skin-ai-project\ai\data\processed\skin_type\train\dry\dry_aug_00775.jpg,dry,train_aug
C:\DATN\skin-ai-project\ai\data\processed\skin_type\train\dry\dry_aug_00776.jpg,dry,train_aug
C:\DATN\skin-ai-project\ai\data\processed\skin_type\train\dry\dry_aug_00777.jpg,dry,train_aug
C:\DATN\skin-ai-project\ai\data\processed\skin_type\train\dry\dry_aug_00778.jpg,dry,train_aug
C:\DATN\skin-ai-project\ai\data\processed\skin_type\train\dry\dry_aug_00779.jpg,dry,train_aug
C:\DATN\skin-ai-project\ai\data\processed\skin_type\train\dry\dry_aug_00780.jpg,dry,train_aug
C:\DATN\skin-ai-project\ai\data\processed\skin_type\train\dry\dry_aug_00781.jpg,dry,train_aug
C:\DATN\skin-ai-project\ai\data\processed\skin_type\train\dry\dry_aug_00782.jpg,dry,train_aug
C:\DATN\skin-ai-project\ai\data\processed\skin_type\train\dry\dry_aug_00783.jpg,dry,train_aug
C:\DATN\skin-ai-project\ai\data\processed\skin_type\train\dry\dry_aug_00784.jpg,dry,train_aug
C:\DATN\skin-ai-project\ai\data\processed\skin_type\train\dry\dry_aug_00785.jpg,dry,train_aug
C:\DATN\skin-ai-project\ai\data\processed\skin_type\train\dry\dry_aug_00786.jpg,dry,train_aug
C:\DATN\skin-ai-project\ai\data\processed\skin_type\train\dry\dry_aug_00787.jpg,dry,train_aug
C:\DATN\skin-ai-project\ai\data\processed\skin_type\train\dry\dry_aug_00788.jpg,dry,train_aug
C:\DATN\skin-ai-project\ai\data\processed\skin_type\train\dry\dry_aug_00789.jpg,dry,train_aug
C:\DATN\skin-ai-project\ai\data\processed\skin_type\train\dry\dry_aug_00790.jpg,dry,train_aug
C:\DATN\skin-ai-project\ai\data\processed\skin_type\train\dry\dry_aug_00791.jpg,dry,train_aug
C:\DATN\skin-ai-project\ai\data\processed\skin_type\train\dry\dry_aug_00792.jpg,dry,train_aug
C:\DATN\skin-ai-project\ai\data\processed\skin_type\train\dry\dry_aug_00793.jpg,dry,train_aug
C:\DATN\skin-ai-project\ai\data\processed\skin_type\train\dry\dry_aug_00794.jpg,dry,train_aug
C:\DATN\skin-ai-project\ai\data\processed\skin_type\train\dry\dry_aug_00795.jpg,dry,train_aug
C:\DATN\skin-ai-project\ai\data\processed\skin_type\train\dry\dry_aug_00796.jpg,dry,train_aug
C:\DATN\skin-ai-project\ai\data\processed\skin_type\train\dry\dry_aug_00797.jpg,dry,train_aug
C:\DATN\skin-ai-project\ai\data\processed\skin_type\train\dry\dry_aug_00798.jpg,dry,train_aug
C:\DATN\skin-ai-project\ai\data\processed\skin_type\train\dry\dry_aug_00799.jpg,dry,train_aug
C:\DATN\skin-ai-project\ai\data\processed\skin_type\train\dry\dry_aug_00800.jpg,dry,train_aug
C:\DATN\skin-ai-project\ai\data\processed\skin_type\train\dry\dry_aug_00801.jpg,dry,train_aug
C:\DATN\skin-ai-project\ai\data\processed\skin_type\train\dry\dry_aug_00802.jpg,dry,train_aug
C:\DATN\skin-ai-project\ai\data\processed\skin_type\train\dry\dry_aug_00803.jpg,dry,train_aug
C:\DATN\skin-ai-project\ai\data\processed\skin_type\train\dry\dry_aug_00804.jpg,dry,train_aug
C:\DATN\skin-ai-project\ai\data\processed\skin_type\train\dry\dry_aug_00805.jpg,dry,train_aug
C:\DATN\skin-ai-project\ai\data\processed\skin_type\train\dry\dry_aug_00806.jpg,dry,train_aug
C:\DATN\skin-ai-project\ai\data\processed\skin_type\train\dry\dry_aug_00807.jpg,dry,train_aug
C:\DATN\skin-ai-project\ai\data\processed\skin_type\train\dry\dry_aug_00808.jpg,dry,train_aug
C:\DATN\skin-ai-project\ai\data\processed\skin_type\train\dry\dry_aug_00809.jpg,dry,train_aug
C:\DATN\skin-ai-project\ai\data\processed\skin_type\train\dry\dry_aug_00810.jpg,dry,train_aug
C:\DATN\skin-ai-project\ai\data\processed\skin_type\train\dry\dry_aug_00811.jpg,dry,train_aug
C:\DATN\skin-ai-project\ai\data\processed\skin_type\train\dry\dry_aug_00812.jpg,dry,train_aug
C:\DATN\skin-ai-project\ai\data\processed\skin_type\train\dry\dry_aug_00813.jpg,dry,train_aug
C:\DATN\skin-ai-project\ai\data\processed\skin_type\train\dry\dry_aug_00814.jpg,dry,train_aug
C:\DATN\skin-ai-project\ai\data\processed\skin_type\train\dry\dry_aug_00815.jpg,dry,train_aug
C:\DATN\skin-ai-project\ai\data\processed\skin_type\train\dry\dry_aug_00816.jpg,dry,train_aug
C:\DATN\skin-ai-project\ai\data\processed\skin_type\train\dry\dry_aug_00817.jpg,dry,train_aug
C:\DATN\skin-ai-project\ai\data\processed\skin_type\train\dry\dry_aug_00818.jpg,dry,train_aug
C:\DATN\skin-ai-project\ai\data\processed\skin_type\train\dry\dry_aug_00819.jpg,dry,train_aug
C:\DATN\skin-ai-project\ai\data\processed\skin_type\train\dry\dry_aug_00820.jpg,dry,train_aug
C:\DATN\skin-ai-project\ai\data\processed\skin_type\train\dry\dry_aug_00821.jpg,dry,train_aug
C:\DATN\skin-ai-project\ai\data\processed\skin_type\train\dry\dry_aug_00822.jpg,dry,train_aug
C:\DATN\skin-ai-project\ai\data\processed\skin_type\train\dry\dry_aug_00823.jpg,dry,train_aug
C:\DATN\skin-ai-project\ai\data\processed\skin_type\train\dry\dry_aug_00824.jpg,dry,train_aug
C:\DATN\skin-ai-project\ai\data\processed\skin_type\train\dry\dry_aug_00825.jpg,dry,train_aug
C:\DATN\skin-ai-project\ai\data\processed\skin_type\train\dry\dry_aug_00826.jpg,dry,train_aug
C:\DATN\skin-ai-project\ai\data\processed\skin_type\train\dry\dry_aug_00827.jpg,dry,train_aug
C:\DATN\skin-ai-project\ai\data\processed\skin_type\train\dry\dry_aug_00828.jpg,dry,train_aug
C:\DATN\skin-ai-project\ai\data\processed\skin_type\train\dry\dry_aug_00829.jpg,dry,train_aug
C:\DATN\skin-ai-project\ai\data\processed\skin_type\train\dry\dry_aug_00830.jpg,dry,train_aug
C:\DATN\skin-ai-project\ai\data\processed\skin_type\train\dry\dry_aug_00831.jpg,dry,train_aug
C:\DATN\skin-ai-project\ai\data\processed\skin_type\train\dry\dry_aug_00832.jpg,dry,train_aug
C:\DATN\skin-ai-project\ai\data\processed\skin_type\train\dry\dry_aug_00833.jpg,dry,train_aug
C:\DATN\skin-ai-project\ai\data\processed\skin_type\train\dry\dry_aug_00834.jpg,dry,train_aug
C:\DATN\skin-ai-project\ai\data\processed\skin_type\train\dry\dry_aug_00835.jpg,dry,train_aug
C:\DATN\skin-ai-project\ai\data\processed\skin_type\train\dry\dry_aug_00836.jpg,dry,train_aug
C:\DATN\skin-ai-project\ai\data\processed\skin_type\train\dry\dry_aug_00837.jpg,dry,train_aug
C:\DATN\skin-ai-project\ai\data\processed\skin_type\train\dry\dry_aug_00838.jpg,dry,train_aug
C:\DATN\skin-ai-project\ai\data\processed\skin_type\train\dry\dry_aug_00839.jpg,dry,train_aug
C:\DATN\skin-ai-project\ai\data\processed\skin_type\train\dry\dry_aug_00840.jpg,dry,train_aug
C:\DATN\skin-ai-project\ai\data\processed\skin_type\train\dry\dry_aug_00841.jpg,dry,train_aug
C:\DATN\skin-ai-project\ai\data\processed\skin_type\train\dry\dry_aug_00842.jpg,dry,train_aug
C:\DATN\skin-ai-project\ai\data\processed\skin_type\train\dry\dry_aug_00843.jpg,dry,train_aug
C:\DATN\skin-ai-project\ai\data\processed\skin_type\train\dry\dry_aug_00844.jpg,dry,train_aug
C:\DATN\skin-ai-project\ai\data\processed\skin_type\train\dry\dry_aug_00845.jpg,dry,train_aug
C:\DATN\skin-ai-project\ai\data\processed\skin_type\train\dry\dry_aug_00846.jpg,dry,train_aug
C:\DATN\skin-ai-project\ai\data\processed\skin_type\train\dry\dry_aug_00847.jpg,dry,train_aug
C:\DATN\skin-ai-project\ai\data\processed\skin_type\train\dry\dry_aug_00848.jpg,dry,train_aug
C:\DATN\skin-ai-project\ai\data\processed\skin_type\train\dry\dry_aug_00849.jpg,dry,train_aug
C:\DATN\skin-ai-project\ai\data\processed\skin_type\train\dry\dry_aug_00850.jpg,dry,train_aug
C:\DATN\skin-ai-project\ai\data\processed\skin_type\train\dry\dry_aug_00851.jpg,dry,train_aug
C:\DATN\skin-ai-project\ai\data\processed\skin_type\train\dry\dry_aug_00852.jpg,dry,train_aug
C:\DATN\skin-ai-project\ai\data\processed\skin_type\train\dry\dry_aug_00853.jpg,dry,train_aug
C:\DATN\skin-ai-project\ai\data\processed\skin_type\train\dry\dry_aug_00854.jpg,dry,train_aug
C:\DATN\skin-ai-project\ai\data\processed\skin_type\train\dry\dry_aug_00855.jpg,dry,train_aug
C:\DATN\skin-ai-project\ai\data\processed\skin_type\train\dry\dry_aug_00856.jpg,dry,train_aug
C:\DATN\skin-ai-project\ai\data\processed\skin_type\train\dry\dry_aug_00857.jpg,dry,train_aug
C:\DATN\skin-ai-project\ai\data\processed\skin_type\train\dry\dry_aug_00858.jpg,dry,train_aug
C:\DATN\skin-ai-project\ai\data\processed\skin_type\train\dry\dry_aug_00859.jpg,dry,train_aug
C:\DATN\skin-ai-project\ai\data\processed\skin_type\train\dry\dry_aug_00860.jpg,dry,train_aug
C:\DATN\skin-ai-project\ai\data\processed\skin_type\train\dry\dry_aug_00861.jpg,dry,train_aug
C:\DATN\skin-ai-project\ai\data\processed\skin_type\train\dry\dry_aug_00862.jpg,dry,train_aug
C:\DATN\skin-ai-project\ai\data\processed\skin_type\train\dry\dry_aug_00863.jpg,dry,train_aug
C:\DATN\skin-ai-project\ai\data\processed\skin_type\train\dry\dry_aug_00864.jpg,dry,train_aug
C:\DATN\skin-ai-project\ai\data\processed\skin_type\train\dry\dry_aug_00865.jpg,dry,train_aug
C:\DATN\skin-ai-project\ai\data\processed\skin_type\train\dry\dry_aug_00866.jpg,dry,train_aug
C:\DATN\skin-ai-project\ai\data\processed\skin_type\train\dry\dry_aug_00867.jpg,dry,train_aug
C:\DATN\skin-ai-project\ai\data\processed\skin_type\train\dry\dry_aug_00868.jpg,dry,train_aug
C:\DATN\skin-ai-project\ai\data\processed\skin_type\train\dry\dry_aug_00869.jpg,dry,train_aug
C:\DATN\skin-ai-project\ai\data\processed\skin_type\train\dry\dry_aug_00870.jpg,dry,train_aug
C:\DATN\skin-ai-project\ai\data\processed\skin_type\train\dry\dry_aug_00871.jpg,dry,train_aug
C:\DATN\skin-ai-project\ai\data\processed\skin_type\train\dry\dry_aug_00872.jpg,dry,train_aug
C:\DATN\skin-ai-project\ai\data\processed\skin_type\train\dry\dry_aug_00873.jpg,dry,train_aug
C:\DATN\skin-ai-project\ai\data\processed\skin_type\train\dry\dry_aug_00874.jpg,dry,train_aug
C:\DATN\skin-ai-project\ai\data\processed\skin_type\train\dry\dry_aug_00875.jpg,dry,train_aug
C:\DATN\skin-ai-project\ai\data\processed\skin_type\train\dry\dry_aug_00876.jpg,dry,train_aug
C:\DATN\skin-ai-project\ai\data\processed\skin_type\train\dry\dry_aug_00877.jpg,dry,train_aug
C:\DATN\skin-ai-project\ai\data\processed\skin_type\train\dry\dry_aug_00878.jpg,dry,train_aug
C:\DATN\skin-ai-project\ai\data\processed\skin_type\train\dry\dry_aug_00879.jpg,dry,train_aug
C:\DATN\skin-ai-project\ai\data\processed\skin_type\train\dry\dry_aug_00880.jpg,dry,train_aug
C:\DATN\skin-ai-project\ai\data\processed\skin_type\train\dry\dry_aug_00881.jpg,dry,train_aug
C:\DATN\skin-ai-project\ai\data\processed\skin_type\train\dry\dry_aug_00882.jpg,dry,train_aug
C:\DATN\skin-ai-project\ai\data\processed\skin_type\train\dry\dry_aug_00883.jpg,dry,train_aug
C:\DATN\skin-ai-project\ai\data\processed\skin_type\train\dry\dry_aug_00884.jpg,dry,train_aug
C:\DATN\skin-ai-project\ai\data\processed\skin_type\train\dry\dry_aug_00885.jpg,dry,train_aug
C:\DATN\skin-ai-project\ai\data\processed\skin_type\train\dry\dry_aug_00886.jpg,dry,train_aug
C:\DATN\skin-ai-project\ai\data\processed\skin_type\train\dry\dry_aug_00887.jpg,dry,train_aug
C:\DATN\skin-ai-project\ai\data\processed\skin_type\train\dry\dry_aug_00888.jpg,dry,train_aug
C:\DATN\skin-ai-project\ai\data\processed\skin_type\train\dry\dry_aug_00889.jpg,dry,train_aug
C:\DATN\skin-ai-project\ai\data\processed\skin_type\train\dry\dry_aug_00890.jpg,dry,train_aug
C:\DATN\skin-ai-project\ai\data\processed\skin_type\train\dry\dry_aug_00891.jpg,dry,train_aug
C:\DATN\skin-ai-project\ai\data\processed\skin_type\train\dry\dry_aug_00892.jpg,dry,train_aug
C:\DATN\skin-ai-project\ai\data\processed\skin_type\train\dry\dry_aug_00893.jpg,dry,train_aug
C:\DATN\skin-ai-project\ai\data\processed\skin_type\train\dry\dry_aug_00894.jpg,dry,train_aug
C:\DATN\skin-ai-project\ai\data\processed\skin_type\train\dry\dry_aug_00895.jpg,dry,train_aug
C:\DATN\skin-ai-project\ai\data\processed\skin_type\train\dry\dry_aug_00896.jpg,dry,train_aug
C:\DATN\skin-ai-project\ai\data\processed\skin_type\train\dry\dry_aug_00897.jpg,dry,train_aug
C:\DATN\skin-ai-project\ai\data\processed\skin_type\train\dry\dry_aug_00898.jpg,dry,train_aug
C:\DATN\skin-ai-project\ai\data\processed\skin_type\train\dry\dry_aug_00899.jpg,dry,train_aug
C:\DATN\skin-ai-project\ai\data\processed\skin_type\train\dry\dry_aug_00900.jpg,dry,train_aug
C:\DATN\skin-ai-project\ai\data\processed\skin_type\train\dry\dry_aug_00901.jpg,dry,train_aug
C:\DATN\skin-ai-project\ai\data\processed\skin_type\train\dry\dry_aug_00902.jpg,dry,train_aug
C:\DATN\skin-ai-project\ai\data\processed\skin_type\train\dry\dry_aug_00903.jpg,dry,train_aug
C:\DATN\skin-ai-project\ai\data\processed\skin_type\train\dry\dry_aug_00904.jpg,dry,train_aug
C:\DATN\skin-ai-project\ai\data\processed\skin_type\train\dry\dry_aug_00905.jpg,dry,train_aug
C:\DATN\skin-ai-project\ai\data\processed\skin_type\train\dry\dry_aug_00906.jpg,dry,train_aug
C:\DATN\skin-ai-project\ai\data\processed\skin_type\train\dry\dry_aug_00907.jpg,dry,train_aug
C:\DATN\skin-ai-project\ai\data\processed\skin_type\train\dry\dry_aug_00908.jpg,dry,train_aug
C:\DATN\skin-ai-project\ai\data\processed\skin_type\train\dry\dry_aug_00909.jpg,dry,train_aug
C:\DATN\skin-ai-project\ai\data\processed\skin_type\train\dry\dry_aug_00910.jpg,dry,train_aug
C:\DATN\skin-ai-project\ai\data\processed\skin_type\train\dry\dry_aug_00911.jpg,dry,train_aug
C:\DATN\skin-ai-project\ai\data\processed\skin_type\train\dry\dry_aug_00912.jpg,dry,train_aug
C:\DATN\skin-ai-project\ai\data\processed\skin_type\train\dry\dry_aug_00913.jpg,dry,train_aug
C:\DATN\skin-ai-project\ai\data\processed\skin_type\train\dry\dry_aug_00914.jpg,dry,train_aug
C:\DATN\skin-ai-project\ai\data\processed\skin_type\train\dry\dry_aug_00915.jpg,dry,train_aug
C:\DATN\skin-ai-project\ai\data\processed\skin_type\train\dry\dry_aug_00916.jpg,dry,train_aug
C:\DATN\skin-ai-project\ai\data\processed\skin_type\train\dry\dry_aug_00917.jpg,dry,train_aug
C:\DATN\skin-ai-project\ai\data\processed\skin_type\train\dry\dry_aug_00918.jpg,dry,train_aug
C:\DATN\skin-ai-project\ai\data\processed\skin_type\train\dry\dry_aug_00919.jpg,dry,train_aug
C:\DATN\skin-ai-project\ai\data\processed\skin_type\train\dry\dry_aug_00920.jpg,dry,train_aug
C:\DATN\skin-ai-project\ai\data\processed\skin_type\train\dry\dry_aug_00921.jpg,dry,train_aug
C:\DATN\skin-ai-project\ai\data\processed\skin_type\train\dry\dry_aug_00922.jpg,dry,train_aug
C:\DATN\skin-ai-project\ai\data\processed\skin_type\train\dry\dry_aug_00923.jpg,dry,train_aug
C:\DATN\skin-ai-project\ai\data\processed\skin_type\train\dry\dry_aug_00924.jpg,dry,train_aug
C:\DATN\skin-ai-project\ai\data\processed\skin_type\train\dry\dry_aug_00925.jpg,dry,train_aug
C:\DATN\skin-ai-project\ai\data\processed\skin_type\train\dry\dry_aug_00926.jpg,dry,train_aug
C:\DATN\skin-ai-project\ai\data\processed\skin_type\train\dry\dry_aug_00927.jpg,dry,train_aug
C:\DATN\skin-ai-project\ai\data\processed\skin_type\train\dry\dry_aug_00928.jpg,dry,train_aug
C:\DATN\skin-ai-project\ai\data\processed\skin_type\train\dry\dry_aug_00929.jpg,dry,train_aug
C:\DATN\skin-ai-project\ai\data\processed\skin_type\train\dry\dry_aug_00930.jpg,dry,train_aug
C:\DATN\skin-ai-project\ai\data\processed\skin_type\train\dry\dry_aug_00931.jpg,dry,train_aug
C:\DATN\skin-ai-project\ai\data\processed\skin_type\train\dry\dry_aug_00932.jpg,dry,train_aug
C:\DATN\skin-ai-project\ai\data\processed\skin_type\train\dry\dry_aug_00933.jpg,dry,train_aug
C:\DATN\skin-ai-project\ai\data\processed\skin_type\train\dry\dry_aug_00934.jpg,dry,train_aug
C:\DATN\skin-ai-project\ai\data\processed\skin_type\train\dry\dry_aug_00935.jpg,dry,train_aug
C:\DATN\skin-ai-project\ai\data\processed\skin_type\train\dry\dry_aug_00936.jpg,dry,train_aug
C:\DATN\skin-ai-project\ai\data\processed\skin_type\train\dry\dry_aug_00937.jpg,dry,train_aug
C:\DATN\skin-ai-project\ai\data\processed\skin_type\train\dry\dry_aug_00938.jpg,dry,train_aug
C:\DATN\skin-ai-project\ai\data\processed\skin_type\train\dry\dry_aug_00939.jpg,dry,train_aug
C:\DATN\skin-ai-project\ai\data\processed\skin_type\train\dry\dry_aug_00940.jpg,dry,train_aug
C:\DATN\skin-ai-project\ai\data\processed\skin_type\train\dry\dry_aug_00941.jpg,dry,train_aug
C:\DATN\skin-ai-project\ai\data\processed\skin_type\train\dry\dry_aug_00942.jpg,dry,train_aug
C:\DATN\skin-ai-project\ai\data\processed\skin_type\train\dry\dry_aug_00943.jpg,dry,train_aug
C:\DATN\skin-ai-project\ai\data\processed\skin_type\train\dry\dry_aug_00944.jpg,dry,train_aug
C:\DATN\skin-ai-project\ai\data\processed\skin_type\train\dry\dry_aug_00945.jpg,dry,train_aug
C:\DATN\skin-ai-project\ai\data\processed\skin_type\train\dry\dry_aug_00946.jpg,dry,train_aug
C:\DATN\skin-ai-project\ai\data\processed\skin_type\train\dry\dry_aug_00947.jpg,dry,train_aug
C:\DATN\skin-ai-project\ai\data\processed\skin_type\train\dry\dry_aug_00948.jpg,dry,train_aug
C:\DATN\skin-ai-project\ai\data\processed\skin_type\train\dry\dry_aug_00949.jpg,dry,train_aug
C:\DATN\skin-ai-project\ai\data\processed\skin_type\train\dry\dry_aug_00950.jpg,dry,train_aug
C:\DATN\skin-ai-project\ai\data\processed\skin_type\train\dry\dry_aug_00951.jpg,dry,train_aug
C:\DATN\skin-ai-project\ai\data\processed\skin_type\train\dry\dry_aug_00952.jpg,dry,train_aug
C:\DATN\skin-ai-project\ai\data\processed\skin_type\train\dry\dry_aug_00953.jpg,dry,train_aug
C:\DATN\skin-ai-project\ai\data\processed\skin_type\train\dry\dry_aug_00954.jpg,dry,train_aug
C:\DATN\skin-ai-project\ai\data\processed\skin_type\train\dry\dry_aug_00955.jpg,dry,train_aug
C:\DATN\skin-ai-project\ai\data\processed\skin_type\train\dry\dry_aug_00956.jpg,dry,train_aug
C:\DATN\skin-ai-project\ai\data\processed\skin_type\train\dry\dry_aug_00957.jpg,dry,train_aug
C:\DATN\skin-ai-project\ai\data\processed\skin_type\train\dry\dry_aug_00958.jpg,dry,train_aug
C:\DATN\skin-ai-project\ai\data\processed\skin_type\train\dry\dry_aug_00959.jpg,dry,train_aug
C:\DATN\skin-ai-project\ai\data\processed\skin_type\train\dry\dry_aug_00960.jpg,dry,train_aug
C:\DATN\skin-ai-project\ai\data\processed\skin_type\train\dry\dry_aug_00961.jpg,dry,train_aug
C:\DATN\skin-ai-project\ai\data\processed\skin_type\train\dry\dry_aug_00962.jpg,dry,train_aug
C:\DATN\skin-ai-project\ai\data\processed\skin_type\train\dry\dry_aug_00963.jpg,dry,train_aug
C:\DATN\skin-ai-project\ai\data\processed\skin_type\train\dry\dry_aug_00964.jpg,dry,train_aug
C:\DATN\skin-ai-project\ai\data\processed\skin_type\train\dry\dry_aug_00965.jpg,dry,train_aug
C:\DATN\skin-ai-project\ai\data\processed\skin_type\train\dry\dry_aug_00966.jpg,dry,train_aug
C:\DATN\skin-ai-project\ai\data\processed\skin_type\train\dry\dry_aug_00967.jpg,dry,train_aug
C:\DATN\skin-ai-project\ai\data\processed\skin_type\train\dry\dry_aug_00968.jpg,dry,train_aug
C:\DATN\skin-ai-project\ai\data\processed\skin_type\train\dry\dry_aug_00969.jpg,dry,train_aug
C:\DATN\skin-ai-project\ai\data\processed\skin_type\train\dry\dry_aug_00970.jpg,dry,train_aug
C:\DATN\skin-ai-project\ai\data\processed\skin_type\train\dry\dry_aug_00971.jpg,dry,train_aug
C:\DATN\skin-ai-project\ai\data\processed\skin_type\train\dry\dry_aug_00972.jpg,dry,train_aug
C:\DATN\skin-ai-project\ai\data\processed\skin_type\train\dry\dry_aug_00973.jpg,dry,train_aug
C:\DATN\skin-ai-project\ai\data\processed\skin_type\train\dry\dry_aug_00974.jpg,dry,train_aug
C:\DATN\skin-ai-project\ai\data\processed\skin_type\train\dry\dry_aug_00975.jpg,dry,train_aug
C:\DATN\skin-ai-project\ai\data\processed\skin_type\train\dry\dry_aug_00976.jpg,dry,train_aug
C:\DATN\skin-ai-project\ai\data\processed\skin_type\train\dry\dry_aug_00977.jpg,dry,train_aug
C:\DATN\skin-ai-project\ai\data\processed\skin_type\train\dry\dry_aug_00978.jpg,dry,train_aug
C:\DATN\skin-ai-project\ai\data\processed\skin_type\train\dry\dry_aug_00979.jpg,dry,train_aug
C:\DATN\skin-ai-project\ai\data\processed\skin_type\train\dry\dry_aug_00980.jpg,dry,train_aug
C:\DATN\skin-ai-project\ai\data\processed\skin_type\train\dry\dry_aug_00981.jpg,dry,train_aug
C:\DATN\skin-ai-project\ai\data\processed\skin_type\train\dry\dry_aug_00982.jpg,dry,train_aug
C:\DATN\skin-ai-project\ai\data\processed\skin_type\train\dry\dry_aug_00983.jpg,dry,train_aug
C:\DATN\skin-ai-project\ai\data\processed\skin_type\train\dry\dry_aug_00984.jpg,dry,train_aug
C:\DATN\skin-ai-project\ai\data\processed\skin_type\train\dry\dry_aug_00985.jpg,dry,train_aug
C:\DATN\skin-ai-project\ai\data\processed\skin_type\train\dry\dry_aug_00986.jpg,dry,train_aug
C:\DATN\skin-ai-project\ai\data\processed\skin_type\train\dry\dry_aug_00987.jpg,dry,train_aug
C:\DATN\skin-ai-project\ai\data\processed\skin_type\train\dry\dry_aug_00988.jpg,dry,train_aug
C:\DATN\skin-ai-project\ai\data\processed\skin_type\train\dry\dry_aug_00989.jpg,dry,train_aug
C:\DATN\skin-ai-project\ai\data\processed\skin_type\train\dry\dry_aug_00990.jpg,dry,train_aug
C:\DATN\skin-ai-project\ai\data\processed\skin_type\train\dry\dry_aug_00991.jpg,dry,train_aug
C:\DATN\skin-ai-project\ai\data\processed\skin_type\train\dry\dry_aug_00992.jpg,dry,train_aug
C:\DATN\skin-ai-project\ai\data\processed\skin_type\train\dry\dry_aug_00993.jpg,dry,train_aug
C:\DATN\skin-ai-project\ai\data\processed\skin_type\train\dry\dry_aug_00994.jpg,dry,train_aug
C:\DATN\skin-ai-project\ai\data\processed\skin_type\train\dry\dry_aug_00995.jpg,dry,train_aug
C:\DATN\skin-ai-project\ai\data\processed\skin_type\train\dry\dry_aug_00996.jpg,dry,train_aug
C:\DATN\skin-ai-project\ai\data\processed\skin_type\train\dry\dry_aug_00997.jpg,dry,train_aug
C:\DATN\skin-ai-project\ai\data\processed\skin_type\train\dry\dry_aug_00998.jpg,dry,train_aug
C:\DATN\skin-ai-project\ai\data\processed\skin_type\train\dry\dry_aug_00999.jpg,dry,train_aug
C:\DATN\skin-ai-project\ai\data\processed\skin_type\train\dry\dry_aug_01000.jpg,dry,train_aug
C:\DATN\skin-ai-project\ai\data\processed\skin_type\train\dry\dry_aug_01001.jpg,dry,train_aug
C:\DATN\skin-ai-project\ai\data\processed\skin_type\train\dry\dry_aug_01002.jpg,dry,train_aug
C:\DATN\skin-ai-project\ai\data\processed\skin_type\train\dry\dry_aug_01003.jpg,dry,train_aug
C:\DATN\skin-ai-project\ai\data\processed\skin_type\train\dry\dry_aug_01004.jpg,dry,train_aug
C:\DATN\skin-ai-project\ai\data\processed\skin_type\train\dry\dry_aug_01005.jpg,dry,train_aug
C:\DATN\skin-ai-project\ai\data\processed\skin_type\train\dry\dry_aug_01006.jpg,dry,train_aug
C:\DATN\skin-ai-project\ai\data\processed\skin_type\train\dry\dry_aug_01007.jpg,dry,train_aug
C:\DATN\skin-ai-project\ai\data\processed\skin_type\train\dry\dry_aug_01008.jpg,dry,train_aug
C:\DATN\skin-ai-project\ai\data\processed\skin_type\train\dry\dry_aug_01009.jpg,dry,train_aug
C:\DATN\skin-ai-project\ai\data\processed\skin_type\train\dry\dry_aug_01010.jpg,dry,train_aug
C:\DATN\skin-ai-project\ai\data\processed\skin_type\train\dry\dry_aug_01011.jpg,dry,train_aug
C:\DATN\skin-ai-project\ai\data\processed\skin_type\train\dry\dry_aug_01012.jpg,dry,train_aug
C:\DATN\skin-ai-project\ai\data\processed\skin_type\train\dry\dry_aug_01013.jpg,dry,train_aug
C:\DATN\skin-ai-project\ai\data\processed\skin_type\train\dry\dry_aug_01014.jpg,dry,train_aug
C:\DATN\skin-ai-project\ai\data\processed\skin_type\train\dry\dry_aug_01015.jpg,dry,train_aug
C:\DATN\skin-ai-project\ai\data\processed\skin_type\train\dry\dry_aug_01016.jpg,dry,train_aug
C:\DATN\skin-ai-project\ai\data\processed\skin_type\train\dry\dry_aug_01017.jpg,dry,train_aug
C:\DATN\skin-ai-project\ai\data\processed\skin_type\train\dry\dry_aug_01018.jpg,dry,train_aug
C:\DATN\skin-ai-project\ai\data\processed\skin_type\train\dry\dry_aug_01019.jpg,dry,train_aug
C:\DATN\skin-ai-project\ai\data\processed\skin_type\train\dry\dry_aug_01020.jpg,dry,train_aug
C:\DATN\skin-ai-project\ai\data\processed\skin_type\train\dry\dry_aug_01021.jpg,dry,train_aug
C:\DATN\skin-ai-project\ai\data\processed\skin_type\train\dry\dry_aug_01022.jpg,dry,train_aug
C:\DATN\skin-ai-project\ai\data\processed\skin_type\train\dry\dry_aug_01023.jpg,dry,train_aug
C:\DATN\skin-ai-project\ai\data\processed\skin_type\train\dry\dry_aug_01024.jpg,dry,train_aug
C:\DATN\skin-ai-project\ai\data\processed\skin_type\train\dry\dry_aug_01025.jpg,dry,train_aug
C:\DATN\skin-ai-project\ai\data\processed\skin_type\train\dry\dry_aug_01026.jpg,dry,train_aug
C:\DATN\skin-ai-project\ai\data\processed\skin_type\train\dry\dry_aug_01027.jpg,dry,train_aug
C:\DATN\skin-ai-project\ai\data\processed\skin_type\train\dry\dry_aug_01028.jpg,dry,train_aug
C:\DATN\skin-ai-project\ai\data\processed\skin_type\train\dry\dry_aug_01029.jpg,dry,train_aug
C:\DATN\skin-ai-project\ai\data\processed\skin_type\train\dry\dry_aug_01030.jpg,dry,train_aug
C:\DATN\skin-ai-project\ai\data\processed\skin_type\train\dry\dry_aug_01031.jpg,dry,train_aug
C:\DATN\skin-ai-project\ai\data\processed\skin_type\train\dry\dry_aug_01032.jpg,dry,train_aug
C:\DATN\skin-ai-project\ai\data\processed\skin_type\train\dry\dry_aug_01033.jpg,dry,train_aug
C:\DATN\skin-ai-project\ai\data\processed\skin_type\train\dry\dry_aug_01034.jpg,dry,train_aug
C:\DATN\skin-ai-project\ai\data\processed\skin_type\train\dry\dry_aug_01035.jpg,dry,train_aug
C:\DATN\skin-ai-project\ai\data\processed\skin_type\train\dry\dry_aug_01036.jpg,dry,train_aug
C:\DATN\skin-ai-project\ai\data\processed\skin_type\train\dry\dry_aug_01037.jpg,dry,train_aug
C:\DATN\skin-ai-project\ai\data\processed\skin_type\train\dry\dry_aug_01038.jpg,dry,train_aug
C:\DATN\skin-ai-project\ai\data\processed\skin_type\train\dry\dry_aug_01039.jpg,dry,train_aug
C:\DATN\skin-ai-project\ai\data\processed\skin_type\train\dry\dry_aug_01040.jpg,dry,train_aug
C:\DATN\skin-ai-project\ai\data\processed\skin_type\train\dry\dry_aug_01041.jpg,dry,train_aug
C:\DATN\skin-ai-project\ai\data\processed\skin_type\train\dry\dry_aug_01042.jpg,dry,train_aug
C:\DATN\skin-ai-project\ai\data\processed\skin_type\train\dry\dry_aug_01043.jpg,dry,train_aug
C:\DATN\skin-ai-project\ai\data\processed\skin_type\train\dry\dry_aug_01044.jpg,dry,train_aug
C:\DATN\skin-ai-project\ai\data\processed\skin_type\train\dry\dry_aug_01045.jpg,dry,train_aug
C:\DATN\skin-ai-project\ai\data\processed\skin_type\train\dry\dry_aug_01046.jpg,dry,train_aug
C:\DATN\skin-ai-project\ai\data\processed\skin_type\train\dry\dry_aug_01047.jpg,dry,train_aug
C:\DATN\skin-ai-project\ai\data\processed\skin_type\train\dry\dry_aug_01048.jpg,dry,train_aug
C:\DATN\skin-ai-project\ai\data\processed\skin_type\train\dry\dry_aug_01049.jpg,dry,train_aug
C:\DATN\skin-ai-project\ai\data\processed\skin_type\train\dry\dry_aug_01050.jpg,dry,train_aug
C:\DATN\skin-ai-project\ai\data\processed\skin_type\train\dry\dry_aug_01051.jpg,dry,train_aug
C:\DATN\skin-ai-project\ai\data\processed\skin_type\train\dry\dry_aug_01052.jpg,dry,train_aug
C:\DATN\skin-ai-project\ai\data\processed\skin_type\train\dry\dry_aug_01053.jpg,dry,train_aug
C:\DATN\skin-ai-project\ai\data\processed\skin_type\train\dry\dry_aug_01054.jpg,dry,train_aug
C:\DATN\skin-ai-project\ai\data\processed\skin_type\train\dry\dry_aug_01055.jpg,dry,train_aug
C:\DATN\skin-ai-project\ai\data\processed\skin_type\train\dry\dry_aug_01056.jpg,dry,train_aug
C:\DATN\skin-ai-project\ai\data\processed\skin_type\train\dry\dry_aug_01057.jpg,dry,train_aug
C:\DATN\skin-ai-project\ai\data\processed\skin_type\train\dry\dry_aug_01058.jpg,dry,train_aug
C:\DATN\skin-ai-project\ai\data\processed\skin_type\train\dry\dry_aug_01059.jpg,dry,train_aug
C:\DATN\skin-ai-project\ai\data\processed\skin_type\train\dry\dry_aug_01060.jpg,dry,train_aug
C:\DATN\skin-ai-project\ai\data\processed\skin_type\train\dry\dry_aug_01061.jpg,dry,train_aug
C:\DATN\skin-ai-project\ai\data\processed\skin_type\train\dry\dry_aug_01062.jpg,dry,train_aug
C:\DATN\skin-ai-project\ai\data\processed\skin_type\train\dry\dry_aug_01063.jpg,dry,train_aug
C:\DATN\skin-ai-project\ai\data\processed\skin_type\train\dry\dry_aug_01064.jpg,dry,train_aug
C:\DATN\skin-ai-project\ai\data\processed\skin_type\train\dry\dry_aug_01065.jpg,dry,train_aug
C:\DATN\skin-ai-project\ai\data\processed\skin_type\train\dry\dry_aug_01066.jpg,dry,train_aug
C:\DATN\skin-ai-project\ai\data\processed\skin_type\train\dry\dry_aug_01067.jpg,dry,train_aug
C:\DATN\skin-ai-project\ai\data\processed\skin_type\train\dry\dry_aug_01068.jpg,dry,train_aug
